-0.62842,-0.61963,-0.63281,-0.74414,-0.7998,-0.89502,-0.81787,-0.79834,-0.89258,-0.91748,-0.88574,-0.89941,-0.8623,-0.91699,-0.94971,-0.85156,-0.82373,-0.69971,-0.58008,-0.57373,-0.54395,-0.33301,-0.42334,0.22998,0.84717,1.0337,0.97119,1.1382,0.9292,0.75537,0.93457,0.94873,0.95166,0.92383,0.92236
0.69482,0.56738,0.49561,0.40283,0.40283,0.37207,0.45215,0.40869,0.34863,0.39209,0.39502,0.40088,0.40723,0.34814,0.39258,0.41553,0.37744,0.375,0.37354,0.47949,0.68896,0.78467,0.86035,1.0244,0.85791,0.74805,0.74463,0.35352,0.54248,0.4082,0.29297,0.2417,0.21387,0.25488,0.27832
0.23633,0.13525,0.03125,-0.084961,-0.13086,-0.18213,-0.18164,-0.21973,-0.26514,-0.20557,-0.19482,-0.16895,-0.16309,-0.35645,-0.27344,-0.17969,-0.14502,-0.11572,0.030762,0.066406,0.23242,0.35791,0.35303,0.48438,0.43018,0.4126,0.32275,0.12646,0.24561,0.2251,0.13721,0.09375,0.11475,0.14453,0.13574
-12,-15,18,52,3,13,1,-66,-9,1,-46,-11,27,19,11,-3,13,-41,-12,10,21,4,9,3,21,2,-5,-34,5,4,0,3,3,-2,-6
9,1,6,1,-3,16,-3,-13,1,12,-9,-6,-1,10,0,0,-1,-16,-8,0,6,-4,-1,-2,3,2,0,0,1,1,0,-2,-3,1,-3
10,1,-1,-3,-2,14,-1,-2,-3,7,-2,-2,-3,4,5,1,-3,-9,-3,0,3,-3,2,0,0,-2,1,-2,0,0,-1,1,-1,1,0
-8,-6,-4,-6,1,11,1,-3,-8,-3,-13,15,-2,1,7,0,4,-3,-4,-2,-1,-2,0,0,3,-1,-1,-3,0,0,-1,2,0,-2,1
-9,-6,-1,0,14,-3,-3,-7,-21,-8,-10,-6,-3,5,5,6,3,-6,-10,3,5,2,4,-1,1,-6,-2,5,-2,4,15,4,0,-5,14
13,-2,-11,-7,5,-15,-6,-4,-33,-4,-2,4,-11,8,10,-1,11,-2,-15,1,-2,8,-1,1,-2,-6,-17,-10,-2,-2,-28,-3,-9,-7,0
6,0,-5,9,1,3,-30,-19,-6,4,-3,6,4,8,3,6,11,-8,-6,4,2,0,-2,2,3,1,-3,-8,6,0,-7,-2,-2,-2,-2
8,-4,3,0,5,9,-11,-5,5,12,-19,9,-14,11,10,-4,-5,-16,-7,5,4,-3,0,3,11,1,-3,-7,2,2,-2,-4,6,0,-3
54.688,51.688,42.688,20.375,10.5,8.8125,0.1875,3.25,11.063,7.8125,3.875,0.5625,-5,-6.625,8.75,6.4375,0.25,-5.5,-36.438,-66.813,-71.5,-88.75,-79.875,4.4375,-62,29.563,0.375,36.125,14.313,-46.625,-0.875,25,-0.375,5.75,-1
54.688,51.688,42.688,20.375,10.5,8.8125,0.1875,3.25,11.063,7.8125,3.875,0.5625,-5,-6.625,8.75,6.4375,0.25,-5.5,-36.438,-66.813,-71.5,-88.75,-79.875,4.4375,-62,29.563,0.375,36.125,14.313,-46.625,-0.875,25,-0.375,5.75,-1
54.688,51.688,42.688,20.375,10.5,8.8125,0.1875,3.25,11.063,7.8125,3.875,0.5625,-5,-6.625,8.75,6.4375,0.25,-5.5,-36.438,-66.813,-71.5,-88.75,-79.875,4.4375,-62,29.563,0.375,36.125,14.313,-46.625,-0.875,25,-0.375,5.75,-1
7.2281,7.4383,7.6744,7.9236,8.0397,8.1295,8.1899,8.2948,8.3388,8.289,8.2405,8.2166,8.2557,8.3403,8.319,8.2139,8.1804,8.1021,7.8042,7.5213,7.2473,6.931,6.7695,6.747,6.7005,6.697,6.721,6.7588,6.7368,6.6262,6.7144,6.7486,6.7676,6.7577,6.7693
6.254,6.4647,6.6038,6.6921,6.7235,6.7445,6.749,6.7478,6.7496,6.761,6.7723,6.7797,6.771,6.7601,6.7688,6.7681,6.7629,6.7531,6.6784,6.5182,6.2415,5.6977,5.2135,4.6478,3.9576,3.562,3.3594,3.0747,2.9815,3.0251,3.0294,3.0243,3.014,3.0062,3.0066
3.8019,3.9723,4.1681,4.4001,4.5073,4.6015,4.6619,4.7784,4.8176,4.7459,4.6838,4.6549,4.7102,4.8159,4.781,4.6569,4.6163,4.5357,4.2749,4.0538,3.8456,3.6619,3.581,3.5181,3.478,3.4748,3.4671,3.4455,3.5975,3.6491,3.5544,3.5547,3.5461,3.5628,3.5609
0.9209,0.92236,0.91211,0.91406,0.95508,0.98975,1.0498,0.91406,0.6167,0.27783,0.034668,-0.31299,-0.41504,-0.53027,-0.59961,-0.69531,-0.83154,-0.86035,-0.85596,-0.81396,-0.92383,-0.93555,-0.89404,-0.9248,-0.9209,-0.88379,-0.90381,-0.89209,-0.90723,-0.88721,-0.75928,-0.71631,-0.69434,-0.73975,-0.52539
0.29004,0.29004,0.28369,0.2998,0.27979,0.47656,0.52832,0.88672,1,1.0093,1.0615,0.86475,0.67676,0.48682,0.39648,0.35107,0.33691,0.37109,0.40186,0.38379,0.24268,0.29102,0.28711,0.38574,0.36865,0.38184,0.30859,0.25342,0.30811,0.30469,0.31689,0.35645,0.46826,0.62744,0.71729
0.12744,0.13379,0.10449,0.11963,0.11621,0.025879,0.16846,0.45947,0.56738,0.54688,0.51318,0.42578,0.32031,0.14014,0.030273,-0.068359,-0.18359,-0.19434,-0.17334,-0.16748,-0.396,-0.29883,-0.23975,-0.18799,-0.21484,-0.21533,-0.28467,-0.34375,-0.26172,-0.19482,-0.14404,-0.13281,-0.036621,0.070313,0.21289
-17,-17,-6,1,7,7,33,16,62,-5,-6,-38,11,-19,95,-26,2,21,-50,10,26,7,16,21,10,11,41,27,15,-1,26,24,-9,-8,4
1,0,5,-3,1,-7,24,-5,-2,-23,-4,0,0,1,9,18,-5,8,6,2,8,6,4,-3,2,-4,9,-7,2,-1,4,4,-8,8,-2
4,3,1,-2,0,-6,17,3,4,-26,-8,0,1,-4,-3,20,-4,3,9,0,1,1,-1,-4,3,-2,1,-4,2,3,-1,0,-2,-1,-2
8,9,4,-2,-2,-4,8,-6,1,-2,3,0,5,-1,-2,4,0,0,1,-2,-4,1,2,-3,3,2,5,1,-2,11,-3,-1,0,-3,1
5,14,9,1,-1,-2,13,-5,14,-11,-9,8,5,-14,6,4,-7,0,7,11,-3,0,0,-2,1,8,-6,-3,-8,9,-10,-5,5,0,1
-1,20,9,0,4,-1,5,-3,-17,11,1,-1,20,-13,-14,-5,-8,-6,2,3,-1,-6,-5,5,4,-2,-4,-2,-6,-2,-13,-4,-3,-1,-4
0,0,-1,-2,3,0,7,-3,-6,0,-5,1,8,4,4,3,10,-60,21,32,7,-17,6,7,-6,16,-51,-2,-11,-10,-5,4,-1,-4,-1
-10,-2,5,-9,3,10,17,3,-7,-3,-10,3,-3,5,5,-9,11,4,-21,20,11,12,9,4,1,6,5,5,-4,-6,6,2,3,-5,-3
11.438,-3,0.3125,1.125,0.9375,-57.313,-34.625,-30.688,-0.3125,28.625,33.875,64.938,52.25,57.875,25.313,13.188,8.5,-2.375,-1.5,-13.938,-7.875,16.375,0.875,6.125,-2.8125,-10.688,-10.063,8,2.375,6.8125,-2.625,-9.0625,-14.688,-22.875,-15.813
11.438,-3,0.3125,1.125,0.9375,-57.313,-34.625,-30.688,-0.3125,28.625,33.875,64.938,52.25,57.875,25.313,13.188,8.5,-2.375,-1.5,-13.938,-7.875,16.375,0.875,6.125,-2.8125,-10.688,-10.063,8,2.375,6.8125,-2.625,-9.0625,-14.688,-22.875,-15.813
11.438,-3,0.3125,1.125,0.9375,-57.313,-34.625,-30.688,-0.3125,28.625,33.875,64.938,52.25,57.875,25.313,13.188,8.5,-2.375,-1.5,-13.938,-7.875,16.375,0.875,6.125,-2.8125,-10.688,-10.063,8,2.375,6.8125,-2.625,-9.0625,-14.688,-22.875,-15.813
6.8829,6.883,6.8874,6.8968,6.9002,6.8883,6.7312,6.6991,6.7059,6.7462,6.8014,6.9449,7.1417,7.4386,7.7679,8.0027,8.1966,8.2932,8.3075,8.4149,8.6844,8.6617,8.5292,8.4463,8.4169,8.4751,8.6024,8.6796,8.5846,8.4478,8.2167,7.9768,7.5973,7.3624,7.2088
3.0256,3.0254,3.02,3.015,3.0117,3.0341,3.1772,3.4503,4.0458,4.5987,5.1556,5.8361,6.2456,6.5311,6.6841,6.7469,6.7902,6.7975,6.7933,6.7908,6.7905,6.8092,6.8089,6.8078,6.8119,6.8134,6.817,6.8279,6.8386,6.8471,6.8229,6.7826,6.6188,6.4009,6.1546
3.571,3.5713,3.5728,3.5629,3.5571,3.5341,3.4988,3.4992,3.457,3.4298,3.4303,3.5201,3.693,3.9698,4.2808,4.5197,4.7165,4.809,4.8281,4.9632,5.2777,5.2321,5.0758,4.9709,4.9469,5.028,5.1848,5.2634,5.1415,4.9818,4.7325,4.48,4.09,3.8504,3.6788
-0.74805,-0.83887,-0.86914,-0.94092,-0.88379,-0.88818,-0.89941,-0.91357,-0.90869,-0.9248,-0.91211,-0.91455,-0.9209,-0.90039,-0.92725,-0.90088,-0.93506,-0.99121,-0.88623,-0.86865,-0.86475,-0.9707,-0.97949,-0.90283,-0.91016,-0.90674,-0.87646,-0.93408,-0.98389,-0.79736,-0.8418,-0.53809,-0.63184,-0.58203,-0.53516
0.45605,0.43896,0.3916,0.3877,0.3584,0.36377,0.36475,0.35986,0.36279,0.34814,0.36621,0.35791,0.35742,0.37549,0.35352,0.35156,0.34229,0.35889,0.39941,0.41309,0.38818,0.35742,0.2124,0.3335,0.37451,0.39453,0.39502,0.35156,0.19922,0.35498,0.32715,0.36475,0.35889,0.60107,0.67041
-0.07666,-0.14941,-0.18701,-0.19678,-0.2085,-0.20117,-0.21143,-0.21582,-0.22412,-0.20752,-0.21338,-0.21533,-0.2085,-0.20557,-0.21094,-0.21973,-0.23926,-0.21387,-0.16016,-0.12207,-0.13916,-0.25049,-0.37354,-0.21338,-0.14404,-0.12744,-0.15332,-0.20068,-0.39697,-0.1543,-0.13574,0.0043945,0.098145,0.078613,0.17529
-14,0,-71,1,-15,-15,40,76,-7,-5,-22,33,91,-20,39,6,-48,-29,10,27,9,4,3,12,54,4,3,-23,-25,-21,-13,8,-1,26,-1
-10,-7,-20,7,-9,-8,1,3,-4,13,3,3,-2,4,2,4,-6,-17,-5,13,-7,5,5,5,5,-7,-2,-12,-5,-8,1,1,-5,-2,-1
-3,-9,-8,5,-6,-3,-4,-3,-4,11,-2,1,-3,0,1,0,1,-10,-1,7,-5,0,4,3,2,-4,5,-2,-3,-6,2,-3,-4,5,-5
-4,-2,0,0,-2,-5,-10,-9,-3,2,0,1,-6,-3,-6,1,1,-5,-5,2,-7,1,4,4,0,-1,6,-1,-7,-2,-1,-3,-2,1,-4
7,-5,2,-9,-1,-6,-14,-13,3,-4,28,-2,3,1,-9,-7,2,-15,-10,2,-15,-4,17,1,5,-4,-1,-7,5,2,-6,0,-3,5,-11
15,-6,-7,-3,-1,2,0,3,-5,-6,-10,-3,-4,0,1,23,-11,-17,-7,0,1,0,4,2,0,-13,4,3,-8,0,-26,-16,-5,2,6
11,4,2,0,-3,1,3,0,-7,-10,-9,2,6,13,12,7,0,19,-4,0,-1,5,43,-8,-15,-2,4,-19,10,-1,-4,-6,-5,0,8
-13,7,-35,14,-25,6,10,2,-13,5,-7,14,20,3,15,9,-9,-8,0,3,24,-13,16,5,20,-5,0,2,-12,2,3,-8,6,32,12
11.5,9.0625,2.625,1.5625,6.5,1,0.75,0.25,1.875,0.25,-1.375,-0.875,-2.1875,-1.75,1.0625,1.4375,2.3125,3.875,3.625,-0.5,-8.8125,-12.875,8.1875,5.375,9.0625,0.375,-11.5,-11.625,-6.5625,-6.8125,6.375,-16.375,-50.563,-46.875,-48.938
11.5,9.0625,2.625,1.5625,6.5,1,0.75,0.25,1.875,0.25,-1.375,-0.875,-2.1875,-1.75,1.0625,1.4375,2.3125,3.875,3.625,-0.5,-8.8125,-12.875,8.1875,5.375,9.0625,0.375,-11.5,-11.625,-6.5625,-6.8125,6.375,-16.375,-50.563,-46.875,-48.938
11.5,9.0625,2.625,1.5625,6.5,1,0.75,0.25,1.875,0.25,-1.375,-0.875,-2.1875,-1.75,1.0625,1.4375,2.3125,3.875,3.625,-0.5,-8.8125,-12.875,8.1875,5.375,9.0625,0.375,-11.5,-11.625,-6.5625,-6.8125,6.375,-16.375,-50.563,-46.875,-48.938
7.9406,8.0647,8.1403,8.1976,8.2544,8.2866,8.3142,8.317,8.3118,8.3173,8.3279,8.3321,8.3353,8.3369,8.3419,8.3433,8.3436,8.3179,8.204,8.1765,8.2159,8.337,8.4157,8.3097,8.2389,8.1984,8.2232,8.3311,8.4318,8.3081,8.2311,7.8835,7.5156,7.2197,7.0032
6.7113,6.7485,6.7702,6.7855,6.7959,6.7951,6.7916,6.7912,6.7949,6.8048,6.8087,6.8114,6.8125,6.8123,6.8129,6.8156,6.8201,6.828,6.8332,6.8263,6.8134,6.8137,6.8265,6.8314,6.8314,6.8348,6.8384,6.8322,6.8292,6.8325,6.827,6.7276,6.5702,6.3169,5.9644
4.4612,4.5881,4.6675,4.7264,4.7817,4.8144,4.8387,4.8381,4.8307,4.8361,4.8457,4.8515,4.8593,4.8625,4.8702,4.8739,4.869,4.8348,4.7049,4.6728,4.7354,4.8877,4.9714,4.8339,4.7386,4.6907,4.7355,4.8792,5.0035,4.8552,4.7653,4.3837,4.0554,3.7719,3.5747
0.93408,0.91895,0.92773,0.9248,0.91162,0.92627,0.92529,0.9209,0.92676,1.0313,0.96533,0.70605,0.45508,0.12695,-0.10938,-0.32813,-0.44971,-0.52734,-0.64209,-0.75684,-0.81494,-0.91162,-0.91016,-0.89355,-0.84961,-0.90283,-0.97754,-0.91895,-0.92578,-0.86182,-0.97412,-0.95459,-0.78516,-0.85205,-0.70264
0.28516,0.29053,0.30225,0.30811,0.28906,0.2876,0.30273,0.30566,0.41357,0.49219,0.7915,0.75781,0.92578,1.0283,0.93262,0.87695,0.68311,0.55713,0.4458,0.38086,0.39404,0.35938,0.34326,0.36133,0.37402,0.35547,0.21826,0.35938,0.35693,0.41553,0.34668,0.17725,0.34863,0.33545,0.37305
0.14307,0.11816,0.12598,0.12256,0.13818,0.14111,0.12793,0.13281,0.066406,0.13916,0.42529,0.53613,0.59229,0.56104,0.51367,0.38525,0.26416,0.14941,0.066895,-0.013184,-0.10547,-0.16211,-0.17334,-0.12793,-0.11426,-0.16309,-0.34521,-0.15967,-0.10693,-0.052246,-0.21289,-0.29053,-0.14697,-0.10986,0.0019531
-24,4,-4,4,5,-40,6,10,5,24,7,-29,45,-20,19,-3,-41,-5,17,-42,15,-2,11,-15,-5,24,-12,14,25,-3,4,-1,10,4,-2
2,-1,-1,3,-2,-5,1,1,-10,-3,3,-13,-11,1,5,-1,-16,0,-2,-1,0,-4,-1,-2,13,13,-13,-4,-7,-16,0,7,5,0,-7
1,-1,1,2,-4,-3,-2,1,-16,-10,-4,-22,-7,-2,7,0,-9,-2,-6,1,-3,-1,0,0,12,5,-2,-5,-11,-13,3,0,2,3,-2
6,-2,-2,-1,-9,-2,-2,0,-2,-11,-4,-4,-2,0,1,3,0,4,0,-7,0,3,-4,-16,1,9,-1,0,-3,-14,1,-1,0,0,0
3,-1,-2,1,-8,-2,-1,-2,0,-9,-1,-5,0,-2,-8,14,-10,7,-3,-6,-5,2,-2,-12,1,9,-5,-3,-6,2,-6,2,-9,6,2
-3,5,9,5,0,12,-1,-2,-1,-2,0,-2,3,-4,7,4,2,-1,6,17,-22,-4,1,-6,-14,-15,-8,5,-3,8,5,-3,-17,3,-11
-4,4,2,-1,-3,-2,1,-1,0,-1,-3,-4,1,-4,-6,-4,-13,7,-15,0,13,6,-12,-4,6,4,-25,29,-11,-2,2,15,-7,-2,8
-3,4,8,-6,0,-9,4,0,2,1,-6,-6,5,7,-4,-1,-24,10,6,-40,-7,-12,12,3,-14,31,6,15,-8,-18,13,2,-2,13,-20
-0.5625,-0.5,-1.125,0.125,0.6875,-0.625,-1.5625,1.5625,-43,-25.688,-62.813,-5.1875,0.5625,27.688,27.125,48.5,48.438,49.25,23.438,11.188,5.375,5.125,3.5625,2.1875,-3,-12.188,-4.875,7.625,5.25,-12.063,-9.3125,11.313,4.625,5.6875,-12.563
-0.5625,-0.5,-1.125,0.125,0.6875,-0.625,-1.5625,1.5625,-43,-25.688,-62.813,-5.1875,0.5625,27.688,27.125,48.5,48.438,49.25,23.438,11.188,5.375,5.125,3.5625,2.1875,-3,-12.188,-4.875,7.625,5.25,-12.063,-9.3125,11.313,4.625,5.6875,-12.563
-0.5625,-0.5,-1.125,0.125,0.6875,-0.625,-1.5625,1.5625,-43,-25.688,-62.813,-5.1875,0.5625,27.688,27.125,48.5,48.438,49.25,23.438,11.188,5.375,5.125,3.5625,2.1875,-3,-12.188,-4.875,7.625,5.25,-12.063,-9.3125,11.313,4.625,5.6875,-12.563
6.8448,6.8473,6.8468,6.8469,6.8448,6.8443,6.8463,6.846,6.8423,6.7435,6.7148,6.6738,6.6954,6.73,6.7675,6.9178,7.0889,7.319,7.6108,7.781,7.9335,8.0557,8.1303,8.1348,8.1426,8.243,8.3348,8.2254,8.1592,8.1016,8.2392,8.3095,8.1882,8.0358,7.7274
3.0397,3.0409,3.0408,3.0405,3.0415,3.041,3.0416,3.0426,3.0571,3.1724,3.3942,3.7404,4.3322,4.8235,5.3173,5.9066,6.2495,6.4923,6.6695,6.7482,6.7992,6.8312,6.8509,6.8545,6.8504,6.856,6.8681,6.8752,6.8745,6.8685,6.8693,6.8779,6.874,6.8593,6.7746
3.6632,3.6608,3.6607,3.6621,3.6638,3.6643,3.6606,3.6618,3.6335,3.585,3.5505,3.531,3.5055,3.5186,3.5607,3.6796,3.827,4.0206,4.2869,4.4638,4.6194,4.7451,4.8163,4.8152,4.8307,4.9534,5.0653,4.9241,4.8464,4.7866,4.9618,5.0374,4.8856,4.7132,4.3867
0.91797,0.91211,0.91211,0.91113,0.91797,0.91602,0.91992,0.91064,0.9126,0.90479,1.0117,0.93701,0.83447,0.40918,0.31836,0.00097656,-0.48633,-0.63135,-0.59766,-0.65625,-0.625,-0.66504,-0.83447,-0.94141,-0.91943,-0.94092,-0.82764,-0.85938,-0.86865,-0.7334,-0.43066,-0.52051,-0.55078,-0.23389,0.12891
0.31445,0.31689,0.30225,0.30811,0.31006,0.30664,0.30273,0.3125,0.31152,0.34619,0.39014,0.89355,0.84961,0.91553,0.73389,0.86816,0.88574,0.71875,0.64404,0.34961,0.36426,0.29346,0.18164,0.33789,0.43701,0.37695,0.35498,0.30029,0.22998,0.27344,0.32861,0.34619,0.71436,0.77734,1.085
0.16016,0.15283,0.15674,0.15234,0.15918,0.1626,0.15918,0.15576,0.15479,0.12695,0.19482,0.38232,0.65723,0.61426,0.4668,0.48486,0.46875,0.29199,0.20654,0.01123,-0.098633,-0.19336,-0.34912,-0.2666,-0.20508,-0.15137,-0.15283,-0.30518,-0.31885,-0.14941,-0.050781,0.086914,0.35352,0.41357,0.55225
-7,-6,-3,1,-11,-2,11,-3,-2,-9,-13,51,-9,13,8,3,26,5,-16,-19,14,35,-15,4,19,7,5,19,-34,11,-6,7,18,-4,-4
-1,-2,-3,-2,-2,-4,1,0,-1,7,-3,-8,9,2,-5,1,2,11,-5,-7,-3,-4,-12,-7,9,9,-1,1,-3,2,0,3,-2,25,-4
-1,-1,-2,0,0,-2,2,-1,1,11,-9,-7,10,-1,-11,13,0,8,-4,-9,-1,-8,-7,3,3,7,2,-1,-1,2,3,1,-4,12,5
-1,-1,-1,2,0,-5,-1,5,0,2,-5,4,-1,-1,-5,5,-3,-3,1,-3,0,-1,-3,3,0,1,-3,2,-3,2,1,0,-3,-2,1
-2,-6,2,3,2,-6,-1,1,2,3,-1,4,-8,1,7,-5,3,6,3,-9,-23,0,-2,0,-5,-21,-11,0,-13,18,-18,-2,-1,-9,-22
3,-11,4,-10,-2,1,-3,-3,-1,-1,-4,15,6,7,13,-5,8,11,-16,-9,-2,-10,-4,-5,3,-17,2,-13,-4,-11,2,-5,5,-4,-3
4,-6,0,-2,-2,-3,-1,-3,1,-3,-11,1,-4,3,-2,0,1,0,-11,-6,-19,12,-7,-7,28,-6,-3,30,-8,-12,-5,-6,10,-1,-2
2,-4,-10,0,-3,-2,4,-1,4,-12,-27,18,-4,5,3,10,4,1,-2,1,21,-16,-34,-10,28,-15,14,7,3,-7,3,6,-7,1,-6
0.5625,1.875,0.125,-0.125,-0.375,-0.0625,0.1875,1.4375,1,-8.75,-67.938,-49.625,-17.313,11.25,17.25,27.063,57.375,51.125,58.875,44.625,23.563,2.625,13.625,-3,12.313,6.625,-11.875,-12.125,13,-4.3125,4.5,-62.313,-65.313,-60.313,-58.063
0.5625,1.875,0.125,-0.125,-0.375,-0.0625,0.1875,1.4375,1,-8.75,-67.938,-49.625,-17.313,11.25,17.25,27.063,57.375,51.125,58.875,44.625,23.563,2.625,13.625,-3,12.313,6.625,-11.875,-12.125,13,-4.3125,4.5,-62.313,-65.313,-60.313,-58.063
0.5625,1.875,0.125,-0.125,-0.375,-0.0625,0.1875,1.4375,1,-8.75,-67.938,-49.625,-17.313,11.25,17.25,27.063,57.375,51.125,58.875,44.625,23.563,2.625,13.625,-3,12.313,6.625,-11.875,-12.125,13,-4.3125,4.5,-62.313,-65.313,-60.313,-58.063
6.7502,6.7495,6.7482,6.7482,6.7481,6.7477,6.7471,6.7507,6.7524,6.7565,6.6611,6.6435,6.5964,6.6306,6.6514,6.6955,6.8306,7.0214,7.3239,7.8775,8.2686,8.4979,8.6037,8.4826,8.3689,8.3359,8.4212,8.6069,8.6351,8.3287,8.0039,7.4475,7.1092,6.8998,6.7838
3.0837,3.0837,3.0838,3.0835,3.0831,3.0831,3.083,3.0816,3.0816,3.0838,3.1516,3.355,3.7236,4.4111,4.9058,5.3149,5.8348,6.2076,6.4925,6.7227,6.7807,6.7824,6.7754,6.7839,6.799,6.8203,6.8193,6.8042,6.8219,6.8386,6.7913,6.5031,6.095,5.5697,4.9827
3.6803,3.6822,3.6825,3.6832,3.6835,3.6837,3.6842,3.6822,3.681,3.6727,3.596,3.546,3.5307,3.4987,3.4914,3.5114,3.6202,3.7909,4.0671,4.6132,4.9913,5.234,5.3414,5.2017,5.0586,5.0154,5.1246,5.3464,5.3707,5.0241,4.6541,4.1194,3.7951,3.5908,3.4632
0.92871,0.91846,0.9248,0.92773,0.91357,0.9165,0.98584,1.0454,0.91504,0.36182,-0.12012,-0.27979,-0.31006,-0.39941,-0.54102,-0.78076,-0.80469,-0.85889,-0.87158,-0.89111,-0.85156,-0.98389,-0.94971,-0.86621,-0.86621,-0.91211,-0.89258,-0.79736,-0.73535,-0.53906,-0.55713,-0.44092,-0.37012,0.14453,0.6626
0.28027,0.31299,0.28955,0.30029,0.2959,0.35498,0.44287,0.75635,0.81836,1.0361,0.96094,0.95996,0.7041,0.50439,0.41309,0.3877,0.3833,0.4375,0.4043,0.46973,0.37354,0.29492,0.40137,0.43359,0.37744,0.32031,0.30713,0.29688,0.34863,0.42529,0.53711,0.68896,0.96875,0.94824,1.0742
0.16406,0.14453,0.1582,0.15967,0.13721,0.10938,0.21045,0.36279,0.68164,0.65625,0.49268,0.49902,0.37402,0.22119,0.077637,-0.056152,-0.18018,-0.17188,-0.14453,-0.13867,-0.20605,-0.41846,-0.25049,-0.09668,-0.083496,-0.30713,-0.27979,-0.20898,-0.07959,0.073242,0.2002,0.24512,0.41602,0.50586,0.43848
-8,-10,-26,12,12,14,18,4,21,15,12,-2,11,-17,8,-20,15,5,6,11,11,-20,-12,36,18,7,1,12,15,2,-3,9,-1,30,-1
-2,-2,-11,3,4,-6,-3,4,20,0,3,-9,8,-6,-1,3,-1,-4,-5,12,-9,-9,2,3,-1,1,-5,-1,-5,-2,1,3,-2,3,-3
-1,0,-3,0,0,0,-7,-38,34,-2,-4,-9,5,-3,0,6,-2,-6,-2,8,-10,-6,9,-3,1,0,-5,1,-7,0,3,3,-4,0,-3
-1,0,-1,0,-1,-4,-1,-3,3,-4,5,-3,-5,-4,-2,4,-1,-5,-2,3,-17,-1,0,-4,0,1,-2,-2,-2,-1,0,0,-4,-1,-1
1,3,2,13,-3,-3,-3,1,16,-6,5,-10,-1,-11,2,2,5,-7,-10,6,-27,-7,3,-4,-17,13,-2,-2,-8,-9,-9,3,-6,4,3
14,-8,-14,8,6,1,0,1,3,-8,6,0,-11,0,6,-4,13,-1,-3,-1,-1,-4,0,-2,-2,19,-2,-3,-23,-7,-3,2,16,5,1
-1,-4,-7,4,0,-3,-3,0,2,-2,1,-4,-31,-9,-2,11,0,0,-7,-24,1,4,6,10,5,10,4,-4,1,5,5,7,-2,4,1
1,-4,-14,5,5,1,1,0,10,10,-4,-2,18,-1,-3,8,-8,3,7,12,-2,2,1,16,-11,11,10,-4,-10,0,1,-2,-5,6,4
0.5,2.4375,0.625,-0.6875,0.75,-12.5,-36.938,-71.563,-28.5,35.375,44.313,96.75,73.438,67.625,40.688,6.9375,8.1875,1.3125,6.1875,-2.0625,-6.625,-10.5,14.313,10.125,-9.4375,-13.25,14,-2.25,-0.4375,-14.188,-47.563,-42.813,-41.938,-14.625,4.5625
0.5,2.4375,0.625,-0.6875,0.75,-12.5,-36.938,-71.563,-28.5,35.375,44.313,96.75,73.438,67.625,40.688,6.9375,8.1875,1.3125,6.1875,-2.0625,-6.625,-10.5,14.313,10.125,-9.4375,-13.25,14,-2.25,-0.4375,-14.188,-47.563,-42.813,-41.938,-14.625,4.5625
0.5,2.4375,0.625,-0.6875,0.75,-12.5,-36.938,-71.563,-28.5,35.375,44.313,96.75,73.438,67.625,40.688,6.9375,8.1875,1.3125,6.1875,-2.0625,-6.625,-10.5,14.313,10.125,-9.4375,-13.25,14,-2.25,-0.4375,-14.188,-47.563,-42.813,-41.938,-14.625,4.5625
6.7493,6.7523,6.7513,6.7517,6.7518,6.7568,6.6806,6.6269,6.5427,6.583,6.643,6.7893,7.0806,7.3687,7.672,7.9492,8.0455,8.0954,8.144,8.1805,8.2745,8.4127,8.3653,8.2453,8.2382,8.4051,8.4198,8.2583,7.9657,7.6591,7.2284,7.0321,6.9144,6.8272,6.8554
3.0654,3.0629,3.0612,3.0604,3.0595,3.0631,3.145,3.3537,3.7194,4.448,5.0747,5.653,6.2288,6.5028,6.6506,6.7291,6.746,6.7656,6.7877,6.7826,6.7744,6.7804,6.7911,6.793,6.8007,6.8073,6.8217,6.8229,6.7793,6.6612,6.3112,5.9224,5.4798,4.8751,4.4751
3.7614,3.7655,3.7669,3.7696,3.7689,3.758,3.6928,3.664,3.6695,3.6515,3.6666,3.7259,3.9172,4.1497,4.4185,4.69,4.7862,4.8306,4.8805,4.9251,5.0537,5.2216,5.1249,4.9752,4.9751,5.1905,5.1934,5.0036,4.6703,4.3368,3.9388,3.7526,3.6368,3.5384,3.4979
-0.8877,-0.88672,-0.86719,-0.89258,-0.88818,-0.95996,-0.9165,-0.93896,-0.80762,-0.90771,-0.98926,-0.89453,-0.92334,-0.91064,-0.82227,-0.97559,-0.89844,-0.80469,-0.89209,-0.7915,-0.67725,-0.61768,-0.60547,-0.56738,-0.3623,-0.14551,0.05957,0.2915,0.52393,0.57617,0.61865,0.77686,0.89307,0.94873,0.96973
0.43701,0.43213,0.4292,0.38184,0.42725,0.44971,0.41113,0.42383,0.4707,0.37061,0.38818,0.42334,0.41992,0.41699,0.4209,0.35352,0.37061,0.4165,0.38281,0.35791,0.43799,0.47119,0.6543,0.79102,0.97461,0.98584,0.95508,0.8623,0.9248,0.77441,0.71338,0.59961,0.49561,0.41992,0.45166
-0.073242,-0.073242,-0.086426,-0.067871,-0.054688,-0.073242,-0.071289,-0.091797,-0.033203,-0.13867,-0.20947,-0.078125,-0.045898,-0.039063,-0.013672,-0.17139,-0.19092,-0.060059,-0.095703,-0.060059,0.033203,0.18799,0.22119,0.36719,0.4541,0.49756,0.45996,0.4873,0.45361,0.4585,0.36328,0.30566,0.24463,0.14063,0.098145
1,-1,3,2,8,53,19,17,-23,-8,15,12,28,14,10,-20,16,-18,0,21,9,5,28,47,7,-9,30,-15,-18,28,2,-4,5,1,-10
-2,-1,-8,-4,32,3,7,-2,-27,5,1,-5,1,20,-10,-14,-2,-2,3,-3,-2,-5,4,4,1,8,-1,0,4,3,-2,1,-3,2,-1
-1,0,-8,-4,11,3,4,-12,-31,1,1,-3,2,21,0,-10,0,2,0,0,-6,-6,4,1,0,7,1,-1,2,0,0,-2,-4,1,2
-3,-4,-5,-5,2,2,-2,-1,-9,0,1,4,0,7,-8,-5,-2,1,0,3,0,-2,3,1,3,2,2,0,1,0,0,-1,0,0,1
-4,-3,4,-3,2,-4,7,3,-7,-16,13,21,-11,26,-26,-24,-7,6,0,3,-4,7,9,3,15,-3,4,8,-5,-1,-2,-1,2,0,-2
3,1,4,14,10,16,-2,6,8,-25,-18,5,-5,4,-4,-1,0,-5,31,-3,4,0,-6,-5,-1,1,4,2,-7,-4,-2,3,4,-6,4
2,9,1,18,21,21,12,5,5,6,43,3,-4,6,-3,-54,13,-38,6,-1,-5,-5,1,3,5,-4,6,2,4,-2,-2,1,3,-3,-8
-14,-7,-3,3,-6,17,-6,6,-16,14,-6,9,-9,2,-4,-28,-2,-19,-13,-2,-2,-4,7,6,-6,-2,5,2,0,4,3,1,8,-1,-9
5.1875,3.3125,4.6875,1.4375,-4.4375,0.375,-1.8125,1.4375,-3.625,-6.875,15.438,14.75,5.25,4.125,-11.688,-20.5,9.5,2.3125,5.375,0.8125,-12.125,-19.5,-18.938,-28.938,-19.063,-10.188,1.125,-7.875,-14.563,0.6875,11.438,22.813,46.688,67.75,60.25
5.1875,3.3125,4.6875,1.4375,-4.4375,0.375,-1.8125,1.4375,-3.625,-6.875,15.438,14.75,5.25,4.125,-11.688,-20.5,9.5,2.3125,5.375,0.8125,-12.125,-19.5,-18.938,-28.938,-19.063,-10.188,1.125,-7.875,-14.563,0.6875,11.438,22.813,46.688,67.75,60.25
5.1875,3.3125,4.6875,1.4375,-4.4375,0.375,-1.8125,1.4375,-3.625,-6.875,15.438,14.75,5.25,4.125,-11.688,-20.5,9.5,2.3125,5.375,0.8125,-12.125,-19.5,-18.938,-28.938,-19.063,-10.188,1.125,-7.875,-14.563,0.6875,11.438,22.813,46.688,67.75,60.25
7.684,7.7236,7.7755,7.7784,7.7702,7.7467,7.7534,7.8022,7.8201,7.9064,7.9573,7.8494,7.7895,7.7639,7.7861,7.9567,8.011,7.9313,7.8439,7.6954,7.4096,7.1819,7.0164,6.8654,6.8036,6.7669,6.7623,6.7541,6.7551,6.7416,6.7756,6.8014,6.8647,6.9263,6.9746
6.7696,6.783,6.7923,6.7984,6.8021,6.7934,6.7927,6.8017,6.7964,6.7985,6.8058,6.8069,6.8114,6.8187,6.8146,6.8332,6.8415,6.8354,6.8363,6.8143,6.6783,6.4854,6.222,5.8009,5.4624,5.1394,4.8386,4.4791,4.2396,4.0415,3.802,3.6272,3.3991,3.248,3.1373
4.4602,4.4971,4.5397,4.5458,4.5369,4.5135,4.5243,4.5723,4.5979,4.7117,4.7425,4.5929,4.5109,4.4797,4.5177,4.7494,4.8068,4.7074,4.5988,4.4337,4.123,3.8912,3.7167,3.5609,3.4868,3.4427,3.4122,3.3795,3.3547,3.3423,3.3358,3.3366,3.3597,3.4033,3.4796
0.9082,0.91504,0.91602,0.90479,0.91016,1.0015,1.084,0.9248,0.52539,0.29932,-0.074707,-0.28027,-0.43311,-0.56201,-0.67041,-0.74219,-0.82471,-0.83887,-0.81641,-0.875,-0.86523,-0.83252,-0.92529,-0.98828,-0.875,-0.86768,-0.89014,-0.89697,-0.91357,-0.80225,-0.6123,-0.48828,-0.56445,-0.48682,-0.27734
0.29834,0.29492,0.32178,0.29834,0.31543,0.46973,0.3623,0.92188,0.86475,0.89502,0.88281,0.854,0.75928,0.63965,0.53174,0.42285,0.41211,0.4082,0.38379,0.41211,0.4165,0.37988,0.32666,0.39648,0.354,0.44482,0.38428,0.34375,0.28174,0.26172,0.34131,0.41162,0.60889,0.8125,1.0054
0.15381,0.1665,0.15479,0.16357,0.16211,0.032715,0.26025,0.65039,0.60547,0.59375,0.47803,0.40967,0.32666,0.22852,0.14355,0.049805,-0.052246,-0.090332,-0.13867,-0.16162,-0.098633,-0.104,-0.27393,-0.27832,-0.12109,-0.061035,-0.087402,-0.2373,-0.26563,-0.18994,-0.096191,0.16162,0.14844,0.38525,0.46582
1,6,-4,0,-7,-14,-4,0,-5,-14,0,-37,5,12,-38,-11,42,0,-8,46,-51,-12,12,18,-22,-40,22,5,35,6,-24,2,-9,-14,-4
1,1,1,0,-2,-7,-2,29,7,-1,16,-9,-8,5,-15,15,1,-5,-2,-10,-15,4,-1,12,0,-3,0,3,9,0,-4,-4,-5,-3,10
0,0,0,-2,1,0,-9,16,-7,1,0,-6,-9,7,-7,9,0,0,-3,-6,-14,5,-2,13,4,-6,-4,1,5,-4,-2,-3,-4,-1,1
0,-1,-2,-1,-2,3,-4,3,-4,-4,2,-4,-6,3,-4,4,0,-1,-3,-5,-4,1,-2,7,1,-2,0,1,1,-2,-2,-2,-1,-1,-1
2,-1,-3,-2,-1,4,-4,0,-1,-7,2,-4,-6,4,-6,2,-1,1,-2,1,3,-1,-5,7,1,-6,-2,-12,3,1,-4,2,-5,-2,0
-5,-5,-3,0,0,1,0,-4,-19,-4,4,10,-2,-4,-6,9,-4,5,-5,0,-9,-1,3,12,-1,7,-1,0,9,1,-24,11,8,4,1
-1,-1,1,1,-2,3,-1,2,-1,-4,5,-3,5,-3,-4,6,4,-2,10,-8,-10,-23,-1,-1,-6,-2,-2,7,12,1,7,2,0,-1,7
4,0,1,-1,-7,-5,-8,8,2,-2,7,-18,3,1,-21,8,19,-20,-3,7,-28,-2,-8,9,-9,-26,4,12,2,4,-5,2,-9,-2,2
2.4375,0.9375,4.25,0.8125,0.5625,-53,-37.75,-53.813,27.563,19.5,46.875,52.75,41.438,39.5,34.688,26.063,17.813,4.25,4.0625,4.875,-5.75,-8.9375,-7.6875,19.438,6.1875,8.3125,-13.5,-18.625,12.875,4.0625,12,-22.813,-49.438,-40.438,-24
2.4375,0.9375,4.25,0.8125,0.5625,-53,-37.75,-53.813,27.563,19.5,46.875,52.75,41.438,39.5,34.688,26.063,17.813,4.25,4.0625,4.875,-5.75,-8.9375,-7.6875,19.438,6.1875,8.3125,-13.5,-18.625,12.875,4.0625,12,-22.813,-49.438,-40.438,-24
2.4375,0.9375,4.25,0.8125,0.5625,-53,-37.75,-53.813,27.563,19.5,46.875,52.75,41.438,39.5,34.688,26.063,17.813,4.25,4.0625,4.875,-5.75,-8.9375,-7.6875,19.438,6.1875,8.3125,-13.5,-18.625,12.875,4.0625,12,-22.813,-49.438,-40.438,-24
6.7409,6.7416,6.7423,6.7424,6.7438,6.7467,6.5926,6.5832,6.6016,6.6521,6.7385,6.8462,6.9835,7.1596,7.364,7.6385,7.8301,7.9591,8.0096,8.0803,8.1099,8.1376,8.3186,8.3431,8.2023,8.1105,8.1403,8.3059,8.4044,8.2108,7.9138,7.5358,7.0852,6.9049,6.8174
3.0821,3.0826,3.0829,3.083,3.082,3.0954,3.2031,3.5928,4.0645,4.5941,5.2798,5.7247,6.0866,6.3636,6.5576,6.7075,6.7716,6.8103,6.8204,6.8194,6.8075,6.8075,6.8209,6.8293,6.8215,6.8195,6.8368,6.8462,6.862,6.8621,6.7985,6.6318,6.1861,5.7479,5.2786
3.7561,3.7567,3.7642,3.7649,3.7682,3.7311,3.7248,3.7111,3.673,3.6435,3.6677,3.7375,3.8527,4.0076,4.1887,4.4381,4.6096,4.7324,4.7806,4.8485,4.8844,4.9293,5.1479,5.1377,4.9666,4.847,4.9047,5.1167,5.2224,4.9952,4.6522,4.2525,3.8169,3.6166,3.4845
0.85938,0.91943,0.82568,0.63086,0.44336,0.31836,-0.13477,-0.31738,-0.53271,-0.56885,-0.57373,-0.68164,-0.84766,-0.86572,-0.87598,-0.92236,-0.95361,-0.83252,-0.87451,-1.0381,-0.93115,-0.86523,-0.91357,-0.9375,-0.83691,-0.88525,-0.7168,-0.66406,-0.75049,-0.70996,-0.59424,-0.34668,-0.10156,0.25977,0.52148
0.49658,0.7334,0.63086,0.73633,0.8999,0.8833,1.0386,0.87256,0.70752,0.58252,0.48047,0.45508,0.41748,0.46289,0.44238,0.45166,0.41846,0.40576,0.26563,0.35547,0.32178,0.39551,0.33252,0.18457,0.32324,0.37109,0.38721,0.3623,0.43262,0.74707,0.81152,0.87354,0.90771,0.9834,0.82129
0.29199,0.25635,0.43457,0.47314,0.47754,0.47607,0.44678,0.38721,0.24854,0.19238,0.10449,0.047852,-0.063965,-0.088379,-0.11963,-0.13574,-0.099121,-0.1084,-0.29785,-0.35303,-0.16699,-0.046875,-0.20068,-0.35645,-0.16504,-0.1123,-0.081543,-0.019043,0.086914,0.23926,0.354,0.41797,0.49512,0.44141,0.47656
1,7,-15,13,-13,-14,-18,15,12,18,-7,-22,26,9,-4,-14,19,11,-72,24,28,6,34,-21,-26,-26,31,19,-13,-17,-28,27,18,-29,15
2,16,-10,-1,0,-19,-4,2,-3,-4,-6,-5,1,-6,6,13,-7,10,-3,-3,7,-1,8,-9,-4,-11,3,3,-2,-3,-15,-4,8,-5,5
-2,26,-17,-4,-5,-26,0,1,-3,-3,-3,-4,0,-6,5,9,-7,4,1,0,4,0,5,-4,-3,-1,-4,2,-4,-3,-6,-2,1,-3,2
0,7,-2,0,-2,-7,4,-1,0,0,-4,-1,-1,-3,1,3,-6,4,1,-1,3,-5,7,-4,-1,1,-1,-2,-10,4,2,-7,-8,5,0
0,8,-2,-13,0,-3,0,-3,7,-4,-3,-6,-2,-3,-2,0,-8,1,-9,1,3,-8,17,-7,3,5,0,-4,-10,-18,10,4,-7,4,2
2,4,0,-6,2,-5,-1,-1,6,-2,-8,-13,-5,0,-4,0,-6,2,3,3,-3,-8,-13,-19,-10,20,-16,-4,-1,1,-28,-9,-11,13,-5
-3,4,-6,0,0,-9,-7,-5,5,3,1,-5,-2,-1,-8,-3,10,2,0,1,8,1,-17,15,-13,-4,11,-4,6,-1,-20,-7,-5,8,-5
-2,5,-8,5,-1,-11,-19,4,3,2,-5,-9,-5,-1,1,-3,5,13,-21,15,5,0,-3,-15,-14,-24,17,-12,-4,-2,-10,-7,8,-9,-2
1.375,-98.313,-8.9375,-22.875,28.375,-4.9375,38.625,44.25,51,52.875,30.5,19.813,4,1.25,-0.125,10.188,-0.0625,0.1875,-8.0625,13.938,7.125,-8.1875,-11.188,2.625,1.75,0.8125,2.1875,-19.5,-38.313,-25.25,-25.125,12.813,-4.3125,-1.1875,-0.9375
1.375,-98.313,-8.9375,-22.875,28.375,-4.9375,38.625,44.25,51,52.875,30.5,19.813,4,1.25,-0.125,10.188,-0.0625,0.1875,-8.0625,13.938,7.125,-8.1875,-11.188,2.625,1.75,0.8125,2.1875,-19.5,-38.313,-25.25,-25.125,12.813,-4.3125,-1.1875,-0.9375
1.375,-98.313,-8.9375,-22.875,28.375,-4.9375,38.625,44.25,51,52.875,30.5,19.813,4,1.25,-0.125,10.188,-0.0625,0.1875,-8.0625,13.938,7.125,-8.1875,-11.188,2.625,1.75,0.8125,2.1875,-19.5,-38.313,-25.25,-25.125,12.813,-4.3125,-1.1875,-0.9375
6.7639,6.7533,6.6897,6.6884,6.7151,6.7189,6.7924,6.8746,7.0829,7.286,7.4752,7.6237,7.7497,7.8131,7.8764,7.9357,8.0034,8.1268,8.3753,8.4055,8.2448,8.1587,8.301,8.41,8.2237,8.0634,7.8976,7.6206,7.1809,6.9453,6.7663,6.7349,6.7231,6.7443,6.7363
3.2122,3.4014,3.6492,4.0902,4.432,4.7768,5.2962,5.6826,6.1262,6.3748,6.5384,6.6279,6.6974,6.7274,6.7619,6.7852,6.8079,6.8274,6.8453,6.848,6.8451,6.8506,6.8579,6.8599,6.8582,6.8434,6.8003,6.7082,6.4802,6.2307,5.8328,5.4832,5.1112,4.6355,4.33
3.8389,3.7724,3.735,3.7053,3.6949,3.6956,3.7297,3.7932,3.9531,4.1183,4.2827,4.4162,4.5492,4.6135,4.6805,4.7341,4.8086,4.9451,5.2274,5.233,5.0475,4.9554,5.1343,5.2583,5.0403,4.8622,4.6786,4.4032,3.9802,3.7277,3.544,3.4764,3.4339,3.3638,3.3234
0.91016,0.96582,0.896,0.95166,0.83594,0.69971,0.50586,0.25977,-0.061523,-0.27783,-0.41016,-0.63525,-0.7749,-0.8335,-0.85498,-0.85986,-0.8291,-0.86279,-0.86377,-0.90576,-0.88281,-0.89111,-1.0151,-0.91992,-0.97705,-0.86621,-0.87598,-0.89307,-0.96777,-0.9043,-0.80127,-0.63184,-0.60547,-0.43652,-0.39209
0.31934,0.35596,0.42236,0.47705,0.70068,0.6958,0.96777,0.89453,0.93066,0.771,0.71143,0.55078,0.5791,0.50537,0.47266,0.37891,0.35303,0.30762,0.29004,0.32471,0.3042,0.27979,0.24121,0.25488,0.27148,0.32031,0.3208,0.26318,0.24414,0.24512,0.22168,0.28711,0.40918,0.43848,0.98145
0.11084,0.13916,0.17627,0.28027,0.35986,0.55664,0.56396,0.5835,0.54004,0.45605,0.36816,0.24268,0.16455,0.049316,-0.039063,-0.079102,-0.10693,-0.13672,-0.15723,-0.13232,-0.16895,-0.25928,-0.32568,-0.25146,-0.20752,-0.11523,-0.1123,-0.23145,-0.34521,-0.30322,-0.21338,-0.104,0.036133,0.20557,0.25244
23,12,-14,-8,7,-18,11,-6,-23,-14,-11,-21,23,-18,28,37,10,14,-53,20,-3,18,-16,5,24,14,-12,-2,16,0,-14,7,3,0,-5
1,-14,-24,0,25,-8,-16,6,-17,1,3,-10,6,-5,14,7,0,2,2,10,-7,4,-9,3,9,9,0,5,5,-3,-9,2,1,-3,7
2,-11,-16,4,7,-5,-18,-5,-16,4,-2,-5,-2,0,15,3,-1,-1,2,4,-3,-2,-7,1,5,4,-1,2,2,-1,-5,3,2,-4,8
-3,-2,0,-1,4,-12,0,5,-5,3,-2,-3,-2,-2,8,0,0,0,-2,0,0,-1,-3,2,2,1,0,2,1,1,0,2,6,1,-1
-4,-5,4,-3,4,-17,9,5,-3,-2,-10,1,-4,0,-1,1,0,3,-4,9,-4,-3,-2,1,-1,-1,-3,0,6,7,6,4,2,5,0
-2,-5,1,-3,-1,-3,-3,5,-9,2,-3,-22,-1,4,-9,-6,-9,1,-19,5,-2,7,7,-8,-3,-1,-3,-4,17,-1,13,11,-8,2,0
-18,-6,-9,-2,5,2,-4,-3,-8,-3,-3,-1,2,-5,-1,2,8,3,-7,12,2,-3,0,-9,4,3,0,2,10,10,-2,-3,-7,-12,5
-34,-12,-10,-3,8,2,5,-5,-12,-5,13,-22,11,-20,8,14,-20,-5,-7,21,4,3,5,-2,18,17,2,2,3,2,-11,7,-18,-13,4
-17.75,-28.813,-27.688,-66.5,-5.9375,14.875,13.313,37,47.5,54.625,40.625,20.688,20.375,11.75,29.063,17.5,19.813,9.4375,9.5,0.25,-5.875,-15.125,-2.125,12.375,14.125,4.6875,-10.063,-15.375,-12.25,15.938,17.375,-6.25,-16.188,-11.063,3.0625
-17.75,-28.813,-27.688,-66.5,-5.9375,14.875,13.313,37,47.5,54.625,40.625,20.688,20.375,11.75,29.063,17.5,19.813,9.4375,9.5,0.25,-5.875,-15.125,-2.125,12.375,14.125,4.6875,-10.063,-15.375,-12.25,15.938,17.375,-6.25,-16.188,-11.063,3.0625
-17.75,-28.813,-27.688,-66.5,-5.9375,14.875,13.313,37,47.5,54.625,40.625,20.688,20.375,11.75,29.063,17.5,19.813,9.4375,9.5,0.25,-5.875,-15.125,-2.125,12.375,14.125,4.6875,-10.063,-15.375,-12.25,15.938,17.375,-6.25,-16.188,-11.063,3.0625
6.7637,6.7216,6.6423,6.5647,6.5366,6.4923,6.5524,6.5943,6.7055,6.8006,6.9174,7.0594,7.1966,7.363,7.5768,7.837,8.0052,8.1931,8.2911,8.3113,8.3509,8.5391,8.6665,8.6296,8.5446,8.4131,8.4318,8.5529,8.694,8.6416,8.4386,7.885,7.477,7.2039,7.0964
3.0362,3.0531,3.1211,3.2552,3.4458,3.8441,4.2455,4.6928,5.2914,5.6976,6.0307,6.3629,6.5439,6.6797,6.7752,6.8435,6.8736,6.8986,6.9154,6.9219,6.9208,6.908,6.9074,6.9164,6.9294,6.931,6.9247,6.9129,6.8881,6.9137,6.9236,6.8316,6.6246,6.3031,5.7699
3.7441,3.7485,3.7417,3.7287,3.7401,3.7229,3.6911,3.6692,3.6806,3.7276,3.8,3.9431,4.0774,4.2511,4.446,4.6842,4.8341,5.0056,5.0932,5.1095,5.1677,5.3971,5.5445,5.4897,5.3661,5.2048,5.2366,5.3949,5.5619,5.4907,5.247,4.6353,4.1989,3.8981,3.6926
0.83789,0.70166,0.5332,0.33838,0.10693,-0.12305,-0.28857,-0.57959,-0.63037,-0.71143,-0.7417,-0.78564,-0.84229,-0.86963,-0.88574,-0.91748,-0.9209,-0.82861,-0.87158,-0.96484,-0.9209,-0.89258,-0.89453,-0.88184,-0.97754,-0.94092,-0.84375,-0.80518,-0.63525,-0.59229,-0.37988,-0.19189,-0.18115,0.07373,0.41406
0.54492,0.83252,0.70557,0.91064,0.93457,0.8667,0.94873,0.771,0.64404,0.53467,0.45215,0.3833,0.34961,0.34619,0.33643,0.33838,0.30371,0.36572,0.28564,0.15576,0.32568,0.30762,0.33887,0.31104,0.24854,0.31934,0.23486,0.28809,0.36719,0.40234,0.54688,0.90967,1.0698,1.0249,1.0562
0.45898,0.4458,0.55957,0.51709,0.57373,0.48926,0.44629,0.29004,0.19922,0.11328,0.046875,-0.052734,-0.12695,-0.18311,-0.16504,-0.17627,-0.17139,-0.13721,-0.24707,-0.38916,-0.26904,-0.16309,-0.090332,-0.19385,-0.36523,-0.27441,-0.20898,-0.16553,-0.052246,0.032715,0.19482,0.43359,0.4375,0.45166,0.43604
-16,4,-16,-15,28,5,-24,8,2,28,-6,-11,12,-1,-3,-18,4,-4,13,17,-12,4,-50,-53,4,7,7,5,17,-10,-22,-17,29,34,-8
-9,5,-1,-3,-5,2,6,7,3,0,7,2,-4,1,1,-1,-14,9,0,3,-4,-7,-13,-3,7,2,4,1,-1,-2,-11,2,1,4,0
-13,-3,8,-3,-10,-1,2,6,0,-3,1,2,-1,1,1,3,-10,10,2,2,-3,-4,-6,3,4,2,1,0,-3,-3,-1,2,2,3,-8
-3,-2,1,-2,-1,-1,-1,1,-3,-2,0,1,-2,1,2,3,-5,9,-2,0,0,-2,-3,-2,-1,1,0,0,-2,-1,-2,0,1,1,-4
-7,0,0,8,0,2,-3,-2,-2,-1,5,3,-5,1,2,9,-5,13,-1,-1,1,-3,-1,-1,-7,2,-3,5,-3,-5,0,-8,5,2,-8
-5,0,-4,-3,-3,12,-7,-10,14,17,0,10,4,10,-1,-3,-4,-27,14,24,-3,5,-16,-7,3,9,-16,5,-15,8,9,-2,8,1,-18
-5,-6,-5,-2,-5,-2,0,-3,1,0,-2,-11,-4,0,-7,-5,-7,12,-20,43,-13,-3,-4,-6,-3,11,13,-3,-8,-4,-6,-5,4,5,0
-3,-16,-12,1,-3,0,0,0,6,-1,4,-3,14,8,-12,-2,-12,13,4,24,-18,6,-17,-24,9,3,5,3,-8,-8,-1,4,7,11,-1
-15.063,-19,0,29.063,14,30.813,39.688,42.563,43.5,39.375,30,17.188,15.813,7.1875,2.9375,3.3125,2.3125,-11.938,-9.5,8.625,7.8125,13.188,0.125,-11.375,-17.25,19.938,7.4375,3.3125,-13.5,-22.875,-25,-25.125,-29.188,-29.125,-27.25
-15.063,-19,0,29.063,14,30.813,39.688,42.563,43.5,39.375,30,17.188,15.813,7.1875,2.9375,3.3125,2.3125,-11.938,-9.5,8.625,7.8125,13.188,0.125,-11.375,-17.25,19.938,7.4375,3.3125,-13.5,-22.875,-25,-25.125,-29.188,-29.125,-27.25
-15.063,-19,0,29.063,14,30.813,39.688,42.563,43.5,39.375,30,17.188,15.813,7.1875,2.9375,3.3125,2.3125,-11.938,-9.5,8.625,7.8125,13.188,0.125,-11.375,-17.25,19.938,7.4375,3.3125,-13.5,-22.875,-25,-25.125,-29.188,-29.125,-27.25
6.6026,6.6279,6.606,6.6533,6.6857,6.7217,6.8136,6.9601,7.1326,7.3448,7.5696,7.8514,8.0462,8.2245,8.2985,8.3646,8.4026,8.4407,8.5802,8.719,8.6066,8.4659,8.4079,8.5064,8.6653,8.6283,8.4929,8.265,7.7436,7.4838,7.1312,6.9855,6.919,6.8683,6.8366
3.6001,3.9688,4.2712,4.5843,5.0044,5.3238,5.6569,6.088,6.3553,6.5538,6.6883,6.7967,6.8353,6.859,6.8723,6.8841,6.8879,6.8687,6.8668,6.8746,6.8874,6.8948,6.8993,6.8926,6.8774,6.8957,6.9011,6.8845,6.7554,6.6187,6.1822,5.6096,5.2078,4.8146,4.4517
3.7107,3.6788,3.6648,3.6613,3.6752,3.7048,3.7591,3.8849,4.0303,4.2188,4.4234,4.6925,4.879,5.0491,5.1225,5.1845,5.2254,5.282,5.4518,5.598,5.4524,5.2899,5.2198,5.3548,5.5489,5.4883,5.3318,5.0701,4.518,4.2471,3.8785,3.7152,3.6575,3.6131,3.5678
0.92773,0.92285,0.91504,0.94141,0.90967,0.94287,1.0347,0.91504,0.75293,0.47021,0.17627,-0.146,-0.30176,-0.47021,-0.55713,-0.64014,-0.69287,-0.76855,-0.81348,-0.87012,-0.85693,-0.88135,-0.88672,-0.89209,-0.96338,-1.0181,-0.90283,-0.90039,-0.875,-0.9043,-0.95459,-0.9585,-0.83838,-0.71533,-0.6543
0.28662,0.28955,0.29492,0.28662,0.30127,0.38086,0.42285,0.77148,0.81543,0.78809,0.93799,0.96875,0.94043,0.77734,0.66553,0.46094,0.45166,0.3418,0.36914,0.30127,0.31348,0.37207,0.34814,0.30322,0.28223,0.26221,0.26563,0.31934,0.3418,0.32764,0.25977,0.17285,0.2417,0.27686,0.31934
0.14258,0.14551,0.14893,0.1543,0.12939,0.063477,0.30127,0.34814,0.59424,0.59717,0.53809,0.50195,0.44092,0.39453,0.28564,0.13574,0.01123,-0.15137,-0.19629,-0.25244,-0.18066,-0.17822,-0.13965,-0.25439,-0.33154,-0.36035,-0.22119,-0.17334,-0.13086,-0.15723,-0.32031,-0.32813,-0.2041,-0.15625,-0.11377
-15,2,-5,19,-6,-32,-5,0,0,-18,-6,-47,13,-1,9,-10,-10,-6,19,46,26,-11,31,18,-42,-1,43,-21,-23,7,4,-27,-3,32,15
-3,0,-2,-1,-5,-2,6,8,-5,17,-6,-13,-1,1,-15,-1,0,2,1,-7,6,-2,-1,0,-7,0,0,-5,-3,-6,4,-2,-3,-14,1
-2,1,-3,-1,-3,-9,-10,1,-3,32,2,-10,-2,-2,-6,-1,1,2,-2,-8,-2,3,-1,-2,-4,1,-2,-3,0,-2,2,1,-2,-7,2
2,4,0,0,0,-2,-2,2,-1,9,2,-4,-2,-1,0,-1,3,-1,-2,-4,0,-1,-1,-5,0,1,-2,0,-2,-1,1,-1,0,-5,0
3,1,1,-2,1,-4,-2,-3,-2,14,-2,-2,-7,2,-5,-4,1,-4,-5,-9,0,-7,1,-7,0,-2,-2,-1,-5,-8,3,0,-4,-7,-4
-2,-2,2,14,-2,-3,0,-1,6,2,-3,-1,-18,33,0,-8,-15,7,-7,4,-1,5,-12,8,-1,3,-4,-1,-5,-1,-8,-2,5,-12,-13
2,0,-2,7,-1,2,1,-3,-2,2,-3,-5,-5,3,1,0,-10,0,19,-11,6,-1,3,0,-4,8,-3,-3,-4,-4,-49,7,6,-10,-24
2,5,-4,13,-5,-3,10,-1,4,-3,-4,-12,-4,3,5,5,-27,2,5,6,3,-19,7,10,-9,19,9,-9,-9,-2,35,-4,-5,-7,4
2.6875,0.375,0.0625,0,-2.5,-107.06,-63.875,-23.688,-14.563,5.875,24.438,43.813,55.813,52.688,49.188,37.125,24.563,8.375,2.875,2.5,-3.5625,-3.4375,-10.5,-12.5,-2.9375,0.0625,15.813,6.0625,-5.75,-15.438,-7.8125,9.75,5.0625,7.6875,-9.125
2.6875,0.375,0.0625,0,-2.5,-107.06,-63.875,-23.688,-14.563,5.875,24.438,43.813,55.813,52.688,49.188,37.125,24.563,8.375,2.875,2.5,-3.5625,-3.4375,-10.5,-12.5,-2.9375,0.0625,15.813,6.0625,-5.75,-15.438,-7.8125,9.75,5.0625,7.6875,-9.125
2.6875,0.375,0.0625,0,-2.5,-107.06,-63.875,-23.688,-14.563,5.875,24.438,43.813,55.813,52.688,49.188,37.125,24.563,8.375,2.875,2.5,-3.5625,-3.4375,-10.5,-12.5,-2.9375,0.0625,15.813,6.0625,-5.75,-15.438,-7.8125,9.75,5.0625,7.6875,-9.125
6.7718,6.7713,6.7725,6.7719,6.7735,6.7303,6.6043,6.5943,6.5833,6.5947,6.6336,6.7082,6.8181,6.9705,7.1859,7.5283,7.7932,8.114,8.2984,8.4028,8.4054,8.3634,8.3526,8.5067,8.6537,8.6668,8.5643,8.4682,8.4175,8.4745,8.6969,8.767,8.5981,8.3793,8.0244
3.0366,3.0364,3.0362,3.0355,3.0359,3.0639,3.1501,3.3665,3.8303,4.2826,4.7547,5.3574,5.7549,6.0895,6.3555,6.6065,6.7158,6.7972,6.8202,6.8319,6.8351,6.8468,6.86,6.8588,6.8524,6.86,6.8863,6.8933,6.8936,6.8949,6.8877,6.8939,6.9065,6.9069,6.8603
3.9123,3.9148,3.9179,3.9164,3.9134,3.8462,3.7968,3.7699,3.7324,3.6941,3.6773,3.6937,3.7538,3.8761,4.0582,4.3815,4.6357,4.9675,5.1569,5.2685,5.269,5.2229,5.2311,5.426,5.5927,5.6019,5.4618,5.3437,5.2939,5.3792,5.6446,5.7106,5.508,5.2563,4.8755
0.91992,0.93359,0.91699,0.92529,0.88867,0.97021,1.0195,0.95068,0.63184,0.41748,0.029785,-0.2168,-0.42871,-0.55322,-0.65967,-0.6958,-0.74854,-0.80273,-0.81982,-0.83545,-0.86035,-0.83203,-0.90625,-1.043,-0.94385,-0.84375,-0.84863,-0.9043,-0.95654,-0.84863,-0.81689,-0.76855,-0.68359,-0.64111,-0.53564
0.28516,0.28516,0.28223,0.29248,0.3252,0.35986,0.52197,0.8042,0.85791,0.94385,0.95605,0.85742,0.85352,0.61084,0.56787,0.40869,0.40381,0.31689,0.36572,0.35596,0.32666,0.31348,0.27295,0.23145,0.3291,0.34521,0.32031,0.28516,0.13379,0.29395,0.25879,0.32666,0.35742,0.5127,0.66455
0.13721,0.15625,0.14697,0.14795,0.146,0.093262,0.19336,0.43896,0.58301,0.6377,0.52344,0.4458,0.32471,0.21094,0.099609,-0.022949,-0.13379,-0.21582,-0.23242,-0.22754,-0.18799,-0.22852,-0.32861,-0.51611,-0.33887,-0.19873,-0.15674,-0.28662,-0.44482,-0.30176,-0.19727,-0.11133,-0.041504,0.061523,0.24756
-2,-14,-8,-11,11,38,3,12,13,-1,-31,23,5,-7,20,36,-27,8,38,-24,-5,-50,-1,-7,-21,-4,-1,-2,9,5,3,9,26,-7,-3
2,-4,1,0,-3,4,-9,-12,-28,26,-4,-2,1,-3,4,-3,-1,8,2,-7,1,0,-6,-2,-11,4,-1,2,-14,-3,2,7,4,7,4
-2,-3,-2,-1,-5,-3,-16,-15,13,9,-3,-11,-2,1,-1,-3,2,4,-1,-9,4,1,-5,1,-10,4,-1,-1,-10,-5,-1,2,1,3,-2
-1,1,0,-1,-2,-3,-4,1,-7,0,2,-7,-2,-3,-1,-2,-1,0,0,-3,2,0,-4,2,-5,4,4,1,-4,-3,0,0,-1,2,-4
0,2,-3,1,0,-4,0,1,-10,0,3,0,-3,-2,0,2,-7,0,-1,-2,1,-4,-3,7,-5,4,-1,-2,-1,-2,5,1,-7,-1,-5
-6,6,9,5,4,1,2,-1,10,2,-4,8,1,-12,-3,-3,-14,-3,-8,0,0,-2,-8,6,3,5,11,1,-8,19,-5,7,-3,10,7
-6,1,-1,2,2,5,-5,-1,0,-2,-2,-2,0,-1,6,9,-7,15,24,5,-4,-10,1,-13,-9,2,-4,5,-3,-1,-4,5,0,4,3
1,2,-1,1,11,8,-3,-4,3,3,-8,-5,2,-11,10,-1,-9,6,-1,4,5,-8,-31,-1,-5,5,-14,11,-2,12,-20,12,3,9,2
0.125,0.3125,-0.4375,0.0625,-4.875,-117.13,-42.5,-41.938,15.188,18.375,51.375,43.563,61.75,58,47,36.125,20.25,12.125,7.875,5.375,-6.4375,-12,-8.5,-2.9375,6.9375,11.813,-9.375,-10.813,12.188,3.4375,10.063,-6.25,-10.5,-34.5,-36.438
0.125,0.3125,-0.4375,0.0625,-4.875,-117.13,-42.5,-41.938,15.188,18.375,51.375,43.563,61.75,58,47,36.125,20.25,12.125,7.875,5.375,-6.4375,-12,-8.5,-2.9375,6.9375,11.813,-9.375,-10.813,12.188,3.4375,10.063,-6.25,-10.5,-34.5,-36.438
0.125,0.3125,-0.4375,0.0625,-4.875,-117.13,-42.5,-41.938,15.188,18.375,51.375,43.563,61.75,58,47,36.125,20.25,12.125,7.875,5.375,-6.4375,-12,-8.5,-2.9375,6.9375,11.813,-9.375,-10.813,12.188,3.4375,10.063,-6.25,-10.5,-34.5,-36.438
6.7683,6.7671,6.7667,6.7661,6.7683,6.7188,6.6426,6.6165,6.6063,6.6484,6.7279,6.8191,6.9761,7.2838,7.5857,7.9382,8.1615,8.3093,8.4096,8.4658,8.4979,8.5858,8.7208,8.8056,8.7098,8.5776,8.5845,8.7082,8.8543,8.744,8.5268,8.1139,7.7536,7.4358,7.1054
3.0417,3.0416,3.0417,3.0412,3.0436,3.0809,3.1958,3.4362,3.9656,4.4589,5.1404,5.6108,6.0087,6.3951,6.5728,6.709,6.7598,6.7868,6.7995,6.8065,6.8083,6.808,6.8003,6.7952,6.8169,6.8307,6.8281,6.8237,6.8301,6.8549,6.8703,6.8278,6.7205,6.5384,6.1983
3.9148,3.9159,3.9162,3.9168,3.9117,3.8276,3.7647,3.7313,3.7235,3.7078,3.7343,3.8014,3.9271,4.1984,4.4605,4.7847,4.9849,5.1305,5.219,5.2711,5.3142,5.4316,5.6062,5.7049,5.5852,5.422,5.4375,5.5934,5.7488,5.6054,5.3567,4.8934,4.5181,4.1924,3.8773
0.89502,0.89746,0.90332,0.90918,0.89746,0.90283,0.92627,0.9751,1.0205,0.85645,0.49609,0.18359,-0.074707,-0.3125,-0.39355,-0.55371,-0.62939,-0.75635,-0.77002,-0.82275,-0.8291,-0.80615,-0.90869,-0.97217,-0.87744,-0.8833,-0.85791,-0.8418,-0.90381,-1.0078,-0.86768,-0.82324,-0.73389,-0.63867,-0.61963
0.33936,0.33545,0.33105,0.33398,0.32959,0.33057,0.34229,0.4043,0.58545,0.87598,0.79688,0.89404,1.019,0.8877,0.85986,0.59961,0.5459,0.33691,0.35889,0.3208,0.38721,0.37744,0.29639,0.16016,0.29395,0.36963,0.38379,0.41162,0.32568,0.19189,0.34326,0.25928,0.354,0.40039,0.52588
0.17676,0.18994,0.17676,0.17773,0.18311,0.18799,0.16016,0.14697,0.2876,0.56934,0.61084,0.56445,0.49854,0.46289,0.40088,0.26807,0.1499,-0.0092773,-0.10791,-0.12988,-0.15918,-0.042969,-0.29102,-0.39063,-0.229,-0.14697,-0.11279,-0.10498,-0.2627,-0.52148,-0.29736,-0.16064,-0.075684,-0.031738,0.055176
-2,2,19,-9,27,22,8,0,-23,-7,1,-3,30,-26,-3,-13,21,-3,-31,0,32,29,-2,10,-23,0,2,0,-24,-6,1,-6,-3,5,-8
0,-1,2,2,1,-1,-10,7,6,-7,14,-11,5,-6,6,3,0,2,-5,-5,16,0,-1,2,-3,5,-11,-7,-5,-9,-3,-3,-5,4,-2
-4,0,-2,0,1,-2,-7,10,0,-4,5,-5,6,-10,7,5,-6,3,-5,-2,5,-1,-2,0,0,5,-7,4,1,-2,-2,1,-2,1,1
-1,0,1,1,-1,-1,-4,-1,1,-2,9,2,1,-4,-1,2,-1,-2,-2,-2,-2,0,-9,2,-2,-1,-3,-1,3,-1,-1,1,0,-1,1
-2,-1,10,1,-1,-2,-1,-1,1,-4,3,4,7,-3,0,0,4,-2,-3,-4,-2,3,-15,3,1,1,-7,-3,14,-10,1,4,-1,-5,-7
-15,-7,14,3,3,1,-1,-2,0,-11,4,2,9,2,-2,-9,9,1,-13,9,12,6,-41,-6,-2,-14,-9,-26,-3,22,-1,-1,3,5,-5
-2,-2,3,0,2,-2,-3,-1,2,2,2,-4,4,2,4,1,3,5,13,1,10,14,-2,-2,-1,3,-4,0,4,3,-5,-8,-10,5,-3
0,3,4,-1,0,2,1,0,0,0,8,-7,22,6,3,-1,11,3,3,9,7,-3,0,1,-4,10,-2,-8,4,-4,2,4,-11,4,2
-1.375,-0.0625,-0.375,-0.1875,1.6875,-0.1875,-11.625,-101.31,-28.938,-40,10.313,21.125,57,53.125,74.25,65.063,56.625,34.375,28.625,2.5625,2.5625,-14.938,-8.4375,15.625,-3.375,15.625,-1.875,-5.9375,-10,-5.625,4.6875,5.625,-4.4375,-14.313,-34.438
-1.375,-0.0625,-0.375,-0.1875,1.6875,-0.1875,-11.625,-101.31,-28.938,-40,10.313,21.125,57,53.125,74.25,65.063,56.625,34.375,28.625,2.5625,2.5625,-14.938,-8.4375,15.625,-3.375,15.625,-1.875,-5.9375,-10,-5.625,4.6875,5.625,-4.4375,-14.313,-34.438
-1.375,-0.0625,-0.375,-0.1875,1.6875,-0.1875,-11.625,-101.31,-28.938,-40,10.313,21.125,57,53.125,74.25,65.063,56.625,34.375,28.625,2.5625,2.5625,-14.938,-8.4375,15.625,-3.375,15.625,-1.875,-5.9375,-10,-5.625,4.6875,5.625,-4.4375,-14.313,-34.438
6.6997,6.6995,6.698,6.6971,6.6959,6.6972,6.699,6.6283,6.5587,6.5298,6.5268,6.5885,6.6761,6.7714,6.9296,7.1942,7.4604,7.8128,8.0503,8.1809,8.2475,8.2768,8.4988,8.6911,8.5282,8.3698,8.277,8.2915,8.5211,8.7303,8.6243,8.3835,8.0111,7.7051,7.4077
3.136,3.1364,3.1369,3.1367,3.1354,3.1364,3.1398,3.1794,3.3016,3.5525,4.0799,4.7139,5.1924,5.635,6.0051,6.3921,6.5883,6.7493,6.811,6.8352,6.8413,6.8344,6.8393,6.8334,6.833,6.8301,6.8305,6.8341,6.8342,6.8333,6.8578,6.8505,6.7731,6.6487,6.4365
4.0731,4.0725,4.073,4.0732,4.0759,4.0779,4.0664,4.0191,3.9952,3.9841,3.9165,3.8661,3.8576,3.888,3.9633,4.154,4.3625,4.6801,4.8866,5.0153,5.0792,5.1351,5.3923,5.5859,5.3921,5.2014,5.0975,5.1254,5.4101,5.6504,5.495,5.2252,4.8103,4.4813,4.1773
0.92139,0.91553,0.92432,0.90869,0.91357,0.99854,1.0493,0.95508,0.43311,0.23828,-0.078125,-0.29102,-0.43262,-0.53125,-0.61182,-0.74365,-0.78613,-0.79736,-0.63623,-0.94043,-0.93115,-0.85156,-0.90869,-0.87646,-0.89404,-0.96436,-0.8667,-0.81934,-0.77246,-0.73291,-0.62939,-0.62549,-0.45557,-0.26025,-0.12793
0.30615,0.30029,0.30322,0.30908,0.30908,0.49268,0.55322,0.80518,1.0488,0.98047,1.0317,0.90625,0.75049,0.5459,0.46094,0.39941,0.35742,0.38135,0.36328,0.27539,0.20361,0.27539,0.38623,0.36328,0.31445,0.20605,0.27783,0.22021,0.27051,0.35547,0.51465,0.57764,0.76855,0.87012,0.90039
0.15283,0.16162,0.16016,0.14502,0.15869,0.095215,0.23779,0.58447,0.54932,0.52734,0.44336,0.43164,0.30566,0.15039,0.069336,-0.062012,-0.14893,-0.19434,-0.077148,-0.33936,-0.44189,-0.28369,-0.14551,-0.13623,-0.29102,-0.45313,-0.29346,-0.20166,-0.20117,-0.041016,-0.0019531,0.11084,0.31055,0.39941,0.48633
28,3,4,11,4,-9,38,-18,-5,47,-10,-11,68,30,23,-32,-69,26,-4,11,34,-3,-4,-8,22,-5,23,-9,0,14,11,2,1,41,8
-3,0,0,0,-5,-17,9,-12,29,33,-1,2,-8,5,2,-4,-7,-8,11,0,12,-12,-1,5,6,0,1,-5,1,2,6,-1,2,0,-9
0,-1,-2,-1,-9,-7,-32,-10,4,24,1,-3,-7,2,-1,-5,-2,-10,10,-6,7,-2,-1,12,5,4,-2,-2,1,1,3,-4,2,-4,-4
-2,1,0,0,-4,0,-13,-3,1,7,-2,-1,-2,1,-1,-3,-1,-6,3,-6,2,0,-3,2,3,-1,-3,-2,-2,0,2,8,-1,-4,-7
-5,-10,2,-5,-3,-1,-11,-1,3,10,-7,4,-4,6,-1,-8,-2,-5,8,-2,1,-4,-11,2,10,4,0,-4,-2,1,8,5,2,0,-5
-11,-12,-13,-3,1,3,6,-6,-1,-3,7,-1,0,-3,0,-15,2,-5,-12,11,4,25,-18,-9,3,-1,0,-4,-14,10,2,2,1,3,-3
-3,1,-2,-1,-4,5,0,-5,3,6,3,-2,2,12,-2,5,-1,-11,-41,2,-3,21,-16,-8,10,-5,13,2,-7,29,-1,-3,4,-2,-2
2,-1,7,2,1,6,4,3,3,9,-4,-7,-2,0,8,-8,1,5,30,-8,14,-13,1,3,0,-1,-4,2,-6,7,-3,-5,4,7,-9
0.125,1,-1.3125,0.8125,0.625,-85.375,-21.313,-43.063,23.75,18.188,56.75,62.313,59.438,57.875,44.25,27.625,14.5,-4.75,0.5625,-10,17.375,1.6875,7.5625,-9.0625,-14.125,-8,9.625,3.3125,-1.125,-22.688,-18.188,-28.063,-22.063,-13.5,-22.813
0.125,1,-1.3125,0.8125,0.625,-85.375,-21.313,-43.063,23.75,18.188,56.75,62.313,59.438,57.875,44.25,27.625,14.5,-4.75,0.5625,-10,17.375,1.6875,7.5625,-9.0625,-14.125,-8,9.625,3.3125,-1.125,-22.688,-18.188,-28.063,-22.063,-13.5,-22.813
0.125,1,-1.3125,0.8125,0.625,-85.375,-21.313,-43.063,23.75,18.188,56.75,62.313,59.438,57.875,44.25,27.625,14.5,-4.75,0.5625,-10,17.375,1.6875,7.5625,-9.0625,-14.125,-8,9.625,3.3125,-1.125,-22.688,-18.188,-28.063,-22.063,-13.5,-22.813
6.7566,6.7567,6.7546,6.7533,6.7549,6.7362,6.6498,6.6138,6.6545,6.6974,6.8054,6.9315,7.126,7.4761,7.7299,7.9557,8.1301,8.2891,8.3938,8.6673,8.8018,8.6311,8.493,8.488,8.6546,8.8388,8.7674,8.5822,8.3155,7.8188,7.4642,7.1891,6.9894,6.9169,6.8622
3.0715,3.0712,3.0713,3.0715,3.0715,3.1034,3.2192,3.4879,4.1088,4.6631,5.3729,5.8296,6.1906,6.5013,6.6234,6.7081,6.761,6.7871,6.7899,6.8005,6.8003,6.8063,6.8171,6.836,6.832,6.8194,6.842,6.8565,6.846,6.7392,6.5653,6.3179,5.9088,5.5669,5.2043
4.0184,4.019,4.0204,4.0223,4.0215,3.9719,3.9474,3.9365,3.8943,3.8645,3.884,3.9626,4.11,4.3961,4.6137,4.8184,4.9881,5.1519,5.2823,5.6006,5.7388,5.5373,5.3754,5.3946,5.6063,5.822,5.7191,5.5098,5.2143,4.6973,4.3183,4.0284,3.79,3.6893,3.6278
0.88184,0.8916,0.91406,0.88721,0.99268,0.71826,0.49902,0.28174,-0.0058594,-0.27002,-0.39648,-0.51807,-0.70215,-0.77783,-0.79297,-0.84229,-0.8374,-0.8418,-0.85303,-0.90186,-0.91846,-1.0474,-0.96582,-0.91455,-0.9126,-0.90723,-0.9165,-0.92969,-0.98096,-0.97705,-0.87891,-0.87549,-0.73926,-0.63525,-0.52295
0.42236,0.42139,0.45654,0.521,0.66699,0.81836,0.99316,1.04,0.95752,0.88818,0.72998,0.64795,0.55518,0.4624,0.48242,0.44531,0.39453,0.32666,0.38086,0.2832,0.28223,0.25,0.25781,0.33203,0.36133,0.34375,0.33105,0.30127,0.22119,0.24414,0.25,0.28223,0.37207,0.44629,0.57129
0.16357,0.14746,0.14795,0.22559,0.2627,0.4624,0.52441,0.51514,0.49707,0.38818,0.29932,0.25977,0.13672,0.046387,-0.058105,-0.095215,-0.12744,-0.11426,-0.073242,-0.20801,-0.31299,-0.44238,-0.22119,-0.13916,-0.1167,-0.11133,-0.15576,-0.20166,-0.40625,-0.30029,-0.24414,-0.17627,-0.06543,0.018066,0.11719
-8,5,23,-9,4,25,27,-29,4,-19,4,32,-7,11,4,-26,-12,-7,-3,-14,19,24,-1,-6,35,34,-51,-35,24,-1,-14,4,2,18,-9
-3,-2,-5,9,-17,7,-14,0,-6,-14,1,5,-10,-4,9,3,2,-16,-2,-2,5,0,5,1,7,5,-14,-6,9,1,-3,0,0,-3,2
-1,-3,-3,4,-20,11,-11,6,-4,-11,1,-1,-5,-3,4,2,-2,-12,6,-1,3,-1,3,-2,8,4,-6,-7,9,2,1,-1,1,-6,-2
-4,-2,-2,0,-4,3,-3,1,-2,-4,-2,0,-2,-4,1,-2,3,-6,0,-2,5,2,1,0,2,0,-7,1,3,1,0,0,-1,0,-2
0,-1,-4,5,-2,-2,0,1,-3,-5,-3,1,1,-4,-3,-4,2,1,2,-4,1,4,-1,1,3,-3,-5,2,9,2,1,0,1,0,2
6,-1,-3,-2,-3,1,0,0,-3,-1,2,4,0,-1,15,-1,-1,2,-12,-11,0,3,-1,-4,6,-3,4,-8,1,-1,3,2,-6,0,-17
0,0,4,1,-3,1,0,2,0,-7,0,2,0,1,1,19,-17,-7,-15,-30,5,4,8,-9,6,1,-8,4,-12,4,-9,4,0,0,-5
-4,2,2,2,-7,-4,0,0,6,-8,-6,5,-15,5,18,7,-3,-7,-25,-33,19,-15,4,11,1,9,-27,7,11,-8,5,3,5,16,-10
-33.313,-8.25,-14,19.5,-52.375,-27.688,6.125,24.188,32.563,45.25,40.563,38.75,23.375,20.375,23.625,7.625,9.9375,-0.8125,-1.375,-9.8125,-4.6875,2.5,14.625,13.313,6.1875,-3.1875,-12.125,-14.5,-5.6875,15,9,16.938,-1.5,-19.438,-12.375
-33.313,-8.25,-14,19.5,-52.375,-27.688,6.125,24.188,32.563,45.25,40.563,38.75,23.375,20.375,23.625,7.625,9.9375,-0.8125,-1.375,-9.8125,-4.6875,2.5,14.625,13.313,6.1875,-3.1875,-12.125,-14.5,-5.6875,15,9,16.938,-1.5,-19.438,-12.375
-33.313,-8.25,-14,19.5,-52.375,-27.688,6.125,24.188,32.563,45.25,40.563,38.75,23.375,20.375,23.625,7.625,9.9375,-0.8125,-1.375,-9.8125,-4.6875,2.5,14.625,13.313,6.1875,-3.1875,-12.125,-14.5,-5.6875,15,9,16.938,-1.5,-19.438,-12.375
6.8165,6.8177,6.8275,6.8186,6.7638,6.6716,6.6827,6.7402,6.7879,6.8996,7.0012,7.1426,7.3546,7.5243,7.713,7.8654,8.015,8.0916,8.1647,8.3489,8.5497,8.6362,8.475,8.3174,8.2224,8.1938,8.2926,8.4555,8.6936,8.6632,8.455,8.0902,7.7679,7.4519,7.1474
3.1821,3.1994,3.2388,3.3406,3.4764,3.7218,4.092,4.6894,5.1587,5.7098,6.0341,6.2798,6.5046,6.6274,6.7073,6.7685,6.824,6.8486,6.8623,6.8873,6.8922,6.8916,6.9065,6.9095,6.9137,6.9159,6.9224,6.92,6.9015,6.9185,6.9199,6.8859,6.7807,6.5924,6.233
3.973,3.9367,3.9078,3.9446,3.9615,3.9745,3.9608,3.9222,3.9103,3.9413,4.006,4.1161,4.3101,4.475,4.6496,4.7966,4.94,5.0231,5.1009,5.3254,5.5483,5.6298,5.4341,5.2408,5.1235,5.0966,5.2234,5.4247,5.6972,5.6409,5.4007,4.9741,4.6039,4.2649,3.9198
0.87646,0.8833,0.8916,0.90186,0.88574,1.0137,0.89844,0.67188,0.43799,0.1626,-0.10498,-0.34717,-0.47656,-0.53662,-0.6709,-0.73193,-0.81104,-0.81299,-0.80859,-0.84912,-0.82861,-0.84619,-0.93408,-1.0479,-0.89551,-0.88916,-0.83398,-0.88281,-0.88281,-0.95166,-0.94189,-0.82861,-0.83887,-0.75781,-0.75146
0.42236,0.3916,0.41602,0.36475,0.4668,0.52246,0.81494,0.9165,1.0015,0.9917,1.0024,0.86182,0.71094,0.57324,0.43506,0.40771,0.38281,0.37012,0.396,0.40674,0.3667,0.28369,0.27246,0.31396,0.35156,0.33838,0.396,0.34717,0.34521,0.26172,0.089355,0.30176,0.24463,0.35303,0.41406
0.14453,0.16162,0.15625,0.18555,0.11768,0.17041,0.37207,0.49707,0.52979,0.47021,0.43506,0.34668,0.25879,0.16113,0.01416,-0.06543,-0.18213,-0.19971,-0.21436,-0.15039,-0.17627,-0.27686,-0.44238,-0.47559,-0.2915,-0.23291,-0.146,-0.16553,-0.23633,-0.34814,-0.41846,-0.25879,-0.19238,-0.15332,-0.089355
4,-5,43,15,-1,-16,16,2,-29,39,-4,20,-28,-29,-31,-3,3,-7,16,38,13,20,-13,-10,26,-1,10,-31,-18,17,-25,8,-11,-27,-62
1,-2,4,2,9,-4,-2,-16,-2,0,4,1,-11,-3,3,-3,-6,6,-3,-1,11,-9,-2,-6,1,-1,-4,-6,-5,-5,-2,9,-7,1,-8
1,0,0,0,17,-3,3,-7,2,0,1,4,-8,-2,-2,0,-4,4,-3,-4,7,-7,2,-4,1,-3,0,-5,-4,-4,-1,5,-4,3,-3
-1,-1,0,-1,1,0,-3,2,-3,1,0,1,-1,-1,0,2,-2,0,0,-2,2,-2,0,-3,0,-1,2,-2,-4,-3,-2,1,-2,1,-2
-1,0,-4,0,1,-5,-3,1,-4,3,-2,3,-1,-4,0,1,-2,-1,-3,-3,0,-1,-2,-1,1,-3,2,1,0,2,-3,2,-6,2,-3
0,1,-8,-1,1,-4,6,0,0,-4,5,11,-3,-5,5,7,-1,-3,10,-1,8,11,4,1,4,-4,0,17,-14,10,-1,8,-9,-5,1
1,-4,0,-1,0,-4,0,1,-1,0,0,3,-4,-6,-4,16,-3,8,15,-1,9,32,4,3,1,0,2,-5,-14,-9,-2,9,-11,-19,-6
3,-4,9,1,-8,-9,3,1,0,9,-4,-2,-10,-19,0,3,-5,17,25,10,13,0,16,0,-1,-5,4,-14,-32,-13,-7,9,-15,-4,-11
-1.8125,-12.625,1,-8.625,-21.438,-89.063,-34.688,-2.9375,14.063,36.938,51.875,49.25,56.375,44.563,27.313,23.313,4.6875,1.25,6.75,-1.5,-13,-18,-2.3125,-8.625,7.8125,14.688,0.5625,-10.813,-16.188,-11.938,5.3125,-1.125,3.75,-1.1875,-18.25
-1.8125,-12.625,1,-8.625,-21.438,-89.063,-34.688,-2.9375,14.063,36.938,51.875,49.25,56.375,44.563,27.313,23.313,4.6875,1.25,6.75,-1.5,-13,-18,-2.3125,-8.625,7.8125,14.688,0.5625,-10.813,-16.188,-11.938,5.3125,-1.125,3.75,-1.1875,-18.25
-1.8125,-12.625,1,-8.625,-21.438,-89.063,-34.688,-2.9375,14.063,36.938,51.875,49.25,56.375,44.563,27.313,23.313,4.6875,1.25,6.75,-1.5,-13,-18,-2.3125,-8.625,7.8125,14.688,0.5625,-10.813,-16.188,-11.938,5.3125,-1.125,3.75,-1.1875,-18.25
6.9073,6.8978,6.9165,6.9163,6.9211,6.8379,6.7603,6.7193,6.7377,6.7856,6.8964,7.0065,7.1711,7.4751,7.6967,7.9166,8.123,8.2058,8.2666,8.3233,8.4139,8.585,8.7404,8.7535,8.5875,8.4772,8.3917,8.4174,8.5838,8.7998,8.9064,8.7125,8.4551,8.0585,7.7326
3.1947,3.2032,3.2154,3.2312,3.2512,3.3148,3.4924,3.9123,4.3497,4.8298,5.4425,5.8496,6.1745,6.4611,6.5958,6.6859,6.749,6.7663,6.7738,6.7767,6.7857,6.7828,6.7614,6.7547,6.7807,6.7989,6.8061,6.8259,6.8309,6.8234,6.8274,6.8482,6.8457,6.781,6.6645
3.98,3.9597,3.9405,3.9268,3.902,3.8546,3.8506,3.868,3.8593,3.851,3.8776,3.9513,4.0806,4.3355,4.5507,4.7597,4.965,5.0554,5.1122,5.178,5.3002,5.5234,5.7067,5.7208,5.5151,5.3687,5.2585,5.3043,5.523,5.7826,5.898,5.6573,5.3798,4.9282,4.5834
0.89502,0.93262,0.89404,0.90039,0.90283,0.89893,0.89551,0.89209,0.89209,0.90088,0.91895,0.94971,0.96484,1.0542,0.98438,0.85254,0.63721,0.45654,0.21973,0.0063477,-0.14063,-0.25879,-0.33301,-0.34082,-0.44824,-0.49121,-0.53906,-0.58008,-0.67432,-0.74268,-0.74268,-0.78662,-0.84229,-0.8623,-0.85352
0.28174,0.37207,0.3457,0.35107,0.34814,0.34521,0.35156,0.33643,0.33643,0.34326,0.35596,0.41309,0.43262,0.56641,0.65918,0.79053,0.85889,0.92188,1.0483,1.0518,1.0029,0.98926,0.89307,0.80029,0.65625,0.53174,0.46875,0.40332,0.33057,0.36768,0.36768,0.36084,0.29346,0.4082,0.37744
0.13867,0.18506,0.17285,0.16504,0.16357,0.18018,0.18262,0.16992,0.16992,0.17285,0.16455,0.11084,0.1748,0.23584,0.35107,0.57764,0.63574,0.64453,0.60742,0.57227,0.5498,0.55615,0.46338,0.40332,0.30225,0.20264,0.12207,0.083984,-0.01123,-0.060547,-0.060547,-0.12939,-0.19287,-0.2085,-0.16846
9,-7,4,-9,7,0,-5,-4,-4,-1,-28,18,-1,-28,5,-9,20,-3,4,-16,-12,-10,9,18,-1,-32,38,29,4,-4,-4,3,10,-52,1
-6,-1,0,-5,0,-3,-2,-3,-3,-1,-4,5,3,-14,-14,18,11,16,-22,23,0,-10,0,4,1,-4,-2,1,1,7,7,9,-5,-4,-2
-4,-2,0,-2,-1,-2,0,-3,-3,-1,4,3,-8,-9,-16,25,0,8,-22,9,2,-9,5,1,-2,-4,-6,-2,-2,6,6,5,-2,-2,-2
-2,0,-1,-1,-1,0,-1,-3,-3,-1,0,-1,-8,-6,-7,3,2,6,-1,2,-1,-6,1,0,2,-2,-3,0,-1,1,1,0,-2,-2,0
-1,-2,2,-1,-3,-2,0,-7,-7,0,2,-1,-1,-3,-3,6,1,4,-3,-2,-2,-2,7,-2,2,-10,-3,0,-1,0,0,-1,1,0,6
-4,-7,3,-2,-3,3,-6,3,3,3,1,0,-4,-3,8,1,1,-2,4,-3,0,10,1,-10,19,2,2,-4,-11,-2,-2,8,1,1,2
-2,0,-1,-5,-4,3,-1,-1,-1,1,-1,0,-4,-3,0,1,0,2,-2,0,-5,-1,2,-3,6,9,-8,13,2,0,0,0,5,2,-6
1,-4,5,-4,-4,-4,-3,-4,-4,0,-10,6,-2,-14,-1,-1,5,-2,-12,-11,-11,7,4,11,-9,-4,7,-6,-3,-5,-5,8,-4,4,-7
-4.625,7.5,2.0625,3,-0.1875,-0.125,-1.1875,-4.5,-4.5,-2.0625,-6.4375,-32.25,-37.5,-44.313,-36,-22.063,-8.5,10,21.125,27.813,44.625,56,60.5,69.25,61,58.313,51.313,32,24.188,19.625,19.625,0.3125,-1.0625,6,-5.0625
-4.625,7.5,2.0625,3,-0.1875,-0.125,-1.1875,-4.5,-4.5,-2.0625,-6.4375,-32.25,-37.5,-44.313,-36,-22.063,-8.5,10,21.125,27.813,44.625,56,60.5,69.25,61,58.313,51.313,32,24.188,19.625,19.625,0.3125,-1.0625,6,-5.0625
-4.625,7.5,2.0625,3,-0.1875,-0.125,-1.1875,-4.5,-4.5,-2.0625,-6.4375,-32.25,-37.5,-44.313,-36,-22.063,-8.5,10,21.125,27.813,44.625,56,60.5,69.25,61,58.313,51.313,32,24.188,19.625,19.625,0.3125,-1.0625,6,-5.0625
6.7661,6.7773,6.7727,6.7748,6.7767,6.7764,6.7762,6.775,6.775,6.7741,6.7712,6.7577,6.7137,6.6663,6.604,6.562,6.5544,6.5718,6.6028,6.6344,6.6802,6.7464,6.837,6.9617,7.1251,7.3191,7.5234,7.7044,7.8698,8.0066,8.0066,8.0948,8.1586,8.1957,8.199
3.1684,3.1539,3.1423,3.1403,3.1392,3.1417,3.1431,3.1451,3.1451,3.1465,3.1499,3.1656,3.203,3.281,3.4095,3.6007,3.8586,4.1649,4.5068,4.8671,5.2251,5.5696,5.876,6.1389,6.3543,6.5182,6.6306,6.703,6.7542,6.789,6.789,6.8106,6.8261,6.8286,6.8257
3.8698,3.8705,3.8786,3.8782,3.8774,3.8766,3.876,3.8728,3.8728,3.8703,3.8673,3.8563,3.8587,3.8643,3.887,3.9035,3.8973,3.8791,3.858,3.8472,3.8552,3.8812,3.9363,4.0243,4.1561,4.3225,4.4999,4.6679,4.8251,4.9524,4.9524,5.0447,5.1165,5.149,5.1564
0.89014,0.87988,0.90283,0.896,0.90039,0.97949,0.98438,0.94238,0.59424,0.42236,0.14697,-0.16162,-0.31494,-0.45654,-0.59912,-0.71338,-0.77637,-0.78027,-0.8208,-0.88428,-0.8335,-0.89111,-0.90039,-0.93848,-0.93652,-0.93848,-0.89014,-0.88574,-0.93213,-0.95361,-0.86279,-0.82275,-0.8125,-0.74561,-0.73926
0.34912,0.3501,0.33984,0.34619,0.36377,0.46143,0.52002,0.70068,0.84375,0.84863,0.96094,0.92236,0.85889,0.71387,0.62109,0.51904,0.43848,0.43213,0.37305,0.36963,0.33105,0.31982,0.23926,0.29883,0.34473,0.34521,0.33887,0.36719,0.30664,0.20459,0.30273,0.33105,0.30859,0.33496,0.41309
0.16895,0.17334,0.17773,0.16211,0.1665,0.12695,0.17627,0.47754,0.60254,0.56689,0.5376,0.47998,0.41846,0.3457,0.23096,0.19043,0.037598,-0.05127,-0.10693,-0.16406,-0.16113,-0.19336,-0.35889,-0.20654,-0.17676,-0.17627,-0.14844,-0.16504,-0.23682,-0.32617,-0.19873,-0.14209,-0.10986,-0.10693,0.010742
-2,-2,-1,-23,1,-12,4,23,-2,0,-17,5,14,-4,24,5,-17,14,5,-22,13,1,1,14,16,6,0,-10,12,4,-46,0,0,15,-7
-3,0,-2,-8,-1,14,7,10,8,0,-4,0,-4,-2,0,5,2,8,2,-3,-2,-6,-3,-3,-1,-10,-1,-1,5,6,-9,-3,0,4,1
-1,1,-2,-4,-2,8,7,-3,3,9,-5,2,-2,-3,-6,2,-1,6,1,-5,-4,-5,-2,-2,-2,-10,-2,1,4,3,-2,-5,-3,2,0
0,0,-1,-2,-1,1,2,-6,3,1,0,2,-1,-2,0,0,0,2,-1,-2,-3,-1,-2,-2,-1,-3,1,-2,1,-1,0,-1,0,0,-3
-1,-1,-2,-2,-1,1,1,-3,4,-2,-2,0,-4,0,2,6,-2,1,-2,-1,-1,-5,-3,-1,1,-3,-8,-1,-2,-4,-9,1,-4,-3,-3
-11,0,-3,6,-4,-1,4,2,4,-4,6,-7,-7,0,6,10,-5,4,6,2,-15,-22,2,-5,-1,2,-6,-4,-12,-2,-5,-6,-2,-5,7
-3,-1,-1,-5,-4,0,-1,2,2,-2,2,3,-5,-2,2,-12,6,2,6,8,-1,-37,-21,-7,-11,1,-2,8,-4,-1,-15,-25,-20,15,8
-2,-4,-4,-9,-2,-17,-3,-2,3,2,1,2,-3,-3,6,-5,-2,8,1,-6,0,-5,-26,-14,-15,-4,-2,5,20,14,-17,-7,5,-4,-15
-1.625,0.375,-1.5625,-0.625,-1.125,-35.25,-44.313,-28.75,-9.0625,2.9375,23.125,34.625,42.063,44.125,44.375,27,33.563,14.438,10.813,7.875,0.125,-17.938,-0.125,-1.875,5.4375,3.6875,-3.8125,-12,-9.4375,9.8125,2.1875,2.75,-9.5625,-7.125,-39.313
-1.625,0.375,-1.5625,-0.625,-1.125,-35.25,-44.313,-28.75,-9.0625,2.9375,23.125,34.625,42.063,44.125,44.375,27,33.563,14.438,10.813,7.875,0.125,-17.938,-0.125,-1.875,5.4375,3.6875,-3.8125,-12,-9.4375,9.8125,2.1875,2.75,-9.5625,-7.125,-39.313
-1.625,0.375,-1.5625,-0.625,-1.125,-35.25,-44.313,-28.75,-9.0625,2.9375,23.125,34.625,42.063,44.125,44.375,27,33.563,14.438,10.813,7.875,0.125,-17.938,-0.125,-1.875,5.4375,3.6875,-3.8125,-12,-9.4375,9.8125,2.1875,2.75,-9.5625,-7.125,-39.313
6.7948,6.7937,6.792,6.7879,6.782,6.7703,6.7096,6.6321,6.5869,6.5931,6.6443,6.7116,6.8022,6.9249,7.1509,7.3387,7.5691,7.7904,7.9613,8.159,8.2738,8.419,8.5169,8.4284,8.3264,8.2692,8.267,8.3298,8.4609,8.5233,8.3873,8.2785,8.0955,7.8508,7.4238
3.1729,3.1754,3.1756,3.1727,3.1697,3.1852,3.2687,3.4702,3.9259,4.2131,4.8235,5.415,5.802,6.115,6.4024,6.5593,6.6902,6.7665,6.8123,6.8505,6.8636,6.8617,6.8555,6.8659,6.8711,6.8804,6.8797,6.8719,6.8661,6.8699,6.877,6.8775,6.8707,6.8271,6.6646
3.8143,3.8152,3.8151,3.8194,3.8253,3.804,3.7874,3.8169,3.8321,3.8195,3.8065,3.8355,3.8953,3.9895,4.1713,4.3476,4.5644,4.771,4.943,5.1404,5.2625,5.4437,5.5546,5.4461,5.325,5.255,5.2544,5.3392,5.5018,5.5645,5.4013,5.2763,5.0894,4.8407,4.4224
0.90381,0.91162,0.90088,0.91699,0.90674,0.92383,0.95947,1.0146,0.91406,0.61768,0.26611,-0.10645,-0.29004,-0.36816,-0.57324,-0.6377,-0.73828,-0.78125,-0.82227,-0.84131,-0.86816,-0.91797,-0.88037,-0.88867,-0.95068,-0.94238,-0.93555,-0.92334,-0.91016,-0.88086,-0.97949,-0.96191,-0.85986,-0.8501,-0.77344
0.33691,0.33398,0.33301,0.33154,0.33691,0.3457,0.41113,0.50439,0.70068,0.94873,0.96631,0.94531,0.87549,0.8252,0.61865,0.5249,0.46973,0.42822,0.39453,0.3833,0.38232,0.3291,0.32373,0.28369,0.28174,0.31152,0.34229,0.3501,0.33838,0.29541,0.26953,0.32861,0.3335,0.29639,0.34082
0.16309,0.16309,0.15723,0.1626,0.15039,0.13672,0.12549,0.18066,0.5249,0.62744,0.58105,0.53418,0.48389,0.37256,0.21289,0.13574,0.064941,-0.040527,-0.1123,-0.16357,-0.18945,-0.18359,-0.2124,-0.30029,-0.27979,-0.23682,-0.20313,-0.16113,-0.14795,-0.22412,-0.37695,-0.25342,-0.18262,-0.17773,-0.1377
-9,1,-13,-1,-21,0,0,-3,21,-8,-10,-18,2,3,9,2,-20,16,-11,-10,28,-4,-36,11,26,-44,40,13,38,-18,2,3,-3,-5,-26
0,-1,-3,1,-3,2,8,-17,7,-14,4,8,3,-5,5,1,-4,-5,-1,2,1,-2,-10,1,6,-4,0,2,10,1,-2,2,-4,-4,-3
0,-2,-1,-1,-2,-1,9,-6,20,-26,-6,5,6,-6,1,0,-3,0,-2,2,0,-1,-7,2,0,-2,-3,1,9,2,1,-5,-4,-3,-3
-1,-3,-1,0,0,-3,2,-3,8,-9,-1,-1,1,-5,2,0,-1,-1,-2,0,0,0,-5,1,-1,1,0,-1,6,1,-2,-3,-2,0,-3
0,0,1,2,-1,-1,2,-1,-5,2,-3,1,0,-5,1,5,0,2,-1,2,-1,0,-3,-1,2,-4,1,2,3,-4,-7,-2,-11,5,-2
-2,-1,4,0,-2,-3,-2,1,0,-8,3,7,-8,-4,-10,-2,2,6,0,-8,5,-9,7,11,-1,-16,17,1,4,1,-7,1,-5,22,-16
-2,-2,-2,1,-1,0,3,-3,-3,-4,3,-1,2,-10,-3,-22,2,-3,0,9,15,-5,6,2,15,0,-8,1,3,2,8,-2,4,-9,-15
-4,-1,0,1,-7,1,3,-13,6,-7,3,-13,5,-10,4,15,-5,-3,-2,-1,10,-12,-12,-5,8,1,-13,6,5,2,-13,6,-4,4,-14
0.125,0,-0.5625,0.125,0,-3.5625,-46.75,-60.563,-23.938,20.438,12.938,42.875,49.063,46.688,51.438,32.125,39.563,14.313,9.6875,0.5625,0.75,-2.75,-0.625,-0.4375,11.875,2.0625,3.1875,0.5,-6,-11.063,-13.375,11.063,8.3125,6.4375,-7.5625
0.125,0,-0.5625,0.125,0,-3.5625,-46.75,-60.563,-23.938,20.438,12.938,42.875,49.063,46.688,51.438,32.125,39.563,14.313,9.6875,0.5625,0.75,-2.75,-0.625,-0.4375,11.875,2.0625,3.1875,0.5,-6,-11.063,-13.375,11.063,8.3125,6.4375,-7.5625
0.125,0,-0.5625,0.125,0,-3.5625,-46.75,-60.563,-23.938,20.438,12.938,42.875,49.063,46.688,51.438,32.125,39.563,14.313,9.6875,0.5625,0.75,-2.75,-0.625,-0.4375,11.875,2.0625,3.1875,0.5,-6,-11.063,-13.375,11.063,8.3125,6.4375,-7.5625
6.8022,6.8026,6.8017,6.7995,6.798,6.7981,6.7687,6.6931,6.573,6.5893,6.6241,6.6908,6.7749,6.9039,7.1495,7.3746,7.6047,7.8527,8.0024,8.1105,8.1889,8.2985,8.4271,8.5514,8.5351,8.4382,8.3555,8.342,8.3769,8.5051,8.6089,8.5738,8.4205,8.3074,8.0953
3.1222,3.1217,3.1213,3.1198,3.1162,3.1174,3.1498,3.2435,3.541,3.9279,4.4225,5.1267,5.6143,6.0169,6.3988,6.5693,6.6708,6.7397,6.7751,6.7993,6.819,6.8376,6.8405,6.831,6.8456,6.8552,6.8684,6.8709,6.8702,6.8616,6.8528,6.8711,6.8692,6.8707,6.8506
3.917,3.9167,3.9175,3.9201,3.9235,3.9218,3.8973,3.8775,3.9098,3.9105,3.8938,3.9041,3.9507,4.0443,4.2552,4.4573,4.6629,4.8942,5.0437,5.1558,5.2377,5.3621,5.5053,5.6389,5.6033,5.4912,5.3916,5.374,5.4194,5.5825,5.7126,5.661,5.4832,5.3478,5.1179
