0.81445,0.82275,0.81055,0.85205,0.84863,0.91602,0.93213,0.65088,0.60547,0.66016,0.64258,0.59033,0.49219,0.53223,0.48438,0.44727,0.40918,0.58789,0.70361,0.86621,0.66357,0.75537,0.76953,0.73242,0.77197,0.81689,0.75439,0.75732,0.74561,0.76074,0.76807,0.75537,0.76953,0.77051,0.73682
0.44434,0.39844,0.47754,0.36426,0.44189,0.39453,0.4668,0.62842,0.57471,0.62695,0.62695,0.67383,0.65967,0.75684,0.68604,0.71533,0.68066,0.76904,0.3335,0.50049,0.66553,0.53467,0.56934,0.53711,0.49854,0.48828,0.4751,0.51172,0.50586,0.51514,0.52295,0.52686,0.48047,0.46973,0.48779
0.30908,0.31543,0.32324,0.28369,0.29785,0.27783,0.39697,0.39893,0.42578,0.4043,0.41797,0.45215,0.46631,0.45361,0.44287,0.4541,0.44629,0.36963,0.37744,0.41406,0.33789,0.375,0.38086,0.38672,0.35791,0.354,0.34961,0.37305,0.38672,0.37646,0.37695,0.34912,0.3667,0.37354,0.36865
5,1,6,0,8,21,15,31,16,-21,-31,-8,-26,8,-5,14,3,16,1,-5,2,3,-4,5,-7,-4,-6,0,-5,4,-2,4,6,1,-4
-3,-1,9,-9,-8,-4,-28,14,-22,-37,36,-19,17,43,-7,3,-12,-24,9,-5,0,6,-8,24,-7,-8,-5,-4,-7,2,3,-15,1,0,-1
-2,0,0,-4,-4,1,-11,7,2,-13,14,-8,11,8,-7,-6,-12,-114,41,-15,6,-4,-5,12,-14,2,-8,4,-9,-1,3,-7,-5,-3,-2
-1,0,-1,-2,-3,-3,-10,4,10,1,-6,-1,2,3,-3,-2,-11,-58,-20,-4,0,-4,-11,0,14,-1,-27,1,-13,5,-9,5,-2,-2,2
0,0,0,-6,-1,-1,-7,1,0,4,2,-4,2,-5,-4,3,-19,-78,5,34,0,-8,9,4,2,-2,4,-5,-9,5,5,-1,-5,1,2
0,-7,-6,-2,-1,4,-7,1,-3,1,-1,-12,-4,1,3,-5,-31,17,-18,3,11,-3,4,-9,-8,-6,-4,3,2,-3,-1,2,3,-4,-1
2,-3,-10,2,8,19,-13,12,-19,-5,0,-15,-3,25,14,-23,31,94,47,-5,-17,10,-56,10,4,-8,61,3,-12,6,0,-2,-14,4,49
-2,-1,1,-9,8,10,0,22,46,22,8,1,4,39,4,-11,7,21,31,22,20,-39,-40,-1,16,7,-23,-21,-27,10,25,10,21,3,-2
12.25,-1.8125,-8.0625,0.1875,-7.75,-43.938,-27.625,1.3125,-10.5,1.6875,7.375,13.938,5.5,3.125,5.25,4.1875,16.188,-19.375,-0.625,-27.563,-6.4375,14.125,-2.875,1.875,4.875,0.875,-0.5,-2.25,1.125,-0.4375,-1.125,-16.313,-1.9375,0.9375,14.063
12.25,-1.8125,-8.0625,0.1875,-7.75,-43.938,-27.625,1.3125,-10.5,1.6875,7.375,13.938,5.5,3.125,5.25,4.1875,16.188,-19.375,-0.625,-27.563,-6.4375,14.125,-2.875,1.875,4.875,0.875,-0.5,-2.25,1.125,-0.4375,-1.125,-16.313,-1.9375,0.9375,14.063
12.25,-1.8125,-8.0625,0.1875,-7.75,-43.938,-27.625,1.3125,-10.5,1.6875,7.375,13.938,5.5,3.125,5.25,4.1875,16.188,-19.375,-0.625,-27.563,-6.4375,14.125,-2.875,1.875,4.875,0.875,-0.5,-2.25,1.125,-0.4375,-1.125,-16.313,-1.9375,0.9375,14.063
6.5661,6.5657,6.581,6.5798,6.5979,6.5828,6.5436,6.5473,6.5593,6.5814,6.5985,6.6056,6.6062,6.6066,6.6007,6.6075,6.6122,6.6075,6.5453,6.5533,6.5726,6.5616,6.5503,6.5529,6.5601,6.5584,6.5531,6.5498,6.5443,6.5392,6.5331,6.5298,6.5182,6.5112,6.5184
3.3527,3.367,3.3683,3.3524,3.3423,3.3519,3.4127,3.5992,3.741,3.8496,3.9286,3.9953,4.0404,4.0714,4.0893,4.0974,4.0701,4.0036,3.916,3.781,3.6658,3.5925,3.5565,3.5745,3.5863,3.5853,3.5784,3.5697,3.5629,3.5622,3.5636,3.567,3.5601,3.5527,3.5337
9.5055,9.5044,9.4837,9.4636,9.4255,9.396,9.3682,9.3382,9.3093,9.2797,9.2675,9.274,9.2895,9.2974,9.305,9.3079,9.3195,9.3501,9.3587,9.3365,9.3222,9.3261,9.3191,9.3136,9.3092,9.3097,9.3161,9.3175,9.3265,9.3329,9.338,9.3271,9.3216,9.326,9.3419
0.87012,0.89453,0.89355,0.87207,0.87109,0.87207,0.94727,0.95752,0.7417,0.57324,0.4624,0.41162,0.33984,0.27344,0.20703,0.1748,0.19238,0.2168,0.11523,0.79053,0.54492,0.46094,0.69727,0.76855,0.71143,0.71631,0.72412,0.75049,0.72949,0.73633,0.73438,0.73828,0.68555,0.79541,0.90234
0.35352,0.36182,0.34961,0.38574,0.36084,0.37842,0.37939,0.47266,0.68311,0.65674,0.74512,0.67773,0.66162,0.80078,0.84863,0.82227,0.78662,0.75146,0.61621,0.67188,0.80029,0.68652,0.5835,0.55078,0.58984,0.58301,0.52832,0.54443,0.56055,0.54395,0.52002,0.51611,0.49463,0.38672,0.40332
0.23047,0.22217,0.21582,0.24023,0.24951,0.24707,0.20361,0.33203,0.43311,0.40479,0.4458,0.47998,0.46875,0.51074,0.47852,0.49414,0.46631,0.44043,0.44092,0.57666,0.38232,0.40771,0.41943,0.41309,0.38037,0.38379,0.36719,0.37061,0.37305,0.37354,0.37744,0.38086,0.38965,0.37061,0.2666
-2,3,-2,0,-3,1,0,-4,0,-3,0,24,15,-7,18,1,-13,-3,11,-4,-9,-6,-11,-15,0,-16,7,-7,-6,18,-3,-6,2,6,-6
-2,6,1,-8,-6,-3,3,-3,-6,-7,-3,10,18,-14,-7,-9,-7,-4,5,-10,-17,-17,4,5,7,-12,8,8,-12,14,-1,-2,1,-4,2
0,-2,-3,-2,-2,-4,-5,12,-2,-2,0,4,5,-2,-11,-16,3,-5,2,-7,-18,-13,6,4,-4,-8,14,-2,-6,6,2,-2,0,-2,2
-1,-1,-1,-2,1,4,-2,9,-5,2,1,3,3,10,-6,-9,6,-12,-3,-7,-11,7,7,-8,-16,-10,3,4,-16,2,-2,0,-5,-2,0
0,-2,-1,2,-1,3,-4,1,-9,3,0,11,8,-2,-8,-7,20,18,-43,1,-38,20,18,-10,-5,-15,-26,-24,9,-1,-1,5,3,-7,-3
-2,0,-1,-2,0,-3,-3,1,13,5,-6,11,0,8,1,-11,-5,-5,15,9,-25,2,3,6,-6,-7,7,31,-8,-1,-1,6,4,19,-5
-8,-1,7,0,1,-11,2,12,7,14,48,4,3,-2,-14,-20,2,25,-32,13,-19,4,-36,-9,-1,-11,-2,52,-31,15,-10,-94,15,4,-8
-5,-1,-2,-1,0,-1,-4,-3,-2,19,-4,21,4,19,8,-11,4,-1,26,-6,-16,-12,-67,-37,1,-16,10,-23,-25,30,-15,-13,19,1,-6
-5.25,-17.563,-10.375,2.6875,5.5625,7.75,-41.875,-38.563,-0.6875,-11.375,8.3125,8.875,-4.5,-10.25,-4.8125,3,-4.125,10.625,9.8125,-9.75,4.875,2.6875,-13.938,-1.875,-5.875,6.75,0.625,2.75,-3.25,2.8125,2.625,6.125,14.75,-7.5,20.25
-5.25,-17.563,-10.375,2.6875,5.5625,7.75,-41.875,-38.563,-0.6875,-11.375,8.3125,8.875,-4.5,-10.25,-4.8125,3,-4.125,10.625,9.8125,-9.75,4.875,2.6875,-13.938,-1.875,-5.875,6.75,0.625,2.75,-3.25,2.8125,2.625,6.125,14.75,-7.5,20.25
-5.25,-17.563,-10.375,2.6875,5.5625,7.75,-41.875,-38.563,-0.6875,-11.375,8.3125,8.875,-4.5,-10.25,-4.8125,3,-4.125,10.625,9.8125,-9.75,4.875,2.6875,-13.938,-1.875,-5.875,6.75,0.625,2.75,-3.25,2.8125,2.625,6.125,14.75,-7.5,20.25
6.6878,6.675,6.6618,6.6622,6.6573,6.6617,6.6216,6.564,6.5815,6.6236,6.6775,6.6864,6.6804,6.6721,6.6573,6.6506,6.6418,6.6419,6.6544,6.6477,6.6271,6.6291,6.6117,6.5904,6.5922,6.5982,6.5947,6.5927,6.5949,6.6003,6.6011,6.5921,6.5692,6.5279,6.5178
3.1844,3.198,3.2107,3.2237,3.2338,3.2338,3.2551,3.3513,3.6101,3.8543,4.093,4.3393,4.4507,4.5205,4.574,4.6011,4.6102,4.5598,4.425,4.1718,3.9642,3.8735,3.7705,3.6684,3.6518,3.6502,3.649,3.6491,3.6549,3.6528,3.6434,3.6218,3.5484,3.4603,3.348
9.313,9.2931,9.2788,9.2775,9.2838,9.2881,9.2819,9.261,9.195,9.118,9.0505,9.0058,9.0021,9.0082,9.0221,9.0375,9.0474,9.0506,9.0604,9.066,9.0904,9.1003,9.1125,9.1165,9.1132,9.112,9.1138,9.1162,9.1163,9.113,9.1164,9.1321,9.1942,9.244,9.2685
0.88379,0.89209,0.90088,0.90869,0.8833,0.95947,0.90625,0.72266,0.55225,0.52637,0.36133,0.26611,0.24463,0.31689,0.28516,0.24219,0.1748,0.4043,0.50781,0.40479,0.41016,1.0952,0.82422,0.77441,0.77637,0.82666,0.73584,0.77637,0.86768,0.99561,0.99805,0.9292,0.93311,0.89844,0.92871
0.32764,0.27051,0.35254,0.33301,0.36865,0.31934,0.57764,0.63184,0.5625,0.65186,0.74902,0.74023,0.78662,0.86426,0.86084,0.81592,0.70605,0.76221,0.80078,0.6958,0.63184,0.47461,0.60156,0.56885,0.47754,0.42969,0.4668,0.42773,0.40527,0.23877,0.29688,0.23145,0.35693,0.31201,0.30908
0.23047,0.23877,0.2793,0.18994,0.23389,0.17822,0.42676,0.49268,0.46094,0.36865,0.33154,0.41895,0.44482,0.46338,0.46484,0.45996,0.37744,0.35352,0.49121,0.54004,0.32178,0.3252,0.39355,0.28125,0.36523,0.30029,0.29053,0.21484,0.24854,0.31104,0.19385,0.15332,0.1665,0.16406,-0.12256
-3,4,-4,-2,-36,2,-4,16,0,0,4,5,-3,17,-9,-3,-4,-9,-2,-8,-9,3,7,14,-2,-1,5,-16,-10,0,-4,-7,-1,-3,3
-2,5,-5,-4,4,11,-9,16,-14,-4,1,-6,-10,16,19,-2,1,-13,-11,-14,12,-12,1,4,6,-8,3,-6,-4,-2,-1,-4,2,0,-1
-2,3,-3,-2,12,7,2,4,-17,-5,0,-8,-3,14,11,0,3,-14,-7,-10,-1,-11,1,-2,4,-4,1,0,1,-3,1,-5,2,1,2
-2,0,1,1,4,14,4,4,-44,-23,2,-9,-6,18,17,4,1,-7,-5,12,-6,9,-29,-6,0,1,2,4,0,-2,-1,-2,-1,0,-2
-2,-5,-7,-6,1,3,7,2,2,-30,-3,12,11,-1,50,-16,1,-27,6,83,-26,-6,6,-7,-14,-6,8,1,-2,4,0,1,0,-2,-2
-9,-5,-3,-4,-7,-5,-1,-4,4,-6,-8,-9,5,2,-8,-5,25,-21,-1,-1,-7,-12,6,10,-1,-6,2,-6,-2,5,3,-6,-1,6,2
-4,-22,-11,-8,5,0,-3,-7,-3,-19,-49,-10,6,0,-5,-9,-26,6,1,-22,80,-29,-9,-1,11,5,3,-8,9,6,-5,-6,0,9,-3
0,0,2,-2,5,54,20,4,-1,11,-20,-12,-10,0,-17,-22,-11,17,6,-12,-15,-8,17,20,-15,9,13,-10,-3,5,-26,-4,-1,-4,0
-24.625,1.9375,-20.75,-47.313,-8.75,-62.438,-16.188,16.563,-5.5,-7.8125,16,17.813,-1.0625,3.5625,6.875,0,-4.875,-3,-1.1875,24.313,-13.313,-16.75,-4.5,-8.25,-11.125,5.9375,6.75,-36.688,-63.438,-11.625,90.688,104.94,32.625,24.813,-15
-24.625,1.9375,-20.75,-47.313,-8.75,-62.438,-16.188,16.563,-5.5,-7.8125,16,17.813,-1.0625,3.5625,6.875,0,-4.875,-3,-1.1875,24.313,-13.313,-16.75,-4.5,-8.25,-11.125,5.9375,6.75,-36.688,-63.438,-11.625,90.688,104.94,32.625,24.813,-15
-24.625,1.9375,-20.75,-47.313,-8.75,-62.438,-16.188,16.563,-5.5,-7.8125,16,17.813,-1.0625,3.5625,6.875,0,-4.875,-3,-1.1875,24.313,-13.313,-16.75,-4.5,-8.25,-11.125,5.9375,6.75,-36.688,-63.438,-11.625,90.688,104.94,32.625,24.813,-15
6.5552,6.531,6.5348,6.529,6.5256,6.518,6.5678,6.6279,6.6639,6.7021,6.7385,6.7549,6.7557,6.7613,6.7554,6.7431,6.7283,6.7395,6.7175,6.7122,6.6911,6.6339,6.6272,6.645,6.6472,6.6302,6.6236,6.616,6.6722,6.669,6.7932,6.8857,6.8434,6.6071,6.702
3.1301,3.1382,3.1421,3.1379,3.1481,3.181,3.3827,3.6295,3.9014,4.211,4.3631,4.4403,4.4855,4.4937,4.5036,4.5159,4.4901,4.3842,4.1695,4.0164,3.8646,3.5855,3.4765,3.4441,3.4556,3.4582,3.4456,3.4028,3.2709,3.1592,3.0558,2.9542,2.9259,2.9395,2.9451
9.3549,9.3514,9.3456,9.2857,9.244,9.162,9.0612,9.0102,8.9495,8.8648,8.8421,8.8502,8.8423,8.8371,8.8366,8.8463,8.8586,8.8661,8.916,8.9544,8.9709,8.979,8.974,8.9501,8.9405,8.9503,8.9695,8.9326,8.7569,8.6659,8.6443,8.7562,8.9121,9.1886,9.1045
0.90137,0.90234,0.91211,0.87256,1.0283,1.0518,0.62354,0.43555,0.63135,0.40625,0.10498,0.055176,0.10742,-0.0063477,0.037109,0.071777,-0.086426,0.19971,0.55566,0.41357,0.87744,0.87891,0.77783,0.75342,0.76221,0.82959,0.81396,0.79199,0.80127,0.81396,0.80566,0.78467,0.78418,0.81055,0.85498
0.29346,0.32813,0.33154,0.38037,0.38477,0.28027,0.72119,0.69824,0.73828,0.82422,0.75244,0.71729,0.82471,0.77588,0.86084,0.82422,0.71826,0.68652,0.76953,0.84619,0.71045,0.66211,0.63232,0.52686,0.49072,0.46387,0.45459,0.46631,0.45801,0.50293,0.50732,0.45166,0.46533,0.30518,0.35986
0.22998,0.22656,0.21826,0.24072,0.21777,0.34912,0.55029,0.40479,0.4585,0.42676,0.4624,0.49121,0.51563,0.49268,0.52295,0.51221,0.4668,0.38525,0.54883,0.42676,0.34717,0.4248,0.31641,0.37793,0.35254,0.31885,0.31592,0.32568,0.31689,0.33691,0.29346,0.27832,0.29395,0.30273,0.31006
-2,-1,0,5,17,0,-1,2,-20,-1,7,-15,-10,-10,-16,-7,-1,-3,5,1,3,-15,0,-1,-10,-3,7,-1,1,1,-5,0,5,-1,-14
2,0,-3,2,7,-1,-6,-13,-14,6,-4,12,18,-11,-10,4,6,7,13,-2,3,-18,6,-1,4,-6,-1,-1,3,4,-1,-2,22,-1,-6
1,1,-5,1,-11,-2,9,-7,-8,28,-2,12,20,-2,-5,6,2,22,5,-4,-1,-7,9,-8,8,-7,8,11,2,6,0,-4,10,1,-6
-1,-3,-3,12,10,6,9,1,-11,3,-3,0,9,-2,-7,-1,-16,13,-22,13,-13,0,-3,-8,-9,-14,-1,-21,22,-1,11,-6,1,-1,-7
1,2,-6,2,9,-8,16,-13,-1,-17,19,-12,-1,1,-6,-61,26,12,-68,29,-10,-1,33,2,5,17,-41,-8,-1,6,8,-3,-1,1,-3
1,-2,1,-4,0,-2,7,-4,-6,0,13,4,1,-4,2,-4,-9,-1,-25,7,-2,-2,2,-9,-11,-5,-6,0,-3,5,-1,0,0,4,-2
-8,-8,-1,-8,-3,-8,-12,-14,1,-11,17,-9,-28,12,14,10,-1,-86,-33,5,61,-22,18,-15,-17,1,-6,-6,2,-5,0,5,2,4,-26
6,1,2,-10,7,-27,-22,15,9,12,-5,-10,-12,25,-8,8,6,8,11,-3,4,-19,0,-7,-69,-11,17,1,11,-26,-14,7,-6,-15,-19
1.4375,-7.125,-4.5,-28.313,-105.69,-34.625,33.625,6.5,22.375,9.375,4.375,4.375,0.0625,-2,-0.1875,1.9375,2.5625,2.875,-13.75,27.375,-34.938,-0.3125,-4.25,1.4375,-1.1875,-6.8125,-1.4375,-1.6875,-7.1875,-3.625,-7.4375,-2.25,-2.4375,5.5,29.938
1.4375,-7.125,-4.5,-28.313,-105.69,-34.625,33.625,6.5,22.375,9.375,4.375,4.375,0.0625,-2,-0.1875,1.9375,2.5625,2.875,-13.75,27.375,-34.938,-0.3125,-4.25,1.4375,-1.1875,-6.8125,-1.4375,-1.6875,-7.1875,-3.625,-7.4375,-2.25,-2.4375,5.5,29.938
1.4375,-7.125,-4.5,-28.313,-105.69,-34.625,33.625,6.5,22.375,9.375,4.375,4.375,0.0625,-2,-0.1875,1.9375,2.5625,2.875,-13.75,27.375,-34.938,-0.3125,-4.25,1.4375,-1.1875,-6.8125,-1.4375,-1.6875,-7.1875,-3.625,-7.4375,-2.25,-2.4375,5.5,29.938
6.6032,6.604,6.6013,6.5975,6.5758,6.5002,6.5572,6.6073,6.6577,6.6678,6.6743,6.676,6.6645,6.6491,6.6541,6.6531,6.6547,6.6651,6.6442,6.6521,6.6363,6.6133,6.6014,6.5902,6.5785,6.5732,6.5707,6.577,6.5774,6.5815,6.58,6.5777,6.6031,6.5989,6.6424
3.1301,3.1351,3.1373,3.1612,3.2124,3.3173,3.6252,3.9061,4.1601,4.4709,4.6639,4.7858,4.8595,4.875,4.8617,4.8364,4.7887,4.6154,4.2927,4.0908,3.8643,3.6378,3.5521,3.5159,3.5049,3.4958,3.4897,3.4873,3.4797,3.4709,3.4553,3.4352,3.4073,3.3475,3.2385
9.1577,9.1571,9.1502,9.1041,8.977,8.9057,8.8899,8.8622,8.8527,8.8387,8.8466,8.8545,8.8561,8.8656,8.8689,8.8656,8.8617,8.8648,8.8887,8.9196,8.9364,8.9455,8.9377,8.9286,8.9245,8.915,8.9144,8.9137,8.91,8.9055,8.8985,8.8901,8.8596,8.8424,8.8512
0.86182,0.85938,0.875,0.84717,0.90918,0.89893,0.88477,0.89355,0.90381,0.79102,0.95703,0.56982,0.33838,0.46484,0.52686,0.22021,0.17041,0.22021,0.1958,0.18799,0.22705,0.229,0.23779,0.26514,0.58691,0.72754,0.81152,0.89355,0.89307,0.80371,0.81641,0.83057,0.84082,0.78809,0.87354
0.42041,0.42822,0.35352,0.5542,0.16406,0.36523,0.43652,0.42529,0.36328,0.59717,0.52979,0.79443,0.76074,0.65723,0.70313,0.84033,0.82178,0.85059,0.90381,0.83838,0.85156,0.78613,0.77197,0.79736,0.75781,0.80029,0.64697,0.61133,0.49365,0.53174,0.44678,0.44629,0.42578,0.38965,0.39355
0.20898,0.19629,0.20947,0.18994,0.22168,0.2002,0.19336,0.18896,0.24121,0.22656,0.36328,0.47607,0.36182,0.38574,0.40137,0.42871,0.43164,0.43604,0.39795,0.41748,0.44141,0.40234,0.38281,0.37158,0.43018,0.35059,0.24707,0.21973,0.27686,0.25781,0.28809,0.28174,0.23242,0.19482,0.18213
0,3,-1,1,-1,-2,-2,-22,-1,-15,3,5,-2,9,1,0,1,10,11,8,-7,-2,-6,4,-9,5,4,-16,-9,-5,-1,-3,1,-5,-2
1,-8,-4,-5,1,3,-5,-3,-1,-18,-22,-4,-15,-6,-2,-2,-12,-5,14,9,-1,-7,-9,11,-2,1,-5,-10,-14,1,-3,-4,-1,-2,1
0,0,-5,-4,3,1,-3,5,1,-28,-6,-3,-11,-18,-7,3,-1,-8,14,-5,-1,-8,-8,15,-4,-5,-9,4,-4,-6,-2,0,2,1,0
4,-1,-29,-4,1,1,-1,4,6,-13,4,18,-9,-20,-3,0,5,2,23,-10,-2,1,2,16,-8,-3,-31,7,9,-27,-16,5,2,1,2
-10,6,-14,-1,-2,-3,5,3,-1,-6,-9,8,-31,20,0,11,-8,8,9,0,4,-2,35,-20,19,12,-34,6,8,-37,16,-4,1,-2,5
3,-1,0,-4,-2,-1,0,-1,2,-6,-2,-2,6,-2,1,3,-6,8,-6,6,-5,-21,5,-2,-18,-5,4,4,2,-8,-2,1,4,8,2
-3,6,-2,-8,5,-1,-2,-2,-3,-16,0,81,-28,-19,15,-1,-2,-3,-22,12,-6,2,-45,-27,-48,81,-22,-5,9,-3,2,-1,16,-1,6
0,5,-3,0,3,-5,7,-21,2,-3,28,4,24,27,4,-8,1,0,8,12,-10,-9,-1,1,-1,16,-2,-2,-25,-22,1,-1,-2,-6,-3
-6.625,1.3125,11.313,2.5,0.8125,-22.438,2.75,-10.625,-5.6875,-71.313,-41.563,32,9.3125,13.563,6.3125,12.063,6.4375,5.75,2.875,6.3125,6.25,-6.125,2.6875,-15.438,-6.0625,-18.563,38.438,24.938,-0.9375,-17.375,-1.0625,9.875,0.8125,-14.813,-36.063
-6.625,1.3125,11.313,2.5,0.8125,-22.438,2.75,-10.625,-5.6875,-71.313,-41.563,32,9.3125,13.563,6.3125,12.063,6.4375,5.75,2.875,6.3125,6.25,-6.125,2.6875,-15.438,-6.0625,-18.563,38.438,24.938,-0.9375,-17.375,-1.0625,9.875,0.8125,-14.813,-36.063
-6.625,1.3125,11.313,2.5,0.8125,-22.438,2.75,-10.625,-5.6875,-71.313,-41.563,32,9.3125,13.563,6.3125,12.063,6.4375,5.75,2.875,6.3125,6.25,-6.125,2.6875,-15.438,-6.0625,-18.563,38.438,24.938,-0.9375,-17.375,-1.0625,9.875,0.8125,-14.813,-36.063
6.8078,6.823,6.8309,6.8764,6.8366,6.8776,6.8816,6.8647,6.7886,6.7677,6.6307,6.6747,6.7378,6.7626,6.7698,6.8052,6.8087,6.8083,6.8082,6.8043,6.8062,6.7978,6.8042,6.7997,6.7773,6.7527,6.7432,6.7529,6.7551,6.7687,6.7631,6.7689,6.7743,6.7741,6.8146
3.2734,3.2577,3.2389,3.2353,3.2063,3.1881,3.1844,3.1986,3.2654,3.3524,3.5334,3.7748,4.0297,4.2212,4.367,4.4876,4.5513,4.5883,4.6198,4.6259,4.5989,4.5562,4.4645,4.3024,4.0921,3.8094,3.6205,3.4454,3.3763,3.3585,3.3604,3.3682,3.3587,3.3234,3.2715
9.0779,9.0627,9.0565,9.0371,9.0293,9.0053,9.0019,8.9992,8.9982,8.9931,8.915,8.892,8.8674,8.8449,8.822,8.8208,8.8191,8.817,8.815,8.8127,8.8095,8.8027,8.7967,8.8021,8.8083,8.8074,8.8261,8.8206,8.8079,8.7748,8.7676,8.7666,8.7561,8.7263,8.6299
0.87744,0.88184,0.89355,0.87549,0.90234,0.91992,0.90137,0.88379,0.74707,0.64746,0.58447,0.43506,0.38428,0.38867,0.36865,0.29736,0.30225,0.27344,0.271,0.27637,0.2666,0.21875,0.28125,0.35449,0.61719,0.70264,0.64795,0.82861,0.85791,0.80615,0.83496,0.81641,0.8335,0.81641,0.79541
0.38721,0.3457,0.33643,0.35303,0.32715,0.34766,0.41992,0.55078,0.5249,0.67432,0.69873,0.73535,0.63135,0.7793,0.8291,0.81494,0.82324,0.84766,0.88965,0.85352,0.8125,0.78174,0.75,0.77393,0.72461,0.53955,0.6875,0.68896,0.45654,0.49121,0.41455,0.48389,0.43359,0.43066,0.42236
0.2417,0.20898,0.23535,0.23193,0.23242,0.2168,0.27148,0.3584,0.40137,0.38818,0.41406,0.43164,0.42432,0.41797,0.46631,0.46582,0.47266,0.44336,0.44385,0.44189,0.45215,0.44287,0.43652,0.41113,0.38086,0.45215,0.271,0.26611,0.29541,0.3291,0.29639,0.26318,0.25928,0.27148,0.25488
-1,0,-5,5,-4,-4,-5,-14,-3,2,-3,-6,7,-1,15,2,4,1,4,-17,0,4,2,-4,7,-13,-3,10,1,0,2,-2,-4,0,1
2,-2,2,4,-2,5,-11,-21,-1,13,-4,12,5,-12,7,5,3,-2,7,-25,-5,-12,-3,-3,32,-8,23,-8,4,-9,6,1,-1,0,2
-2,-1,0,-1,-2,7,-1,-17,4,7,-7,6,-2,-17,0,2,2,-10,9,-5,-1,-9,0,-7,20,3,17,-2,0,-8,5,1,-6,-3,0
1,3,-1,-1,1,0,4,-14,15,0,-7,-4,2,1,4,1,13,-3,-7,-7,-5,-6,1,-7,3,60,25,-7,6,2,-24,21,-14,-4,2
-2,-1,-1,0,3,-1,2,1,9,-11,-8,0,-6,5,-1,-21,-5,21,-27,-7,-1,3,1,-5,4,88,49,-18,3,-29,-21,-2,-17,0,1
-1,-3,1,2,-3,3,0,2,3,2,-9,22,1,6,-4,-1,-4,-12,-3,-6,-5,17,-3,12,10,13,34,-14,20,-15,1,14,11,-2,-2
2,11,-4,0,10,2,-13,-21,-2,33,-22,-2,-13,-11,8,16,12,-18,7,-5,-4,-19,9,2,42,88,9,-28,-9,5,14,21,-11,-29,5
-4,5,-2,-2,-4,0,-2,-2,2,-5,-8,-2,-1,-4,3,-35,4,2,-4,-35,6,-11,-12,-16,5,-3,-4,5,0,-18,14,11,-6,-3,1
2.5,-3.75,-1.5,-4.4375,2.0625,-21.375,-54.313,-29.625,1.0625,5.625,15.438,1.25,-4.5,5.3125,7.5625,-1.1875,-3.1875,-5.5,1.9375,4.5625,2.875,-0.375,-1.25,2.5,-29.063,-2.5625,2.6875,22.688,11.5,-6.9375,-6.4375,-2.75,-4.375,-3.125,-2.75
2.5,-3.75,-1.5,-4.4375,2.0625,-21.375,-54.313,-29.625,1.0625,5.625,15.438,1.25,-4.5,5.3125,7.5625,-1.1875,-3.1875,-5.5,1.9375,4.5625,2.875,-0.375,-1.25,2.5,-29.063,-2.5625,2.6875,22.688,11.5,-6.9375,-6.4375,-2.75,-4.375,-3.125,-2.75
2.5,-3.75,-1.5,-4.4375,2.0625,-21.375,-54.313,-29.625,1.0625,5.625,15.438,1.25,-4.5,5.3125,7.5625,-1.1875,-3.1875,-5.5,1.9375,4.5625,2.875,-0.375,-1.25,2.5,-29.063,-2.5625,2.6875,22.688,11.5,-6.9375,-6.4375,-2.75,-4.375,-3.125,-2.75
6.6493,6.642,6.6496,6.6518,6.6444,6.6365,6.6031,6.5895,6.6133,6.6717,6.7052,6.738,6.7224,6.7406,6.7477,6.7443,6.7376,6.7298,6.7313,6.7343,6.7391,6.7399,6.7342,6.7232,6.6791,6.6467,6.6661,6.6589,6.6628,6.6861,6.6822,6.6853,6.6833,6.6565,6.627
3.1822,3.1823,3.1808,3.1796,3.1765,3.1941,3.2534,3.3725,3.6157,3.8269,4.0355,4.2583,4.3585,4.4045,4.4316,4.4506,4.4626,4.4748,4.4897,4.5013,4.5031,4.485,4.4205,4.2484,4.0615,3.861,3.6913,3.487,3.4118,3.3897,3.3862,3.3907,3.388,3.3827,3.3607
9.0224,9.0183,9.0064,9.0014,9.0021,8.9892,8.9457,8.8736,8.784,8.7368,8.7007,8.6684,8.6523,8.6422,8.6351,8.6339,8.6418,8.6438,8.6438,8.6405,8.632,8.6275,8.6244,8.6351,8.6354,8.6486,8.6829,8.6898,8.6739,8.6571,8.6519,8.6501,8.6487,8.682,8.7122
0.90234,0.88281,0.84033,0.80273,0.89209,0.94727,0.75586,0.57568,0.44727,0.45996,0.41748,0.35449,0.31885,0.26465,0.30566,0.29541,0.29932,0.3208,0.30127,0.30615,0.30713,0.30225,0.30859,0.2959,0.15137,0.38721,0.68066,0.67871,0.82373,0.87207,0.9126,0.91162,0.84277,0.87549,0.89209
0.37012,0.37598,0.42773,0.44873,0.44141,0.46729,0.65576,0.71924,0.60889,0.66309,0.84229,0.80078,0.74561,0.81445,0.82324,0.85547,0.84424,0.83203,0.82813,0.87402,0.85645,0.80273,0.84814,0.80322,0.70801,0.75049,0.66016,0.68164,0.58008,0.45654,0.4375,0.42432,0.43799,0.35645,0.39404
0.2334,0.26465,0.28467,0.27979,0.22656,0.3833,0.4751,0.4707,0.41113,0.40771,0.38916,0.4624,0.46484,0.46631,0.45947,0.4375,0.42969,0.44531,0.44678,0.45117,0.48877,0.46436,0.46484,0.43945,0.37695,0.37354,0.36035,0.44482,0.41211,0.26563,0.23096,0.23877,0.2251,0.19141,0.19678
4,-11,-4,-2,8,2,5,-8,-7,-2,-14,-11,-1,-23,6,19,-5,-14,0,3,10,-25,2,14,-2,-2,1,1,-4,-6,7,0,4,4,-2
-6,-5,-5,6,-8,7,9,2,-26,-14,-3,-2,-5,-17,-4,8,-18,-9,-18,-4,4,4,-8,-6,1,7,-3,4,-6,-4,-2,1,3,0,2
-2,-3,-5,4,-6,4,4,2,-4,-3,-8,0,5,-8,-8,-3,-4,-2,-4,-5,1,8,-6,-2,2,16,-4,4,-4,-2,-9,-6,3,-3,2
-2,0,1,3,-3,12,-2,-4,0,-8,2,-3,-1,-1,-4,-7,-1,-1,7,-3,0,2,2,-1,8,28,2,-19,-7,4,-12,-14,13,-6,4
1,10,2,-11,-1,-1,-6,-17,7,-22,-1,4,2,3,2,4,1,-5,25,-8,8,-6,6,-5,-6,-12,-6,-11,-4,13,0,-16,27,-9,4
0,-1,1,-3,-1,-8,-2,-4,7,-13,-1,0,4,-2,-5,-1,7,-5,5,1,-11,-11,1,3,13,-3,-7,2,-3,3,-8,1,5,0,1
0,-3,14,-8,3,2,5,-18,21,-7,-7,-4,4,-15,6,-7,17,-11,18,-27,-24,-13,-4,27,-5,8,28,49,-10,-19,-1,-3,7,10,0
3,-18,-1,0,-15,12,1,-2,5,5,20,-19,13,-39,20,6,26,-7,11,-23,-5,-22,-3,15,-11,1,6,23,-4,-4,24,10,-7,9,-8
-8.25,-10.625,-11.875,-12.875,-27.75,-28.313,14.313,28.063,15.813,-6.625,11.125,21.875,4.625,2.1875,-1.6875,-3.3125,-2.25,0.75,-6.375,-7.375,-5.3125,-7.5625,-8.0625,-4.25,8.1875,0.3125,-51.25,22.375,4.5,-12.938,-6.75,-0.4375,7.6875,-5.8125,-1.5625
-8.25,-10.625,-11.875,-12.875,-27.75,-28.313,14.313,28.063,15.813,-6.625,11.125,21.875,4.625,2.1875,-1.6875,-3.3125,-2.25,0.75,-6.375,-7.375,-5.3125,-7.5625,-8.0625,-4.25,8.1875,0.3125,-51.25,22.375,4.5,-12.938,-6.75,-0.4375,7.6875,-5.8125,-1.5625
-8.25,-10.625,-11.875,-12.875,-27.75,-28.313,14.313,28.063,15.813,-6.625,11.125,21.875,4.625,2.1875,-1.6875,-3.3125,-2.25,0.75,-6.375,-7.375,-5.3125,-7.5625,-8.0625,-4.25,8.1875,0.3125,-51.25,22.375,4.5,-12.938,-6.75,-0.4375,7.6875,-5.8125,-1.5625
6.6917,6.6614,6.6405,6.6185,6.6115,6.5547,6.572,6.6303,6.6741,6.7003,6.7312,6.7581,6.767,6.7751,6.7691,6.7656,6.7607,6.7601,6.7587,6.7576,6.7448,6.7219,6.715,6.7038,6.7134,6.7284,6.6782,6.6716,6.6756,6.6712,6.6701,6.6818,6.6959,6.7039,6.7134
3.2296,3.2579,3.2942,3.3344,3.3482,3.4318,3.6119,3.836,4.0485,4.2453,4.3243,4.3811,4.4322,4.4618,4.477,4.4878,4.4976,4.4912,4.4714,4.459,4.4558,4.4636,4.471,4.4695,4.4143,4.2575,4.0243,3.7362,3.5653,3.4166,3.2943,3.2566,3.2491,3.2314,3.2225
8.7536,8.7558,8.7606,8.7623,8.7402,8.698,8.6787,8.6536,8.6282,8.5893,8.5673,8.5568,8.5384,8.5336,8.5318,8.5309,8.5248,8.5172,8.5029,8.486,8.4698,8.4472,8.4415,8.4399,8.4366,8.4282,8.4218,8.4463,8.4516,8.4329,8.4101,8.4026,8.4095,8.4185,8.4077
0.87646,0.88086,0.87988,0.91504,0.91211,0.80322,0.68164,0.58594,0.54932,0.49609,0.34277,0.34131,0.27002,0.21143,0.18262,0.21826,0.21533,0.10156,0.28906,0.62549,0.7085,0.93408,0.84863,0.73291,0.84766,0.82471,0.82715,0.79541,0.84375,0.84814,0.85156,0.86865,0.90234,0.87842,0.98438
0.44434,0.42773,0.36475,0.42578,0.36816,0.60059,0.66797,0.7124,0.75488,0.71484,0.76904,0.82129,0.85693,0.86816,0.83643,0.83838,0.78516,0.69336,0.74121,0.69043,0.58643,0.55469,0.74756,0.49268,0.45752,0.47607,0.42139,0.50977,0.46533,0.37598,0.40039,0.2998,0.33691,0.38135,0.2207
0.21143,0.25879,0.1958,0.23193,0.30322,0.42285,0.35205,0.41406,0.38672,0.42334,0.43799,0.40723,0.4165,0.41943,0.43311,0.41943,0.3999,0.37012,0.3916,0.45752,0.36035,0.20752,0.24756,0.35645,0.27783,0.27393,0.271,0.27051,0.24658,0.29834,0.23291,0.31787,0.25879,0.21582,0.097168
3,4,6,-9,2,4,6,-7,-8,-7,-1,2,-22,5,4,-2,-3,-1,-2,4,-2,-2,-6,-1,0,2,-1,1,0,6,-1,-14,-18,-3,-12
-2,1,2,-3,-1,2,-4,-13,5,14,-1,1,-12,1,-2,-12,-7,2,-6,0,9,1,-6,-6,4,4,0,2,2,2,3,-6,-6,-5,-7
-1,-3,0,-1,1,0,-1,-1,5,3,-2,-3,0,-8,-2,-7,-6,3,-5,-5,8,-2,1,-6,7,0,4,1,1,-2,-2,-2,-1,-1,-4
0,-2,-1,2,3,-4,-15,-9,11,-4,-7,-9,1,-1,3,-2,-3,11,-2,-15,28,-24,15,-12,1,13,8,4,-1,-2,6,11,1,-1,-4
4,0,2,0,0,0,-25,-6,13,7,-4,11,3,1,4,41,-2,-10,4,-19,23,-7,9,7,0,12,3,3,0,-1,2,1,2,-1,-8
-3,-1,2,0,2,3,1,-3,-1,0,-12,1,-6,0,-2,1,-8,-4,3,-13,-7,-8,9,16,1,8,8,3,-1,-3,-2,-6,-4,-2,0
-13,2,5,-6,3,9,38,-17,-5,-17,-33,11,-18,5,-14,12,-35,-12,47,-11,79,13,32,16,4,18,5,-3,-1,15,-1,-7,-17,-15,-10
8,-13,1,1,22,-14,13,-10,0,7,3,13,-11,-4,-1,11,-5,-10,-1,-1,3,0,-26,-10,-18,11,-14,1,5,7,-4,-31,-6,-14,-12
-9.125,-31.563,-63.125,-12.25,-50.688,-11.563,-18.875,3.75,11.875,16.75,9.5,-0.1875,3.0625,1.375,0.25,-1.3125,-3.375,0.0625,-0.8125,-30.813,-17.188,-45.813,47.875,-15.188,-6.9375,4.625,-4.125,-6.5,5.75,1.0625,7.5625,-1.6875,29.625,25.063,76.125
-9.125,-31.563,-63.125,-12.25,-50.688,-11.563,-18.875,3.75,11.875,16.75,9.5,-0.1875,3.0625,1.375,0.25,-1.3125,-3.375,0.0625,-0.8125,-30.813,-17.188,-45.813,47.875,-15.188,-6.9375,4.625,-4.125,-6.5,5.75,1.0625,7.5625,-1.6875,29.625,25.063,76.125
-9.125,-31.563,-63.125,-12.25,-50.688,-11.563,-18.875,3.75,11.875,16.75,9.5,-0.1875,3.0625,1.375,0.25,-1.3125,-3.375,0.0625,-0.8125,-30.813,-17.188,-45.813,47.875,-15.188,-6.9375,4.625,-4.125,-6.5,5.75,1.0625,7.5625,-1.6875,29.625,25.063,76.125
6.7667,6.7475,6.7287,6.7437,6.6866,6.6627,6.6591,6.7073,6.7407,6.7596,6.7819,6.7858,6.7875,6.7874,6.781,6.7787,6.7727,6.7727,6.7615,6.7105,6.6703,6.6875,6.729,6.7121,6.7282,6.7389,6.732,6.7371,6.7293,6.7146,6.7305,6.7105,6.7093,6.6838,6.6382
3.1978,3.2283,3.2559,3.284,3.3766,3.5119,3.6887,3.9343,4.1045,4.2467,4.3899,4.4569,4.5111,4.5616,4.6044,4.6071,4.5726,4.4854,4.3042,4.0752,3.8553,3.5926,3.4776,3.4521,3.4295,3.4189,3.4175,3.4216,3.4143,3.3914,3.3511,3.2927,3.1801,3.1124,3.044
8.6502,8.5962,8.5118,8.4574,8.3995,8.3778,8.3358,8.288,8.2592,8.2518,8.2557,8.2488,8.2472,8.2502,8.2512,8.2491,8.2438,8.2487,8.2694,8.2873,8.3219,8.2998,8.2915,8.2816,8.2471,8.2337,8.2351,8.2372,8.245,8.2514,8.2457,8.2584,8.2895,8.3787,8.514
0.92139,0.93018,0.91846,0.92334,0.92383,0.90527,0.93701,0.9458,0.97314,0.96631,0.71875,0.48975,0.46045,0.50195,0.34424,0.18555,0.20605,0.19141,0.20361,0.1792,0.17529,0.13867,0.31055,0.38623,0.79004,1.0234,0.8916,0.86133,0.84961,0.84814,0.86377,0.86475,0.88574,0.87793,0.93311
0.28076,0.27295,0.28223,0.2915,0.27295,0.29492,0.35596,0.29443,0.46533,0.21631,0.94092,0.65527,0.6582,0.75,0.7793,0.80762,0.85547,0.89209,0.88135,0.8877,0.86768,0.78027,0.70947,0.79346,0.55518,0.50391,0.61768,0.60791,0.4707,0.4082,0.39648,0.44434,0.37207,0.3623,0.17578
0.17529,0.19092,0.18311,0.19824,0.20068,0.18066,0.15869,0.17773,0.2041,0.30713,0.49902,0.3667,0.38867,0.38232,0.42969,0.40479,0.43018,0.44287,0.42578,0.40332,0.4292,0.41846,0.40967,0.31006,0.33203,0.43408,0.24854,0.23584,0.21729,0.23584,0.21338,0.26318,0.23975,0.18115,0.30908
-1,1,-1,0,-2,-1,-8,1,12,10,-15,14,-3,-7,-2,-7,17,11,5,-10,-15,-7,-1,-1,12,-52,8,-9,5,0,-5,1,1,-4,0
-2,-1,2,0,-2,1,-15,4,4,-9,1,0,-16,6,-10,14,19,4,-3,6,-17,-6,1,1,0,8,10,-15,5,5,-6,-2,0,-5,0
2,-2,-2,-2,0,-1,-4,2,4,-13,3,3,0,-2,-6,19,4,4,-1,0,4,-3,3,15,-4,0,4,-6,-7,2,-7,-1,-1,-2,0
0,-2,1,0,0,0,-2,1,4,-56,12,-37,20,4,16,3,-14,5,14,-7,4,1,-10,19,3,-17,1,-3,-23,-12,-11,-8,-1,-4,-2
0,0,-5,-1,3,0,-2,14,-8,-44,1,-38,8,-12,23,-16,7,-11,12,-5,0,26,-29,-58,17,-27,-8,-3,-13,0,5,-8,0,-10,-2
0,0,-2,1,-3,-1,3,-5,0,-3,1,2,13,0,-5,20,1,-3,-6,10,5,-7,-5,-15,0,-6,17,-8,-2,10,-17,-9,6,-11,4
-1,1,-2,0,1,-1,5,3,-7,24,-4,-12,34,20,-50,3,-23,-21,6,23,18,-22,-20,-34,46,-20,26,-30,-7,16,10,9,-7,8,-1
-3,2,-2,-4,1,-1,-4,4,30,28,8,3,0,21,-17,-29,12,-26,4,-11,-9,-5,6,22,5,-41,-10,14,-21,-19,-14,6,2,12,-6
0.75,-3.375,-1.5,-1.4375,-2.1875,-2.3125,-24.688,-52.875,6.375,-93.5,39.563,33.938,7.3125,16.938,7.8125,-3.1875,-3.0625,-3.25,-2.375,-1.375,-0.5,4.375,10.563,-29.063,-46.188,3.1875,-1.125,3.6875,6.9375,-1.5,3.0625,3.125,0.25,7.5625,27.438
0.75,-3.375,-1.5,-1.4375,-2.1875,-2.3125,-24.688,-52.875,6.375,-93.5,39.563,33.938,7.3125,16.938,7.8125,-3.1875,-3.0625,-3.25,-2.375,-1.375,-0.5,4.375,10.563,-29.063,-46.188,3.1875,-1.125,3.6875,6.9375,-1.5,3.0625,3.125,0.25,7.5625,27.438
0.75,-3.375,-1.5,-1.4375,-2.1875,-2.3125,-24.688,-52.875,6.375,-93.5,39.563,33.938,7.3125,16.938,7.8125,-3.1875,-3.0625,-3.25,-2.375,-1.375,-0.5,4.375,10.563,-29.063,-46.188,3.1875,-1.125,3.6875,6.9375,-1.5,3.0625,3.125,0.25,7.5625,27.438
6.6688,6.6671,6.6709,6.6734,6.6664,6.6673,6.6734,6.6424,6.6646,6.5365,6.6559,6.732,6.7871,6.8189,6.8364,6.843,6.8374,6.8247,6.8148,6.8125,6.8138,6.8125,6.8261,6.8104,6.7652,6.7834,6.814,6.8165,6.8236,6.8335,6.8295,6.7988,6.772,6.7666,6.7193
3.0336,3.0353,3.0349,3.0368,3.039,3.0405,3.0482,3.069,3.1165,3.325,3.5926,3.9662,4.2099,4.3825,4.505,4.5992,4.6367,4.6412,4.6345,4.6263,4.617,4.589,4.44,4.2453,3.9936,3.616,3.4398,3.3518,3.3143,3.3082,3.2926,3.2875,3.2677,3.2197,3.1427
8.7176,8.7156,8.7096,8.7042,8.7034,8.6995,8.6755,8.6286,8.607,8.4462,8.3433,8.2619,8.2228,8.1897,8.178,8.1663,8.1707,8.1769,8.1767,8.1731,8.1714,8.1621,8.1469,8.1412,8.1078,8.1049,8.1157,8.1153,8.1054,8.0986,8.1064,8.1474,8.1639,8.1879,8.2485
0.91992,0.92627,0.91895,0.91016,0.93164,0.9209,0.91748,0.91406,0.92139,0.91943,0.90625,0.91553,0.91016,0.896,0.91797,0.91113,0.9126,0.91064,0.9082,0.9126,0.90771,0.90869,0.91016,0.91016,0.91357,0.94434,0.84619,0.98828,1.2222,0.64307,0.030273,0.41162,0.55908,0.09668,0.035645
0.25879,0.27734,0.29688,0.30469,0.18652,0.29395,0.27295,0.271,0.27344,0.28516,0.30176,0.271,0.29248,0.31738,0.28564,0.28418,0.29834,0.30273,0.27979,0.2915,0.29004,0.30273,0.29883,0.27734,0.30078,0.28174,0.38086,0.27246,0.21924,0.81689,0.56445,0.70996,0.83496,0.67969,0.67871
0.16895,0.1748,0.17285,0.18604,0.1958,0.19141,0.19727,0.1875,0.20654,0.19678,0.19531,0.18359,0.23193,0.2334,0.19678,0.21631,0.21045,0.22217,0.20947,0.21094,0.21924,0.20215,0.21631,0.21143,0.21826,0.15674,0.29443,0.088379,0.37549,0.62793,0.33838,0.42236,0.52197,0.44336,0.50146
1,3,-3,8,-3,1,-2,4,1,5,-4,-1,-1,0,4,-4,-1,0,-1,-3,-8,2,-2,0,-7,-4,5,-15,55,-16,-17,-6,29,-20,-2
0,-4,-1,4,-3,1,-2,3,2,6,-3,0,-1,0,7,-4,1,-1,1,-2,-4,-3,-4,-1,1,-4,-4,-11,31,-17,0,-18,-3,-5,-4
-2,0,-1,-2,-3,1,-1,0,0,1,-2,0,-1,-2,0,-3,0,-1,0,-5,0,-1,0,-1,3,-4,-3,25,-15,-11,6,-1,15,-11,-6
-3,-2,-1,-2,-2,-1,0,1,-1,-1,-2,-1,1,-2,-1,0,-1,-2,-3,-2,0,-1,-1,-1,0,-3,0,-18,-5,0,22,4,5,-16,3
-2,-1,0,-1,-1,-1,0,0,-3,1,-4,0,-2,-2,-1,-1,-1,-2,0,0,0,0,0,0,-2,-2,0,-7,0,-16,14,-4,-1,24,-31
0,1,-6,-1,-1,-3,-1,-1,-1,-2,-1,-1,1,-3,-3,-2,-1,0,0,1,0,-1,-2,3,1,-2,1,-3,-4,-12,12,-1,-3,8,51
-10,8,-7,-6,-5,2,-2,7,1,2,-1,3,-1,1,-5,4,1,3,-3,-3,2,-2,2,6,-8,-10,4,10,-19,106,-30,-17,-12,36,-6
-3,-2,-9,-2,1,1,5,1,-8,-1,-2,-2,-2,0,-2,-3,-4,3,-2,-2,-2,-1,-1,4,-1,-1,-1,-1,-32,-12,-27,8,-72,8,-1
-2.1875,-2.875,-18.5,-24.75,-20.875,10.875,7.5,-0.625,1.5,-4.375,-4.3125,-23.688,-2.5,-0.625,9.3125,5.1875,-3.625,9.0625,-3.625,0,-0.875,-3.1875,4.6875,-2.6875,5.3125,-37.188,30,-93.313,-43.625,77.25,-24.438,11.313,9,9,36.375
-2.1875,-2.875,-18.5,-24.75,-20.875,10.875,7.5,-0.625,1.5,-4.375,-4.3125,-23.688,-2.5,-0.625,9.3125,5.1875,-3.625,9.0625,-3.625,0,-0.875,-3.1875,4.6875,-2.6875,5.3125,-37.188,30,-93.313,-43.625,77.25,-24.438,11.313,9,9,36.375
-2.1875,-2.875,-18.5,-24.75,-20.875,10.875,7.5,-0.625,1.5,-4.375,-4.3125,-23.688,-2.5,-0.625,9.3125,5.1875,-3.625,9.0625,-3.625,0,-0.875,-3.1875,4.6875,-2.6875,5.3125,-37.188,30,-93.313,-43.625,77.25,-24.438,11.313,9,9,36.375
6.6881,6.6827,6.6796,6.6621,6.6139,6.6271,6.6241,6.6293,6.6285,6.6281,6.6168,6.5978,6.5813,6.5817,6.5833,6.5826,6.5842,6.5831,6.5834,6.5865,6.5803,6.5818,6.5838,6.5813,6.5803,6.5731,6.5509,6.5335,6.4274,6.5289,6.5935,6.6252,6.615,6.6087,6.6471
3.0116,3.0142,3.0183,3.0255,3.0343,3.0376,3.0434,3.0451,3.0461,3.0487,3.0544,3.0648,3.0749,3.0828,3.0793,3.0778,3.0749,3.0748,3.0757,3.0757,3.0757,3.0746,3.0733,3.0745,3.076,3.0895,3.1306,3.1631,3.2692,3.6969,4.0839,4.3603,4.5284,4.5981,4.5844
8.4957,8.492,8.4761,8.4496,8.3869,8.3876,8.4024,8.4052,8.4036,8.4017,8.4095,8.3964,8.3927,8.3931,8.3928,8.4017,8.4043,8.41,8.4089,8.4085,8.4096,8.4057,8.4041,8.4021,8.4052,8.3771,8.3891,8.3386,8.2959,8.2622,8.2248,8.2013,8.1992,8.216,8.2317
0.88867,0.88281,0.89063,0.88525,0.88086,0.94971,1.001,0.88379,0.68945,0.58398,0.48438,0.29736,0.32227,0.35791,0.32568,0.2373,0.2583,0.23291,0.25879,0.25,0.23193,0.58301,0.97461,0.91699,1.0166,0.79883,0.84619,0.8374,0.78369,0.78516,0.85596,0.93213,1.0698,0.95361,0.89648
0.33984,0.34717,0.35645,0.33789,0.33545,0.35742,0.36621,0.5459,0.63818,0.64844,0.73486,0.70264,0.74805,0.77539,0.82129,0.80127,0.80957,0.80469,0.78857,0.71631,0.72266,0.70068,0.43848,0.51367,0.58008,0.54541,0.43896,0.44629,0.4043,0.40918,0.21387,0.37598,0.11084,0.50879,0.36279
0.28418,0.25342,0.2793,0.25391,0.25,0.22217,0.29785,0.42334,0.45264,0.44287,0.42432,0.43506,0.4707,0.48486,0.49805,0.50732,0.49268,0.48682,0.45996,0.45557,0.396,0.52734,0.47803,0.30859,0.2666,0.33594,0.27393,0.27881,0.29736,0.22754,0.30566,0.2373,0.19727,0.10742,-0.057617
-3,-15,3,-2,4,-10,-26,16,-7,-15,-31,-7,-9,36,11,-1,3,-3,-4,-2,-5,8,1,-17,3,-4,0,2,-4,5,6,-4,4,0,-5
-4,-7,-2,3,-11,-14,-5,-3,-24,-11,-18,-10,16,39,-11,-14,-22,0,34,-9,-3,1,1,20,-5,3,-3,3,-1,0,0,-3,-1,1,-4
-1,-3,-2,-1,-5,5,-5,-8,-6,-2,2,-5,0,5,-6,-22,-11,9,11,-9,-3,-2,4,9,-1,-10,-1,-2,1,-1,0,-1,-1,-2,-2
-1,-2,-2,-2,-2,4,2,1,-1,6,10,2,-8,2,2,-17,-16,9,1,-2,5,1,-2,1,-3,-25,-4,-7,-2,0,-1,1,-4,1,-1
-1,-1,-1,-2,0,2,1,0,6,-8,32,-3,-9,5,-1,-2,-12,3,5,-14,-11,-6,2,8,8,-15,6,4,2,0,-6,-2,0,-3,0
-1,0,1,-3,-1,-3,0,-2,-3,0,0,-7,-8,6,1,4,-4,4,10,3,10,2,6,-10,4,-1,3,3,-4,-2,-4,-1,10,-2,-4
-3,0,-13,-19,-4,0,1,-2,2,57,2,2,-38,-9,-20,5,0,11,25,-20,6,-26,115,-24,-10,-5,4,6,-10,-14,-8,-1,-11,-1,-20
2,-2,1,-17,2,-13,-14,13,7,2,11,-9,-43,-2,-24,8,5,20,14,-10,-25,10,14,1,0,-20,-3,9,-19,2,7,1,4,2,-3
-5.3125,-6.4375,1.375,-6.625,5.9375,-34.313,-45.688,-27,21.563,10.375,2.25,0.9375,7.75,-4.125,-3.5,-3.0625,1.3125,-2.1875,0.8125,7.5625,12.688,-14.188,-8.25,-4.4375,30.938,-2.9375,-5.1875,6.4375,2.4375,-30,3.9375,21.313,120.38,87.188,-51.75
-5.3125,-6.4375,1.375,-6.625,5.9375,-34.313,-45.688,-27,21.563,10.375,2.25,0.9375,7.75,-4.125,-3.5,-3.0625,1.3125,-2.1875,0.8125,7.5625,12.688,-14.188,-8.25,-4.4375,30.938,-2.9375,-5.1875,6.4375,2.4375,-30,3.9375,21.313,120.38,87.188,-51.75
-5.3125,-6.4375,1.375,-6.625,5.9375,-34.313,-45.688,-27,21.563,10.375,2.25,0.9375,7.75,-4.125,-3.5,-3.0625,1.3125,-2.1875,0.8125,7.5625,12.688,-14.188,-8.25,-4.4375,30.938,-2.9375,-5.1875,6.4375,2.4375,-30,3.9375,21.313,120.38,87.188,-51.75
6.5566,6.5635,6.562,6.5556,6.5517,6.5514,6.518,6.5085,6.5729,6.6206,6.6554,6.6594,6.6717,6.6695,6.6644,6.656,6.6554,6.6561,6.6582,6.6631,6.6863,6.6685,6.6106,6.6131,6.6234,6.6449,6.6701,6.6797,6.6783,6.6829,6.6654,6.6996,6.6758,6.6291,6.6301
3.2024,3.1913,3.1873,3.1906,3.1923,3.2099,3.2759,3.4318,3.7115,3.9291,4.1802,4.3305,4.4147,4.4513,4.4755,4.4955,4.5026,4.5048,4.4812,4.4246,4.2671,4.0645,3.7238,3.52,3.368,3.3413,3.3571,3.3809,3.3928,3.3513,3.2565,3.1477,2.9919,2.9567,2.9772
8.2758,8.2574,8.2529,8.2506,8.2557,8.2319,8.1708,8.1178,8.0608,8.0215,7.9839,7.9723,7.9627,7.9477,7.9444,7.9486,7.9464,7.9391,7.936,7.9332,7.9459,7.9412,7.9285,7.9576,7.9488,7.9345,7.8957,7.8843,7.8863,7.8475,7.8256,7.8395,8.0085,8.2638,8.2497
0.91113,0.91406,0.95752,0.96338,1.0337,0.94824,0.52686,0.45215,0.57178,0.52539,0.29688,0.2251,0.26514,0.22412,0.19678,0.18262,0.2832,0.2876,0.54102,1.0059,0.64014,0.5918,0.71973,0.6499,0.69629,0.72412,0.64795,0.73242,0.72461,0.7793,0.87939,1.0557,1.0337,0.89453,0.97803
0.31787,0.24512,0.19727,0.42578,0.33301,0.63672,0.62158,0.67139,0.73535,0.7168,0.75928,0.80273,0.81104,0.83252,0.81934,0.75781,0.7334,0.78125,0.60205,0.78857,0.80371,0.68652,0.58594,0.59131,0.59277,0.62549,0.60547,0.5166,0.57275,0.375,0.3125,0.070313,0.50732,0.56934,0.17334
0.17627,0.20752,0.15869,0.14648,0.21973,0.47217,0.44824,0.39111,0.40039,0.41895,0.43213,0.51221,0.50293,0.50439,0.46729,0.45996,0.4082,0.41455,0.40137,0.48389,0.30664,0.3999,0.3916,0.35693,0.31543,0.32666,0.31689,0.34082,0.29004,0.3374,0.34424,0.2124,0.13086,-0.18262,0.20557
-10,3,-2,22,11,-2,12,4,-24,14,6,-19,36,6,-1,-2,1,4,1,5,-12,-18,17,-1,-17,0,4,-9,12,-4,-5,-2,2,-3,-3
6,-1,15,-1,8,-14,2,-9,-25,3,7,-3,10,-5,2,-14,-3,2,11,12,-27,-25,9,-4,-8,-1,-1,-10,-4,-2,-3,-4,-3,-1,1
0,0,1,3,17,-12,1,5,-17,4,5,-1,-8,-8,-2,-15,-2,1,10,11,-10,-1,6,-6,2,0,-2,-2,-4,0,-2,-3,-6,0,2
-1,1,1,-1,10,-26,1,2,11,10,-7,-16,-13,0,22,-19,3,4,-5,-7,-2,2,8,3,6,3,-1,1,0,-2,-2,-3,-28,-6,0
7,0,-10,0,15,23,-12,-18,-9,-43,15,-1,-10,-1,12,-13,4,66,24,-51,12,7,4,-2,-4,-1,-5,-1,9,-3,0,1,-6,-3,1
-1,1,-6,-5,30,-10,-2,12,1,-10,2,0,4,-1,-2,-2,6,19,9,-15,-6,-13,6,-6,2,3,0,-7,18,-8,1,26,14,-3,6
-9,6,-3,-9,59,-14,43,7,-18,-21,6,-9,26,20,-15,-12,-28,47,29,22,-40,27,-38,-36,-28,37,10,-32,-7,-6,-7,12,4,5,6
3,-3,-13,23,4,-21,4,6,-16,11,22,-18,27,5,1,-12,3,9,-8,-3,8,14,-18,-5,-45,15,2,-5,-7,-6,-12,-8,-1,1,1
-10.625,-1.6875,-42.5,33.188,-96.813,19.5,10.063,-4.8125,-3.5625,1.8125,3.125,2.875,-0.4375,-4.1875,-5.25,3.25,25.313,2.25,-32.313,-3.375,1.125,14.188,-6.4375,-0.1875,-5.125,5.8125,-7.375,-37.313,14.938,-56.063,20.188,82.188,95.625,-18.875,16
-10.625,-1.6875,-42.5,33.188,-96.813,19.5,10.063,-4.8125,-3.5625,1.8125,3.125,2.875,-0.4375,-4.1875,-5.25,3.25,25.313,2.25,-32.313,-3.375,1.125,14.188,-6.4375,-0.1875,-5.125,5.8125,-7.375,-37.313,14.938,-56.063,20.188,82.188,95.625,-18.875,16
-10.625,-1.6875,-42.5,33.188,-96.813,19.5,10.063,-4.8125,-3.5625,1.8125,3.125,2.875,-0.4375,-4.1875,-5.25,3.25,25.313,2.25,-32.313,-3.375,1.125,14.188,-6.4375,-0.1875,-5.125,5.8125,-7.375,-37.313,14.938,-56.063,20.188,82.188,95.625,-18.875,16
6.623,6.6107,6.6327,6.651,6.6489,6.5982,6.6243,6.6703,6.6969,6.6961,6.7078,6.7152,6.7091,6.702,6.6898,6.6866,6.7058,6.7186,6.7072,6.7346,6.746,6.7424,6.7391,6.7392,6.7336,6.7338,6.7135,6.6773,6.6759,6.6531,6.6545,6.6596,6.6718,6.6784,6.7971
3.0283,3.0271,3.0356,3.062,3.1703,3.3999,3.6637,3.9207,4.2011,4.3446,4.4424,4.516,4.5391,4.558,4.5776,4.5598,4.4797,4.3457,4.1135,3.8951,3.7748,3.7508,3.7538,3.7641,3.7612,3.7502,3.7112,3.6447,3.5571,3.4186,3.2673,3.0889,2.9581,2.9689,2.956
8.2116,8.2048,8.1423,8.1257,8.0527,8.024,8.0008,7.9553,7.8881,7.8601,7.8535,7.8401,7.8279,7.8258,7.821,7.8233,7.8295,7.8402,7.7908,7.7427,7.7065,7.7096,7.6995,7.7082,7.7112,7.7201,7.7428,7.7298,7.7284,7.6658,7.6428,7.7196,8.0176,8.0683,7.9504
0.4834,0.57715,0.51416,0.40381,0.46094,0.48242,0.38916,0.36133,0.41064,0.4668,0.43213,0.4292,0.39697,0.36719,0.38086,0.58447,0.47998,0.77148,0.76318,0.64258,0.69629,0.70752,0.7168,0.70703,0.66504,0.67969,0.63916,0.76172,0.86377,1.001,1.1172,0.79639,0.93848,0.96484,0.89795
0.65723,0.66553,0.73535,0.71631,0.69824,0.81543,0.78125,0.74756,0.77686,0.80518,0.77002,0.7998,0.77539,0.75293,0.74512,0.60156,0.63623,0.62402,0.75098,0.65479,0.60059,0.59912,0.58643,0.60938,0.59912,0.59961,0.57715,0.37402,0.25537,0.2085,0.4082,0.52881,0.39453,0.23682,0.34033
0.44092,0.4751,0.45361,0.45117,0.47119,0.48389,0.46094,0.4873,0.46973,0.4668,0.47314,0.47949,0.45557,0.44727,0.43896,0.4209,0.27539,0.43799,0.35303,0.35742,0.37695,0.34668,0.32715,0.3418,0.29688,0.3252,0.35889,0.34229,0.30908,0.2998,0.0083008,0.10791,0.21533,0.28174,0.13867
7,-6,5,-5,9,-31,-4,-15,11,0,7,-8,10,-5,-12,-6,-5,-10,-9,-3,-13,2,-7,3,-1,1,15,-7,18,-1,-7,-1,2,2,0
-15,-3,-1,10,-2,1,-15,-17,-17,-8,-15,11,8,6,1,-2,13,32,-2,10,-6,-9,-3,-6,0,1,1,-4,1,-3,-9,-1,-2,-2,1
3,-2,-8,-4,-2,1,1,-2,-9,-6,-3,12,0,9,-2,-7,6,10,0,2,3,-3,-1,0,0,3,-1,-5,3,-4,-5,4,-1,-5,1
0,-1,-7,2,3,-5,6,-4,-4,-3,1,6,0,4,-10,-40,11,-3,15,8,7,3,-3,3,-2,3,-1,-4,1,-4,-12,13,-16,-5,5
2,-2,-8,5,5,-5,-3,-2,-3,-4,-2,3,0,-1,-1,-52,40,1,56,-7,-14,8,-3,2,-2,1,-1,-3,0,0,12,-3,-5,11,0
-1,-2,-5,-1,-3,-3,-8,6,-2,3,2,-2,0,-3,-2,-19,6,0,-3,-12,3,-2,-9,6,3,1,-7,5,4,3,-8,6,4,28,0
-11,-9,-25,9,-16,-20,-25,3,-5,7,2,8,-9,-8,-1,-29,82,-35,-6,-22,12,16,12,-4,6,70,-7,8,10,0,-3,-6,0,12,-2
-32,-29,-5,-5,2,-42,4,-1,0,-3,-1,11,3,-6,-11,2,7,-8,-49,-5,0,14,4,1,5,-1,6,-15,-3,9,-2,-3,0,3,0
18.25,1,-5.375,9.75,-2.25,-1,0.875,-1.9375,-2.75,0.9375,4.125,-0.75,2.3125,-0.0625,5.875,-29.563,-6.25,-26,11.25,14.875,-3.1875,1.5625,-5.4375,-0.875,1.4375,-1.75,-36.688,-36.375,25.75,82.938,150.19,-65.188,22.813,44.563,11.375
18.25,1,-5.375,9.75,-2.25,-1,0.875,-1.9375,-2.75,0.9375,4.125,-0.75,2.3125,-0.0625,5.875,-29.563,-6.25,-26,11.25,14.875,-3.1875,1.5625,-5.4375,-0.875,1.4375,-1.75,-36.688,-36.375,25.75,82.938,150.19,-65.188,22.813,44.563,11.375
18.25,1,-5.375,9.75,-2.25,-1,0.875,-1.9375,-2.75,0.9375,4.125,-0.75,2.3125,-0.0625,5.875,-29.563,-6.25,-26,11.25,14.875,-3.1875,1.5625,-5.4375,-0.875,1.4375,-1.75,-36.688,-36.375,25.75,82.938,150.19,-65.188,22.813,44.563,11.375
6.627,6.6393,6.6451,6.6469,6.6428,6.652,6.6524,6.6508,6.6511,6.6492,6.6477,6.6505,6.6541,6.6565,6.6625,6.6747,6.6878,6.7106,6.7423,6.7398,6.7283,6.7266,6.7246,6.7246,6.722,6.7125,6.6723,6.6221,6.6256,6.6503,6.6944,6.6943,6.828,6.7891,6.7367
3.9797,4.0692,4.1515,4.2289,4.2482,4.2574,4.2757,4.2967,4.2975,4.2794,4.2695,4.2677,4.2725,4.2711,4.2488,4.0818,3.9828,3.8257,3.7535,3.7269,3.7169,3.7224,3.7263,3.7282,3.7217,3.6929,3.6016,3.4872,3.335,3.1715,3.0544,3.0455,3.0498,3.0449,3.055
7.7749,7.7471,7.7217,7.7156,7.7144,7.7048,7.6983,7.6911,7.6867,7.6828,7.6869,7.686,7.6809,7.6751,7.6658,7.6499,7.6244,7.5768,7.5391,7.5371,7.5404,7.5431,7.5449,7.5539,7.5623,7.572,7.5557,7.5158,7.5106,7.5945,7.7707,7.8454,7.7259,7.8165,7.899
0.8125,0.83789,0.98779,0.76563,0.61768,0.65137,0.45752,0.36328,0.42871,0.34033,0.25977,0.30371,0.28076,0.26611,0.26025,0.28076,0.26172,0.26514,0.28467,0.26172,0.26953,0.19287,0.36475,0.28857,0.59619,0.8252,0.66016,0.78369,0.72119,0.7251,0.72217,0.7124,0.72314,0.76563,0.74268
0.43066,0.42773,0.4668,0.56592,0.60205,0.72656,0.75195,0.69189,0.80713,0.73975,0.79639,0.77588,0.83105,0.83008,0.79297,0.83203,0.85547,0.84424,0.82617,0.81494,0.78613,0.74121,0.80273,0.69482,0.72607,0.82813,0.64795,0.55225,0.57666,0.60205,0.5752,0.57129,0.51416,0.50439,0.5415
0.33447,0.271,0.36182,0.41357,0.35303,0.4502,0.41797,0.48047,0.51904,0.46729,0.51367,0.51172,0.51074,0.50244,0.50098,0.51172,0.49854,0.49121,0.51904,0.48291,0.48145,0.44873,0.50244,0.22754,0.37744,0.40137,0.32324,0.38135,0.34717,0.34131,0.30664,0.29688,0.32666,0.32666,0.31201
3,-11,10,5,-2,6,4,4,7,-7,-16,-2,-1,2,11,-4,-6,5,-11,-1,4,-4,-13,3,18,10,2,0,4,-6,2,5,-6,-3,24
24,-16,11,11,-5,-16,5,10,-6,-2,-2,4,-2,-10,1,-5,-20,0,-9,-6,-3,3,5,3,-2,-5,-15,-8,6,3,0,6,-4,-2,1
5,-7,13,5,-10,-10,8,14,-10,-8,7,5,-5,-7,-5,-4,-3,4,-10,-7,2,5,23,-6,-6,-11,-9,-8,3,8,-3,-1,-4,2,1
-6,3,12,17,-17,-11,5,19,-15,0,3,2,-13,1,-8,-3,-1,7,-7,-3,5,8,62,8,-20,-29,13,-18,6,2,0,-11,-28,12,4
-13,-7,15,-13,-23,-14,-29,8,19,-9,-10,14,-4,-5,-5,-1,-5,10,4,-4,1,-7,-37,-71,3,19,28,-6,10,9,-7,-17,-19,8,0
6,-1,4,-3,-3,-6,-2,-2,12,-8,3,-7,-3,-1,-5,-5,-2,9,1,-3,-1,7,3,0,0,-3,1,8,27,0,13,4,-9,2,1
-10,-6,5,16,-27,-22,-25,-6,6,-2,-16,22,26,-5,1,-25,-8,39,-9,0,-7,8,-10,-48,31,-7,-9,23,39,-13,37,-57,43,-3,3
-10,-19,7,-4,-12,-2,-2,-3,-14,-10,-7,28,8,-23,15,-7,9,31,-9,-3,0,13,-12,38,13,18,-4,10,56,-19,27,6,-3,1,3
0.5,-31.375,-13,-1.5,-1.375,3.5,19.938,15.125,-11.75,7.375,-0.6875,-0.875,-5.625,2.6875,-3.5,0.9375,-0.875,3.5,4.6875,-0.3125,0.6875,11.125,21.688,-23.875,-8.3125,3.9375,-14.563,-22.438,-6,4.4375,1.9375,-2,-7.6875,-13.438,-21.313
0.5,-31.375,-13,-1.5,-1.375,3.5,19.938,15.125,-11.75,7.375,-0.6875,-0.875,-5.625,2.6875,-3.5,0.9375,-0.875,3.5,4.6875,-0.3125,0.6875,11.125,21.688,-23.875,-8.3125,3.9375,-14.563,-22.438,-6,4.4375,1.9375,-2,-7.6875,-13.438,-21.313
0.5,-31.375,-13,-1.5,-1.375,3.5,19.938,15.125,-11.75,7.375,-0.6875,-0.875,-5.625,2.6875,-3.5,0.9375,-0.875,3.5,4.6875,-0.3125,0.6875,11.125,21.688,-23.875,-8.3125,3.9375,-14.563,-22.438,-6,4.4375,1.9375,-2,-7.6875,-13.438,-21.313
6.5912,6.5678,6.5414,6.5442,6.5684,6.603,6.6382,6.6578,6.6521,6.6423,6.6459,6.6399,6.6394,6.6421,6.6422,6.6484,6.654,6.6603,6.6616,6.66,6.6561,6.6622,6.6813,6.6993,6.727,6.7431,6.729,6.7233,6.7206,6.7259,6.7211,6.7133,6.7079,6.7115,6.7131
3.3118,3.3929,3.4631,3.6012,3.7601,3.9855,4.1582,4.2926,4.3955,4.4282,4.4833,4.5044,4.5183,4.5254,4.5259,4.5226,4.5264,4.5311,4.535,4.5388,4.5271,4.4905,4.4172,4.2951,3.9935,3.8315,3.7448,3.6789,3.6659,3.6655,3.66,3.6449,3.6173,3.5699,3.5078
7.5694,7.5528,7.5297,7.5146,7.5006,7.4506,7.4366,7.4456,7.4299,7.4234,7.4142,7.4105,7.4088,7.4014,7.3913,7.3732,7.3446,7.3318,7.3197,7.3133,7.3177,7.3256,7.3368,7.3172,7.3251,7.3034,7.2953,7.2722,7.2619,7.258,7.2611,7.27,7.2572,7.2354,7.2103
0.90332,0.87744,0.93701,0.91504,0.9375,1.0605,0.93896,0.66211,0.65625,0.73438,0.53418,0.37939,0.35986,0.4248,0.3501,0.37158,0.35547,0.37598,0.33594,0.35107,0.32129,0.24463,0.33154,0.50391,0.80811,0.68848,0.78271,0.70801,0.74316,0.78418,0.73047,0.72656,0.76221,0.79102,0.98779
0.3916,0.24365,0.30908,0.3667,0.30029,0.25098,0.68408,0.48096,0.62744,0.61719,0.76514,0.70996,0.75244,0.78125,0.83398,0.85547,0.84912,0.84863,0.81787,0.81641,0.82813,0.77979,0.72363,0.78027,0.47314,0.80566,0.72168,0.70947,0.61768,0.56348,0.56104,0.52783,0.44727,0.47217,0.36963
0.22119,0.17432,0.16699,0.21484,0.13818,0.12109,0.40137,0.40723,0.35693,0.3999,0.37109,0.43896,0.44043,0.43311,0.39063,0.41064,0.40234,0.41846,0.46289,0.4126,0.43115,0.39551,0.38037,0.33008,0.39355,0.43555,0.2749,0.28223,0.31592,0.29346,0.27197,0.26221,0.29248,0.24805,0.22412
-24,-4,-3,3,-31,-16,9,-1,2,5,-11,-12,-11,-7,-8,-7,13,3,2,1,2,0,-1,7,-20,-12,-13,6,7,-5,-2,0,2,-20,-4
-1,-1,0,-3,-7,0,-2,-4,-4,25,-9,-24,-7,-8,15,-16,2,9,7,-3,-6,-1,-2,-1,-15,21,-9,1,4,-6,-1,-1,2,-4,-3
-1,-3,-2,0,-1,1,-8,5,-1,8,-4,-12,-9,-3,4,-6,-6,2,6,-5,-7,4,1,-2,-3,3,1,-5,2,2,0,2,2,-2,-3
-3,-1,0,-1,-4,-1,-2,6,-6,-6,-2,-12,3,3,1,-2,-10,-3,3,1,-1,22,14,-26,18,9,10,0,0,-2,-2,1,-1,1,0
0,-3,-2,-1,-3,4,11,7,-5,-3,3,8,-11,-18,-2,-2,-3,0,3,12,-10,4,64,0,27,-14,-13,-17,-4,-6,-4,-1,-4,-1,0
3,1,-3,1,9,-6,2,0,0,0,4,-7,-4,2,3,5,-5,4,-1,6,-1,-12,-2,-11,-2,12,5,-2,-10,2,-3,-1,-1,-4,-8
2,10,0,9,-3,-49,23,8,-43,-10,10,-7,-37,11,-10,4,7,22,0,18,-21,-9,-20,-39,48,6,-9,-36,19,-8,23,6,-36,2,-4
-9,-3,-13,3,-9,-21,25,31,1,2,-24,1,-49,3,-22,4,-14,-7,5,6,-1,-8,13,-1,-15,-15,2,-6,6,-17,0,-2,9,-16,-3
44.188,-13.188,-12.625,1.125,-35.75,-81.188,-15.5,-28.438,-17.813,-18.438,18.625,16.75,4.5625,-3.6875,-9.8125,4.3125,-4.8125,1.75,-4.0625,-8.6875,-2.625,-3,8.9375,-0.9375,40.125,-21.375,9.0625,-3.5,-6.8125,-1.1875,-3.6875,-28.188,-17.188,31.25,21.813
44.188,-13.188,-12.625,1.125,-35.75,-81.188,-15.5,-28.438,-17.813,-18.438,18.625,16.75,4.5625,-3.6875,-9.8125,4.3125,-4.8125,1.75,-4.0625,-8.6875,-2.625,-3,8.9375,-0.9375,40.125,-21.375,9.0625,-3.5,-6.8125,-1.1875,-3.6875,-28.188,-17.188,31.25,21.813
44.188,-13.188,-12.625,1.125,-35.75,-81.188,-15.5,-28.438,-17.813,-18.438,18.625,16.75,4.5625,-3.6875,-9.8125,4.3125,-4.8125,1.75,-4.0625,-8.6875,-2.625,-3,8.9375,-0.9375,40.125,-21.375,9.0625,-3.5,-6.8125,-1.1875,-3.6875,-28.188,-17.188,31.25,21.813
6.7406,6.7459,6.7394,6.7474,6.7434,6.6614,6.6464,6.6413,6.7078,6.702,6.7601,6.7914,6.8025,6.7946,6.7915,6.7916,6.793,6.7969,6.7904,6.7775,6.7697,6.7555,6.7578,6.772,6.7689,6.8224,6.8227,6.8167,6.8071,6.8077,6.8034,6.787,6.7497,6.7687,6.8574
3.1154,3.1162,3.1057,3.1047,3.1173,3.175,3.3193,3.5168,3.7633,3.9306,4.1277,4.2409,4.3163,4.3328,4.3498,4.3526,4.3664,4.377,4.3959,4.404,4.4079,4.3859,4.3063,4.1723,3.9274,3.7795,3.6691,3.6195,3.6136,3.6129,3.6106,3.5647,3.4907,3.3578,3.2283
7.7566,7.7594,7.7511,7.7404,7.7051,7.6595,7.6151,7.5548,7.4649,7.413,7.3471,7.3233,7.3033,7.2922,7.283,7.2753,7.2592,7.2448,7.2353,7.2279,7.2276,7.2346,7.2393,7.2364,7.2185,7.2139,7.1855,7.1688,7.1558,7.1436,7.1437,7.1372,7.128,7.1286,7.0799
0.24854,0.25342,0.229,0.229,0.23291,0.25244,0.25146,0.21875,0.21191,0.21924,0.21777,0.25537,0.18701,0.19482,0.36768,0.64404,0.59033,0.68262,0.73584,0.68262,0.66064,0.72803,0.70605,0.71484,0.69043,0.69287,0.88184,1.0264,1.0146,0.91748,0.979,0.89746,0.94189,0.94873,0.91943
0.88721,0.84766,0.83594,0.8457,0.81494,0.86963,0.89404,0.88916,0.85547,0.87305,0.84668,0.86328,0.82568,0.75537,0.81592,0.5957,0.95508,0.53857,0.6084,0.65576,0.64209,0.57813,0.56885,0.55225,0.53027,0.46191,0.47217,0.19043,0.22754,0.60889,0.21143,0.15967,0.28271,0.25928,0.23926
0.40723,0.46631,0.44482,0.46045,0.46777,0.47412,0.43213,0.43848,0.43945,0.4541,0.4585,0.45264,0.43604,0.41016,0.45605,0.18799,0.35742,0.41992,0.37988,0.32617,0.34814,0.32813,0.30664,0.28516,0.30615,0.28223,0.32764,0.2793,0.15674,0.10889,0.13086,0.31982,0.053711,0.11133,0.20996
-9,1,2,2,-3,16,0,3,9,7,5,4,0,-11,1,-8,-28,13,15,-7,10,-2,-2,3,1,5,6,2,4,2,-2,2,4,-2,-1
-12,6,-8,2,-6,2,1,1,4,3,9,2,3,-9,12,-11,14,6,21,-7,-11,-9,2,8,2,3,0,-3,2,-4,1,2,1,-3,-2
-4,-2,-13,3,-9,-5,-4,-1,4,1,-3,2,-1,-5,10,-12,23,1,24,8,-17,0,6,6,3,5,-1,-3,0,0,2,1,-2,0,1
3,9,-11,-8,4,-4,0,-2,1,2,-3,-8,1,-1,4,13,-3,-45,0,-5,-22,-6,0,4,3,3,2,-4,1,1,1,2,-3,-1,-1
10,1,-3,-7,-2,-3,3,3,-4,2,-2,-3,35,-8,-21,43,-4,-91,-1,-15,2,-25,3,-11,1,0,-1,-3,4,-1,2,0,0,2,1
0,-16,1,-2,-7,-5,2,-3,-1,4,6,-3,6,-7,6,-9,0,-9,1,-12,4,-5,0,-2,-6,2,1,12,-12,8,-6,3,-2,-4,1
-4,-33,10,5,4,29,-1,-16,7,9,1,-5,-7,-33,31,42,-69,18,-22,23,36,-17,-19,14,-17,-4,7,0,-6,6,1,6,1,3,0
-11,-8,14,17,5,18,-19,0,14,30,-16,10,2,-6,20,12,-8,-8,23,-18,0,-20,3,0,9,14,1,-2,2,1,0,5,1,-3,0
1.8125,2.375,-2.875,-1,-1.75,-4.25,-4.3125,-2.875,-1.9375,-0.75,-1.875,0.6875,2.8125,9.1875,24.875,-2.5625,48.563,5.5625,-14.563,-27.25,2.1875,4.25,0,1.125,0.1875,-11.25,-20.188,1.375,131.13,104.06,26.625,-5.375,18.25,-1.875,-0.5625
1.8125,2.375,-2.875,-1,-1.75,-4.25,-4.3125,-2.875,-1.9375,-0.75,-1.875,0.6875,2.8125,9.1875,24.875,-2.5625,48.563,5.5625,-14.563,-27.25,2.1875,4.25,0,1.125,0.1875,-11.25,-20.188,1.375,131.13,104.06,26.625,-5.375,18.25,-1.875,-0.5625
1.8125,2.375,-2.875,-1,-1.75,-4.25,-4.3125,-2.875,-1.9375,-0.75,-1.875,0.6875,2.8125,9.1875,24.875,-2.5625,48.563,5.5625,-14.563,-27.25,2.1875,4.25,0,1.125,0.1875,-11.25,-20.188,1.375,131.13,104.06,26.625,-5.375,18.25,-1.875,-0.5625
6.7545,6.7652,6.7704,6.7643,6.7562,6.7466,6.7412,6.7385,6.7381,6.7402,6.7369,6.737,6.737,6.7449,6.7628,6.7626,6.8299,6.7901,6.7688,6.7608,6.7577,6.746,6.7424,6.7367,6.7263,6.6993,6.7062,6.6774,6.6841,6.6582,6.743,6.7178,6.7108,6.7344,6.7374
4.5798,4.5804,4.5923,4.5963,4.5908,4.5779,4.5759,4.5852,4.5947,4.6011,4.601,4.5925,4.5707,4.5027,4.3743,4.1864,4.0167,3.8458,3.7001,3.6701,3.6667,3.6777,3.6823,3.6666,3.6207,3.5309,3.3973,3.1875,3.0476,2.9819,2.981,2.9957,2.9894,2.9827,2.9845
7.1023,7.0804,7.0591,7.0495,7.0534,7.0681,7.0753,7.0781,7.077,7.0702,7.0644,7.0595,7.0615,7.0652,7.0817,7.0796,7.1037,7.0895,7.0532,7.0345,7.0356,7.0428,7.0556,7.0709,7.0896,7.1058,7.066,7.0141,7.1727,7.4204,7.2791,7.3264,7.3669,7.3414,7.3422
0.91895,0.92236,0.91504,0.92236,0.9043,0.95996,1.0327,0.87012,0.74072,0.73486,0.60986,0.41406,0.4292,0.44727,0.37988,0.32129,0.37158,0.32129,0.35352,0.34521,0.34229,0.39355,0.56055,0.50879,0.84229,0.69873,0.63232,0.61377,0.71289,0.73877,0.68994,0.69287,0.71924,0.74268,0.7915
0.27588,0.29248,0.27295,0.2959,0.31104,0.27832,0.40674,0.46387,0.52734,0.63477,0.63428,0.65967,0.68506,0.76416,0.77002,0.77002,0.77832,0.79736,0.78516,0.76563,0.73389,0.69189,0.71826,0.79688,0.52148,0.6499,0.63818,0.65527,0.59131,0.58789,0.58789,0.59863,0.55127,0.5127,0.49463
0.18506,0.20166,0.18457,0.19092,0.20313,0.1792,0.20557,0.44482,0.36377,0.35596,0.41211,0.42822,0.42676,0.44922,0.46484,0.44385,0.46289,0.47949,0.48291,0.46143,0.44531,0.42627,0.43896,0.36182,0.36816,0.41357,0.40283,0.38135,0.33447,0.34424,0.35205,0.35645,0.32373,0.32227,0.33057
0,-2,-3,0,-3,10,14,16,4,11,4,-18,0,-12,-3,-13,5,0,11,0,8,-7,7,-4,-7,16,11,-1,-9,-1,-2,3,3,-4,-2
1,-1,-6,-5,-3,21,12,-6,-5,9,-18,-21,5,-16,-2,4,0,-14,16,-1,17,-1,-3,7,-16,1,9,12,-6,-5,-2,2,2,-1,-2
1,0,0,-2,-2,6,7,3,-9,6,-9,-6,0,-13,0,3,-1,-4,1,0,-2,-3,-4,23,-3,4,-4,12,-8,-8,4,0,1,-1,0
-1,-3,-1,-5,-2,-3,2,14,-9,7,1,-1,-2,-3,-7,1,-3,0,-1,2,4,-3,-11,5,-12,-14,-9,13,0,-16,6,-1,5,3,0
-3,0,-2,-2,-1,0,7,14,-20,8,15,3,-17,-4,-2,-10,-1,2,-7,1,3,-6,14,-46,-10,-6,9,0,16,-16,-5,-1,-1,-1,-3
-6,-4,2,-12,1,1,4,3,1,-4,-5,-2,5,0,4,-1,6,-3,9,5,12,4,-24,22,20,5,-6,19,0,-8,3,9,3,1,1
-11,-1,7,-38,13,12,-11,5,-7,-30,6,3,-11,11,14,-13,3,-18,-12,5,3,11,-14,4,-6,19,8,5,-18,-1,-16,-35,-10,9,-18
-2,-4,0,-9,9,10,-15,10,-19,2,39,-39,-35,-14,6,8,-18,-9,-26,-8,12,-22,24,15,-44,-7,26,-10,-28,11,-6,-7,-16,-3,0
-1.1875,-3.875,-3.8125,-5.8125,-3.125,-77,-20.313,-26.688,-7.8125,13.5,19.75,8.4375,-2.1875,2.875,0.1875,-4.25,-2.0625,3.25,-3.0625,-1,8.5625,17.938,-11.438,18.188,-22,-4.4375,-7.375,-4.375,2.75,-5.0625,-0.4375,1.875,0.3125,1.9375,-16.875
-1.1875,-3.875,-3.8125,-5.8125,-3.125,-77,-20.313,-26.688,-7.8125,13.5,19.75,8.4375,-2.1875,2.875,0.1875,-4.25,-2.0625,3.25,-3.0625,-1,8.5625,17.938,-11.438,18.188,-22,-4.4375,-7.375,-4.375,2.75,-5.0625,-0.4375,1.875,0.3125,1.9375,-16.875
-1.1875,-3.875,-3.8125,-5.8125,-3.125,-77,-20.313,-26.688,-7.8125,13.5,19.75,8.4375,-2.1875,2.875,0.1875,-4.25,-2.0625,3.25,-3.0625,-1,8.5625,17.938,-11.438,18.188,-22,-4.4375,-7.375,-4.375,2.75,-5.0625,-0.4375,1.875,0.3125,1.9375,-16.875
6.6524,6.6566,6.6539,6.6566,6.6522,6.6497,6.6142,6.567,6.5772,6.6165,6.6558,6.6779,6.6846,6.6928,6.6912,6.6868,6.6837,6.6846,6.679,6.6737,6.6737,6.6834,6.6755,6.6938,6.6916,6.7046,6.7059,6.7135,6.7086,6.7089,6.7036,6.6972,6.6876,6.6741,6.6505
3.0438,3.0439,3.0456,3.0512,3.059,3.0842,3.1563,3.3286,3.527,3.7315,3.9654,4.1113,4.21,4.2905,4.3289,4.3607,4.3802,4.3902,4.3871,4.3607,4.3101,4.2125,4.0648,3.9752,3.8707,3.7662,3.7421,3.7427,3.7258,3.7163,3.7072,3.6851,3.6479,3.5803,3.4897
7.392,7.3849,7.3776,7.3703,7.363,7.2942,7.2134,7.1974,7.1599,7.1259,7.1094,7.1039,7.0887,7.0701,7.0667,7.0609,7.0523,7.0508,7.0499,7.053,7.075,7.1148,7.15,7.1512,7.0919,7.0632,7.041,7.0332,7.0208,7.0148,7.0158,7.0276,7.0364,7.0547,7.0604
0.90527,0.88428,0.92236,0.93506,0.92676,0.8916,0.77002,0.7041,0.69922,0.64258,0.57617,0.4834,0.38184,0.37842,0.37695,0.36816,0.30273,0.32031,0.30957,0.26855,0.30811,0.29395,0.30859,0.2959,0.30127,0.27637,0.27881,0.35205,0.43213,0.76465,0.69873,0.69971,0.69141,0.77881,0.75635
0.27979,0.30811,0.27246,0.40332,0.31836,0.42529,0.46484,0.5083,0.61621,0.65137,0.72656,0.68994,0.72656,0.79736,0.7832,0.81982,0.80273,0.81055,0.81494,0.83643,0.81885,0.80273,0.81543,0.83301,0.80762,0.80371,0.73389,0.82471,0.79248,0.62012,0.6875,0.63721,0.70703,0.56348,0.55078
0.2124,0.17725,0.17334,0.20557,0.23242,0.34131,0.39746,0.36084,0.35693,0.35254,0.38623,0.39258,0.49609,0.50195,0.43066,0.44092,0.4707,0.50049,0.46289,0.47021,0.50195,0.47656,0.48096,0.4707,0.48584,0.47021,0.42871,0.3999,0.34424,0.41602,0.45166,0.24658,0.34033,0.34766,0.31885
1,1,0,-1,-3,-6,-2,8,-4,-33,9,-11,-2,6,-12,-21,-3,12,-33,4,-8,2,0,10,2,9,-5,-8,-8,-4,0,-19,17,4,-6
1,-29,6,-6,-8,3,1,-3,10,-7,24,1,-7,-5,-4,9,-4,2,-24,-12,-6,-4,-4,5,-8,8,-5,-3,-4,1,-5,-10,2,-11,1
-1,0,1,-2,-9,12,-4,8,-1,-12,10,9,-1,-6,-2,9,-4,-6,-3,-6,-4,-6,-5,-1,-6,3,-5,5,-5,-2,-3,0,-1,-5,3
0,5,-2,-3,-2,6,1,5,-7,2,2,4,-5,-16,-3,1,-7,2,-8,-12,-1,0,0,-2,-6,-9,2,44,-33,13,-4,0,2,-2,-1
3,0,1,-7,-7,11,8,-9,-4,2,-7,8,-26,-3,4,-3,-1,15,-3,0,-4,0,-2,2,-5,-8,0,-18,-1,50,22,10,22,7,-2
3,-8,0,-1,-1,5,-2,1,7,-4,-7,7,-3,-4,8,1,-2,11,-2,1,-1,4,0,5,-8,-3,12,23,17,-35,-17,11,-13,4,-2
7,-53,13,0,12,1,8,36,-23,12,4,7,-12,-3,11,9,-5,21,0,-11,-4,7,-6,8,-17,-5,26,13,-84,13,26,-10,-42,-11,15
2,-4,-3,1,1,-5,-5,24,2,-1,5,1,-8,-2,-7,-31,12,26,6,25,-15,17,3,3,0,5,-12,-8,-8,-14,-5,-40,1,34,-4
1.9375,3.125,-3.5,-13.438,-36.813,-22.25,-3.875,-10.188,5.9375,3.8125,13.688,29.25,20.25,-10.875,-13.5,-5.125,-2.25,-5.6875,-6.5,-1.75,3.875,-2.5,-2.625,0.5,-1.5,-1.3125,8.0625,1.8125,-31.313,7.625,-15.625,-7.5,7.1875,11.063,-5.8125
1.9375,3.125,-3.5,-13.438,-36.813,-22.25,-3.875,-10.188,5.9375,3.8125,13.688,29.25,20.25,-10.875,-13.5,-5.125,-2.25,-5.6875,-6.5,-1.75,3.875,-2.5,-2.625,0.5,-1.5,-1.3125,8.0625,1.8125,-31.313,7.625,-15.625,-7.5,7.1875,11.063,-5.8125
1.9375,3.125,-3.5,-13.438,-36.813,-22.25,-3.875,-10.188,5.9375,3.8125,13.688,29.25,20.25,-10.875,-13.5,-5.125,-2.25,-5.6875,-6.5,-1.75,3.875,-2.5,-2.625,0.5,-1.5,-1.3125,8.0625,1.8125,-31.313,7.625,-15.625,-7.5,7.1875,11.063,-5.8125
6.5984,6.6207,6.6117,6.6353,6.6072,6.587,6.5634,6.5764,6.6092,6.6449,6.6815,6.7057,6.7281,6.7181,6.7029,6.6998,6.6977,6.6914,6.6857,6.6868,6.6849,6.681,6.6831,6.6862,6.6812,6.6804,6.6908,6.6989,6.6777,6.6708,6.6896,6.6968,6.6952,6.6829,6.6831
3.0732,3.0709,3.0673,3.1091,3.1937,3.2998,3.4376,3.5817,3.7186,3.8827,4.036,4.143,4.2281,4.3112,4.3659,4.4083,4.4407,4.464,4.4787,4.4943,4.4971,4.4983,4.4897,4.4823,4.4758,4.4636,4.3997,4.3016,4.1198,3.9357,3.8023,3.6941,3.6059,3.5792,3.5854
7.1444,7.1331,7.1204,7.0908,7.0524,7.0301,7.0122,6.9781,6.9507,6.925,6.9055,6.9152,6.9314,6.9105,6.8818,6.8637,6.8554,6.8429,6.8308,6.8213,6.8183,6.8146,6.8104,6.8061,6.8043,6.8048,6.8021,6.8112,6.7824,6.7565,6.7321,6.717,6.7259,6.7395,6.7403
0.9082,0.91211,0.91309,0.91406,0.91357,0.95654,0.9668,0.91992,0.66357,0.61621,0.59668,0.48926,0.47363,0.48486,0.44971,0.34863,0.35791,0.38574,0.37061,0.37744,0.36182,0.30469,0.46729,0.5835,0.5874,0.61279,0.76221,0.67529,0.64502,0.68994,0.71875,0.63818,0.80664,0.92627,0.96289
0.30078,0.2959,0.29102,0.29102,0.29004,0.31836,0.20117,0.56982,0.61084,0.67871,0.67139,0.6333,0.68896,0.81982,0.77197,0.81104,0.81787,0.83496,0.80566,0.82324,0.7959,0.73389,0.73242,0.7334,0.63721,0.61963,0.72754,0.70752,0.69873,0.59473,0.50879,0.59375,0.479,0.42529,0.27148
0.19385,0.21729,0.19678,0.20508,0.20752,0.14697,0.2749,0.35889,0.41113,0.38184,0.4165,0.40869,0.41602,0.45313,0.42285,0.42383,0.43848,0.43994,0.43359,0.44043,0.43164,0.39453,0.41699,0.44922,0.44629,0.34033,0.32568,0.36084,0.38232,0.35205,0.34766,0.31494,0.25732,0.17432,0.2207
0,0,-2,-1,1,22,-1,8,12,-20,6,-12,-9,-23,1,-3,-7,15,0,-2,-5,8,2,10,-1,6,-2,17,2,-4,-4,-10,-1,0,1
0,1,-1,-2,-1,9,2,9,1,-3,-2,-13,-1,16,-8,8,-15,7,6,3,-11,2,-3,5,-1,5,-11,10,-2,0,-5,-10,-1,-2,3
-2,1,-2,-1,-1,7,-1,3,7,-3,1,-10,7,5,-5,1,-4,2,-6,1,-6,1,-4,7,-8,6,1,-5,-2,-2,-2,-2,-5,-2,-4
0,-1,-3,-1,-1,-5,-1,-5,6,17,-7,-4,-1,-1,-20,11,2,3,-3,-3,-4,0,-3,1,-1,-2,11,-14,10,-5,-4,2,-2,-1,-2
-3,-1,0,-1,3,4,-3,-7,5,-3,-5,-1,12,-18,-12,-6,-10,-1,-9,-1,-4,-2,6,36,0,-25,30,-5,20,-5,-2,-2,-1,-2,-2
1,3,-1,-3,0,13,3,-7,3,-4,-1,-5,-10,-2,0,-5,1,7,-1,-2,1,-8,17,19,-15,24,-4,3,0,27,-5,-1,-1,-1,-4
2,3,0,2,-1,-3,-7,4,5,-45,1,-6,-10,7,7,-35,3,36,-20,-14,5,13,-2,20,-8,48,-6,12,-43,-23,-39,45,10,-1,3
0,1,0,1,-1,23,-24,-3,18,-21,2,4,-7,8,25,-55,-6,26,-23,-5,-3,-5,3,24,9,32,22,10,8,-13,-8,-3,2,-6,3
-1,0.3125,-0.6875,-0.1875,0,-35.5,-29.313,-0.25,34.75,7.625,22.813,4.375,-7.875,3.375,1.8125,3.1875,-1.375,-1.875,-2.3125,-4.375,-5.625,-6,2.375,18,-13.188,-22.438,-24.563,-2.125,8,5.5,-8.0625,-35.875,-60.813,-20.438,-33.625
-1,0.3125,-0.6875,-0.1875,0,-35.5,-29.313,-0.25,34.75,7.625,22.813,4.375,-7.875,3.375,1.8125,3.1875,-1.375,-1.875,-2.3125,-4.375,-5.625,-6,2.375,18,-13.188,-22.438,-24.563,-2.125,8,5.5,-8.0625,-35.875,-60.813,-20.438,-33.625
-1,0.3125,-0.6875,-0.1875,0,-35.5,-29.313,-0.25,34.75,7.625,22.813,4.375,-7.875,3.375,1.8125,3.1875,-1.375,-1.875,-2.3125,-4.375,-5.625,-6,2.375,18,-13.188,-22.438,-24.563,-2.125,8,5.5,-8.0625,-35.875,-60.813,-20.438,-33.625
6.6342,6.633,6.6304,6.6285,6.6279,6.6245,6.5013,6.5502,6.6089,6.6771,6.725,6.7492,6.7583,6.7687,6.7623,6.7592,6.7574,6.7571,6.7516,6.7476,6.7359,6.7186,6.7115,6.7068,6.6779,6.6852,6.6981,6.7055,6.7189,6.7178,6.7098,6.6757,6.5998,6.6282,6.6631
3.0767,3.0763,3.0758,3.0751,3.0737,3.0855,3.1942,3.349,3.6077,3.8106,3.9861,4.1297,4.2414,4.28,4.2945,4.3162,4.3272,4.3329,4.3348,4.3348,4.3331,4.3055,4.2232,4.1134,3.9971,3.909,3.8029,3.7218,3.7164,3.7197,3.7056,3.6303,3.4824,3.3608,3.2666
7.0911,7.0904,7.0913,7.0921,7.0918,7.0761,7.0181,6.9885,6.9513,6.8977,6.8606,6.8308,6.8034,6.793,6.7873,6.7824,6.7779,6.7757,6.7698,6.7675,6.7619,6.7585,6.767,6.7874,6.7852,6.7573,6.7257,6.6985,6.6935,6.6906,6.6894,6.7018,6.6356,6.5438,6.4435
0.47217,0.44531,0.45215,0.43311,0.44873,0.45361,0.41064,0.40625,0.39648,0.38916,0.41016,0.40283,0.40723,0.37842,0.37451,0.4082,0.375,0.42188,0.34521,0.44043,0.68945,0.84277,0.7749,0.85938,0.76563,0.79248,0.79395,0.82764,0.84082,0.81494,0.83154,0.80664,0.84326,0.85254,0.86963
0.76563,0.76953,0.75635,0.77051,0.7793,0.78076,0.77979,0.78857,0.78467,0.77197,0.78174,0.7793,0.78076,0.78467,0.79102,0.76953,0.74902,0.76123,0.73389,0.70654,0.69336,0.65771,0.50391,0.44092,0.53564,0.58301,0.4082,0.42578,0.4751,0.43945,0.4541,0.42822,0.39551,0.40137,0.28027
0.44629,0.45215,0.44385,0.44727,0.45459,0.46875,0.47803,0.46875,0.47998,0.46973,0.46533,0.479,0.48779,0.4873,0.47852,0.46436,0.45947,0.45264,0.45654,0.40967,0.39648,0.51318,0.4624,0.37012,0.32031,0.29297,0.35303,0.31641,0.30273,0.28467,0.27197,0.21484,0.24658,0.25049,0.29883
0,3,-1,7,-3,1,-12,6,2,-7,1,-53,8,0,-10,14,3,-10,2,2,-16,-1,-26,-2,2,-2,-1,8,-5,-5,0,-1,3,-27,31
3,5,-6,9,-14,-8,-12,-6,-17,-3,-8,-14,10,7,-15,-11,2,-10,3,-1,-14,7,-9,-7,5,0,-5,-7,0,-6,0,1,-4,-17,11
2,0,0,5,-3,1,-3,-1,-3,-4,-3,-8,4,0,-4,-11,-1,-7,1,-5,-3,2,2,0,5,-11,-2,-5,5,-1,-3,-2,-1,-7,2
-5,3,0,2,-4,-2,0,-1,4,-6,-1,-4,2,-2,-3,-3,-2,-8,1,4,-2,-11,12,-19,-2,-22,-2,8,19,-3,-5,-1,-1,-4,-7
-1,0,-1,1,0,-2,-3,3,-1,-1,-1,-3,-2,0,1,4,-3,-2,4,15,29,5,-22,-31,-9,-23,-6,9,20,-6,-3,0,1,2,-7
-3,-2,-3,-4,2,-1,1,-1,-1,1,1,-2,0,2,3,-2,-6,-1,5,-20,-1,-3,2,4,-4,-11,-8,3,0,-3,0,-6,3,-14,8
-2,7,-1,-11,4,-10,-2,0,4,2,-1,-3,0,10,-7,-16,-23,1,17,-8,-31,18,-28,39,-13,-5,-12,0,-8,-10,-21,-14,2,-7,8
-4,-1,4,-9,9,-2,-10,5,22,-10,-2,-34,-3,2,-4,-6,-1,8,-19,9,-11,15,-24,16,-6,15,4,3,-6,-19,0,-2,3,-21,4
1.25,-2.3125,-3.5,-5.3125,0.25,-1.125,-1.5625,-2.5625,0.5,2.125,0.3125,1,-0.8125,-0.625,0.75,0.3125,1.3125,2.0625,7.6875,-6.625,-5.8125,30.938,-4.25,-7.9375,-9.5625,-4.1875,-1.8125,-1.1875,0.8125,1.3125,-5.625,-25.625,-35.438,-20.875,-11.5
1.25,-2.3125,-3.5,-5.3125,0.25,-1.125,-1.5625,-2.5625,0.5,2.125,0.3125,1,-0.8125,-0.625,0.75,0.3125,1.3125,2.0625,7.6875,-6.625,-5.8125,30.938,-4.25,-7.9375,-9.5625,-4.1875,-1.8125,-1.1875,0.8125,1.3125,-5.625,-25.625,-35.438,-20.875,-11.5
1.25,-2.3125,-3.5,-5.3125,0.25,-1.125,-1.5625,-2.5625,0.5,2.125,0.3125,1,-0.8125,-0.625,0.75,0.3125,1.3125,2.0625,7.6875,-6.625,-5.8125,30.938,-4.25,-7.9375,-9.5625,-4.1875,-1.8125,-1.1875,0.8125,1.3125,-5.625,-25.625,-35.438,-20.875,-11.5
6.6775,6.6772,6.6698,6.6694,6.6665,6.6634,6.6637,6.6628,6.6597,6.6583,6.6609,6.6581,6.6532,6.6512,6.65,6.6486,6.6491,6.6507,6.6629,6.6651,6.6542,6.6401,6.604,6.5761,6.5472,6.5632,6.5765,6.5683,6.5688,6.5693,6.5708,6.5799,6.6026,6.671,6.75
4.2096,4.2287,4.2433,4.2515,4.2517,4.2525,4.2721,4.293,4.3135,4.3312,4.3329,4.3275,4.3213,4.323,4.3234,4.3176,4.3049,4.2745,4.2065,4.1115,3.981,3.7683,3.6551,3.544,3.4753,3.4457,3.4415,3.4236,3.4195,3.4178,3.415,3.4022,3.3591,3.2901,3.2156
6.5239,6.5269,6.5252,6.523,6.5193,6.515,6.5077,6.5046,6.502,6.4989,6.4963,6.4946,6.4935,6.494,6.4951,6.4955,6.4948,6.4925,6.4988,6.5032,6.4986,6.5083,6.5378,6.5684,6.6059,6.5815,6.5647,6.5692,6.5741,6.5765,6.5708,6.5283,6.4356,6.3027,6.1886
