0.9248,0.91455,0.91748,0.91797,0.91748,0.91943,0.91846,0.92383,0.98145,1.0127,0.90674,0.59424,0.33887,0.17334,-0.146,-0.30078,-0.40576,-0.5957,-0.65137,-0.78955,-0.86182,-0.94434,-0.93555,-0.87598,-0.79053,-0.58447,-0.34619,-0.24121,-0.22168,-0.24658,-0.21533,-0.27588,-0.28809,-0.27441,-0.30176
0.32275,0.32715,0.32715,0.32129,0.32861,0.32959,0.33154,0.33252,0.39355,0.39941,0.81689,0.87012,0.99072,0.9292,0.8418,0.70117,0.55322,0.48096,0.5083,0.43262,0.44141,0.45947,0.43262,0.44482,0.50879,0.59033,0.6499,0.63721,0.69385,0.68506,0.66504,0.68311,0.67969,0.67822,0.66504
0.059082,0.053711,0.062012,0.047363,0.04541,0.059082,0.057617,0.04248,-0.054688,0.077148,0.41357,0.54248,0.53662,0.55957,0.51367,0.46289,0.31055,0.19434,0.11914,0.16504,0.1084,0.11035,0.2124,0.271,0.43994,0.62354,0.67334,0.72656,0.76318,0.73047,0.74951,0.7627,0.7373,0.70898,0.71973
-11,3,1,0,-5,4,6,-13,1,-9,-3,41,28,-8,-23,-8,22,-31,-9,11,-2,11,31,19,-5,24,42,5,14,-15,28,6,-20,4,-31
-1,-2,1,-1,-1,-1,-1,-5,-14,-46,4,36,2,0,-3,1,31,-2,-9,-5,-4,4,28,-13,-5,-3,21,7,-8,14,14,-2,-11,8,-3
0,0,0,0,0,0,-1,-5,15,-45,-6,27,-15,-1,0,14,13,-21,12,-15,-2,-1,8,-5,-5,-8,12,5,-2,18,14,7,-3,-6,10
-2,-1,-1,-1,-1,-1,-3,0,3,-20,3,5,-13,5,18,42,8,-34,-3,-31,8,-11,1,-9,-10,6,-1,-6,-21,9,13,11,-6,-8,-2
0,-1,-1,0,-2,0,-1,0,0,-9,-27,-10,-2,2,-2,-3,15,-39,6,-17,0,-13,-2,-19,-22,46,30,8,-52,-18,13,49,10,-7,-11
-2,0,-1,0,-3,-2,-2,-1,-1,-4,-4,3,1,0,-1,-2,3,-6,3,-3,3,-1,4,-6,3,15,-4,15,2,-6,-5,2,3,-2,-2
-2,-1,1,0,-1,-1,1,-6,-3,-2,-2,7,1,7,-9,-1,16,-6,-5,15,6,21,24,-10,11,25,-13,26,-8,-4,-11,-10,-12,-3,-9
-2,-1,0,0,-5,1,4,-8,2,-4,-7,20,8,-1,-14,-16,5,-27,15,1,6,11,-20,12,-1,10,-30,-39,23,24,28,4,-28,24,14
0.9375,2,1.125,4.0625,1.9375,1.0625,0.125,1.3125,-37.438,-57.688,-64.625,2.875,38.188,71.688,43.5,9.9375,-15.938,-19.688,-34.063,-26.063,-24.313,-12.063,-10.188,-8.9375,-20.75,-11.938,-3.5,15.875,8.875,-8.625,-6,-3.6875,-2.375,-3.5,-0.4375
0.9375,2,1.125,4.0625,1.9375,1.0625,0.125,1.3125,-37.438,-57.688,-64.625,2.875,38.188,71.688,43.5,9.9375,-15.938,-19.688,-34.063,-26.063,-24.313,-12.063,-10.188,-8.9375,-20.75,-11.938,-3.5,15.875,8.875,-8.625,-6,-3.6875,-2.375,-3.5,-0.4375
0.9375,2,1.125,4.0625,1.9375,1.0625,0.125,1.3125,-37.438,-57.688,-64.625,2.875,38.188,71.688,43.5,9.9375,-15.938,-19.688,-34.063,-26.063,-24.313,-12.063,-10.188,-8.9375,-20.75,-11.938,-3.5,15.875,8.875,-8.625,-6,-3.6875,-2.375,-3.5,-0.4375
7.2271,7.2179,7.2099,7.2107,7.217,7.2225,7.2311,7.24,7.2119,7.0719,6.7995,6.6874,6.6794,6.7515,6.8888,6.9473,6.9881,6.9954,6.9532,6.8952,6.8723,6.8227,6.6771,6.5404,6.409,6.279,6.2387,6.2177,6.2255,6.2159,6.199,6.1894,6.1823,6.1826,6.1856
3.0476,3.043,3.0396,3.0362,3.0335,3.0332,3.0329,3.034,3.0535,3.1288,3.4271,3.8225,4.2985,4.8178,5.479,5.8919,6.3317,6.5521,6.6643,6.7236,6.7232,6.6936,6.5931,6.468,6.2935,5.9814,5.7094,5.52,5.3886,5.3582,5.3511,5.3729,5.3908,5.3997,5.4124
9.5606,9.5757,9.5865,9.5907,9.5905,9.5866,9.5787,9.5722,9.5746,9.6104,9.7855,9.8904,9.9931,0.073975,0.15868,0.23127,0.31844,0.37062,0.37402,0.39709,0.41593,0.3818,0.23871,0.090493,9.9535,9.795,9.7257,9.6643,9.6335,9.622,9.6166,9.6218,9.624,9.6276,9.6307
0.93799,0.94629,0.94482,0.93994,0.9375,0.94238,0.95557,0.99219,1.0444,0.94971,0.56885,-0.093262,-0.2207,-0.37402,-0.54883,-0.69727,-0.74512,-0.78906,-0.98584,-0.95605,-0.94482,-0.39111,-0.21582,0.0078125,-0.25879,-0.27539,-0.33203,-0.28857,-0.32861,-0.33496,-0.34619,-0.29395,-0.2998,-0.29883,-0.23242
0.23047,0.22168,0.23633,0.23389,0.23438,0.23877,0.25049,0.354,0.61768,0.68604,0.85303,0.85205,0.71777,0.58594,0.47412,0.43701,0.44385,0.41211,0.45801,0.51709,0.51025,0.6377,0.58545,0.67578,0.62939,0.65283,0.65186,0.63818,0.64893,0.65039,0.63232,0.62012,0.63916,0.64746,0.67529
-0.019043,-0.021973,-0.025879,-0.030273,-0.035156,-0.0043945,-0.072754,-0.1084,0.2251,0.4917,0.56055,0.58008,0.4458,0.31543,0.19385,0.10254,0.10889,0.13672,0.092773,0.21924,0.41797,0.75488,0.69629,0.80029,0.78467,0.77637,0.76611,0.76074,0.75342,0.72266,0.73291,0.72803,0.71436,0.68945,0.65967
-5,11,-3,8,-14,6,-4,-10,4,2,49,-6,-1,-7,22,4,-17,-5,7,1,-11,26,-6,-16,25,36,-1,-21,87,0,-4,4,-41,9,-1
0,-1,-2,1,-2,2,1,23,19,22,61,-34,2,-21,20,-11,-2,-2,2,-25,-36,12,5,21,-5,13,-7,-4,21,-22,25,12,0,-10,-30
0,-2,0,1,0,0,14,6,-6,10,65,-33,-4,-8,4,0,2,-10,-4,-9,-28,9,6,16,4,1,-2,4,-1,-14,14,13,-7,-15,-18
0,1,2,4,-5,2,0,13,-18,19,2,-29,7,20,15,5,21,-20,-21,-5,-19,5,12,-5,3,5,6,-5,-1,-3,31,1,-12,-34,-3
0,-1,1,-2,-3,-2,1,24,-28,-35,-67,-56,30,58,12,28,36,-62,-54,-10,-6,-18,19,-9,14,22,-4,-3,10,10,58,-10,-16,-68,0
-2,-1,-2,0,1,-4,-1,1,-2,-5,-6,-10,10,9,2,5,2,-3,-2,7,10,2,-4,-13,-9,4,-18,-9,9,4,-5,6,3,-11,-3
1,-3,-1,1,0,-2,1,-5,-4,-3,5,-5,2,12,2,14,-5,-6,-31,14,19,10,-12,5,-26,-32,-12,-19,5,12,10,-6,-3,-19,1
6,3,-2,0,-8,-2,9,-15,-9,-12,13,-4,1,-5,15,2,16,-6,44,15,-23,-26,-52,-84,0,29,0,-15,30,52,-9,17,-32,6,-2
0.25,0.9375,-1.8125,-2.25,-4.1875,-1.625,-7.4375,-88.063,-48.375,-27.188,20,64.375,44.938,8.75,-25.563,-36.188,-31.375,-11.938,-46.188,0.6875,-16.188,-9.5625,-21.688,-1.25,19.25,9.875,3.0625,-3.75,-1.5,1.9375,6.3125,2.6875,3.375,6.4375,14
0.25,0.9375,-1.8125,-2.25,-4.1875,-1.625,-7.4375,-88.063,-48.375,-27.188,20,64.375,44.938,8.75,-25.563,-36.188,-31.375,-11.938,-46.188,0.6875,-16.188,-9.5625,-21.688,-1.25,19.25,9.875,3.0625,-3.75,-1.5,1.9375,6.3125,2.6875,3.375,6.4375,14
0.25,0.9375,-1.8125,-2.25,-4.1875,-1.625,-7.4375,-88.063,-48.375,-27.188,20,64.375,44.938,8.75,-25.563,-36.188,-31.375,-11.938,-46.188,0.6875,-16.188,-9.5625,-21.688,-1.25,19.25,9.875,3.0625,-3.75,-1.5,1.9375,6.3125,2.6875,3.375,6.4375,14
7.6738,7.6738,7.6732,7.6722,7.6754,7.6747,7.6752,7.5115,7.0303,6.7367,6.6357,6.8497,6.9718,7.0604,7.1021,7.062,7.0026,6.8444,6.6729,6.4893,6.2688,6.1873,6.1098,6.0858,6.1142,6.1336,6.1405,6.1365,6.1338,6.1387,6.1461,6.1496,6.1559,6.1671,6.1922
2.8839,2.8839,2.8835,2.8834,2.8868,2.889,2.8925,2.9288,3.1111,3.4425,3.9152,5.3211,5.7853,6.1682,6.5319,6.6903,6.7473,6.7069,6.6046,6.4261,6.1211,5.8541,5.6081,5.4233,5.3724,5.3776,5.4083,5.4275,5.4467,5.4653,5.4757,5.4779,5.4779,5.4727,5.4618
9.0225,9.0225,9.0222,9.0206,9.0077,9.0043,8.9986,9.0681,9.4038,9.6646,9.8131,0.10586,0.21536,0.32197,0.41501,0.43541,0.42627,0.3154,0.171,9.967,9.7424,9.6173,9.5265,9.4887,9.4828,9.4949,9.5055,9.5095,9.5107,9.5124,9.5118,9.5097,9.5084,9.5103,9.5143
0.93262,0.92432,0.9292,0.93066,0.93066,0.93311,0.93652,0.99854,0.94873,1.0068,0.73877,0.38232,0.1709,-0.011719,-0.34521,-0.41748,-0.60547,-0.6543,-0.75537,-0.75439,-0.92773,-1.1089,-1.0386,-0.64746,0.03125,0.00048828,-0.014648,-0.20215,-0.27881,-0.25732,-0.24072,-0.23779,-0.12256,0.057129,0.046875
0.28174,0.26514,0.27246,0.27539,0.26465,0.27832,0.27686,0.4292,0.52686,0.72119,0.79932,0.8667,0.8501,0.82959,0.71533,0.62012,0.57178,0.44043,0.43506,0.34863,0.41064,0.51855,0.5625,0.66602,0.73633,0.771,0.69922,0.75342,0.73193,0.73291,0.73486,0.72803,0.69629,0.64063,0.73145
0.027832,0.022461,0.020996,0.022461,0.0068359,0.011719,-0.013672,-0.039551,0.12402,0.36963,0.58252,0.62061,0.55859,0.5332,0.40088,0.29102,0.16309,0.081055,0.059082,0.044434,0.083008,0.12402,0.34521,0.5874,0.75,0.5625,0.65723,0.69824,0.70117,0.67871,0.65527,0.59912,0.50928,0.31201,0.35498
1,6,10,21,-14,-8,4,-9,-15,4,-1,10,24,-39,17,-12,34,9,25,44,-2,27,14,-27,0,-10,34,6,-16,10,-13,4,16,-7,6
0,-2,3,2,-5,-2,-13,-14,-57,18,-24,-6,6,55,-12,0,4,-8,19,17,29,-7,-1,-11,-6,3,-2,16,-8,12,51,19,10,-4,-1
-2,-1,1,3,-2,-1,-8,-24,-23,11,-15,3,4,42,-12,7,3,7,7,4,13,-4,2,-12,-11,1,-16,18,-2,17,23,15,6,1,-8
-3,-2,5,2,-1,-4,-1,-8,-2,4,-1,7,2,17,1,4,7,3,-17,-2,8,-2,16,-18,-29,6,-16,0,-17,1,1,1,1,-1,-8
-2,0,-2,-1,0,0,-2,-5,-44,-9,-16,2,10,23,0,2,1,-8,-48,-1,-6,-7,58,-28,-71,38,-30,-10,-37,-10,6,22,5,-5,-2
-1,-1,-1,1,0,0,-3,-4,-4,0,-4,-3,0,7,-7,2,3,-4,-3,8,0,4,9,-9,-16,13,-10,1,-8,5,2,-1,-7,-3,-7
0,-5,0,13,-6,0,0,-2,-5,3,2,-7,3,2,-15,-14,6,-8,4,14,-3,29,-13,37,16,3,-17,20,13,0,-6,-1,-5,0,4
-2,-5,7,14,-3,0,1,-2,-7,11,0,-10,9,-17,4,-16,23,-3,0,42,16,-10,65,-78,-24,-45,39,17,-40,-36,-3,0,3,-22,0
1.8125,-0.0625,-2.25,-3.4375,-3.1875,-1.25,-8.375,-89.5,-84,-63.125,4.75,25.875,51.438,41.313,10.625,-7.625,-3.625,-18.625,-11.688,-6.5,-10.063,-13.938,-26.125,-1.875,27.188,8.3125,-1.8125,-13.75,-2.3125,4.0625,-2.8125,8.75,25.313,86.125,114.75
1.8125,-0.0625,-2.25,-3.4375,-3.1875,-1.25,-8.375,-89.5,-84,-63.125,4.75,25.875,51.438,41.313,10.625,-7.625,-3.625,-18.625,-11.688,-6.5,-10.063,-13.938,-26.125,-1.875,27.188,8.3125,-1.8125,-13.75,-2.3125,4.0625,-2.8125,8.75,25.313,86.125,114.75
1.8125,-0.0625,-2.25,-3.4375,-3.1875,-1.25,-8.375,-89.5,-84,-63.125,4.75,25.875,51.438,41.313,10.625,-7.625,-3.625,-18.625,-11.688,-6.5,-10.063,-13.938,-26.125,-1.875,27.188,8.3125,-1.8125,-13.75,-2.3125,4.0625,-2.8125,8.75,25.313,86.125,114.75
7.3642,7.3697,7.3748,7.3821,7.4012,7.4274,7.4417,7.3428,7.0191,6.7874,6.6671,6.657,6.7099,6.7951,6.8977,6.9841,7.0856,7.176,7.2229,7.1877,6.9749,6.7423,6.5297,6.3597,6.3591,6.3656,6.3433,6.3323,6.3146,6.3194,6.3218,6.3336,6.3769,6.4993,6.6985
2.9625,2.963,2.9622,2.9592,2.9523,2.9434,2.9404,2.972,3.129,3.3835,3.7894,4.4413,4.9228,5.3553,5.8716,6.1913,6.4448,6.6389,6.736,6.7722,6.6878,6.5131,6.2795,5.9071,5.6098,5.394,5.2707,5.2849,5.3205,5.3566,5.3735,5.387,5.3944,5.4072,5.4149
9.4552,9.4523,9.4452,9.4328,9.4048,9.3759,9.3526,9.364,9.484,9.6056,9.7171,9.836,9.9196,0.018138,0.17707,0.32031,0.47029,0.62368,0.69679,0.68087,0.4529,0.19199,9.9742,9.7453,9.6512,9.5738,9.5235,9.5208,9.5247,9.5307,9.5341,9.5305,9.5365,9.5576,9.6094
0.92773,0.93359,0.93408,0.93164,0.92969,0.93115,0.92725,0.93604,0.93262,0.93506,0.9292,0.93164,0.93604,0.93018,0.98438,1.061,1.188,0.85742,0.29883,-0.067871,-0.22119,-0.32715,-0.35645,-0.46338,-1.2681,-0.74268,-0.88916,-1.0522,-0.68994,-0.28809,-0.070313,-0.18555,-0.29639,-0.37842,-0.36377
0.2876,0.28174,0.27783,0.27979,0.27441,0.27734,0.27637,0.2749,0.26563,0.26563,0.28076,0.28467,0.28271,0.28223,0.28857,0.35938,0.63379,0.81592,0.97852,0.83643,0.92773,0.71143,0.56348,0.48779,0.31592,0.46729,0.48682,0.5918,0.66357,0.65625,0.6792,0.67969,0.67383,0.69727,0.68848
0.041504,0.046875,0.039063,0.035156,0.029785,0.029785,0.035156,0.032227,0.02832,0.034668,0.030273,0.02832,0.026855,0.021973,-0.025879,-0.097168,0.25635,0.64258,0.62646,0.61328,0.625,0.46094,0.34326,0.077637,-0.17041,0.092773,0.28906,0.34326,0.4541,0.63916,0.7251,0.71191,0.69434,0.7041,0.67432
-6,-4,2,-3,4,2,0,-1,0,1,6,4,-2,-6,13,16,7,-3,16,15,-20,36,16,-19,-12,-33,-12,-17,30,8,16,-40,33,52,4
-1,-2,0,-2,-1,1,0,-2,-1,-1,0,1,-1,-2,13,14,44,29,28,-6,-7,18,-3,-9,-2,-17,-29,9,-8,2,-28,-5,25,24,6
0,-1,-1,-2,0,0,0,0,-1,-1,1,0,-1,-2,30,25,11,29,22,-25,9,12,-11,-6,3,-12,-17,7,-1,2,-11,-1,19,-4,6
-1,0,-1,-2,-1,0,0,-1,-2,-1,0,-1,0,0,12,12,10,-1,28,-14,13,3,-10,-4,3,-8,-22,2,-2,4,-10,-15,-1,-7,0
0,0,-1,-2,-2,0,-1,-1,-1,0,0,-1,-1,-2,2,-8,-18,-38,38,-20,0,-7,-6,-1,8,20,-71,-10,-2,-6,-42,-4,-23,-35,2
0,-1,-1,-1,-2,-2,-1,0,-1,1,-1,-3,-1,-1,0,-1,-1,1,11,0,1,-3,-4,-2,-1,-11,-23,-15,11,0,-7,-2,-25,11,5
-3,-2,-1,-1,-1,-3,0,1,1,1,-1,0,-1,0,5,-1,-1,-1,-3,7,0,-17,-3,-5,-13,26,6,-4,-8,9,-4,0,-10,-10,-29
-3,-1,-2,-1,2,1,-3,0,0,-1,2,0,-1,-1,8,1,5,-3,-1,18,11,29,-6,-10,-14,-44,-37,-68,79,51,9,-39,58,44,-12
-0.125,3.4375,4.3125,5,0.9375,1.6875,-0.3125,-1.3125,-2.3125,-2.3125,-4.3125,-2.8125,-3.25,-1.25,-2.8125,-97.25,-62.188,-15.125,5.625,67.813,85,41.938,7.875,-12,-21.438,-6.75,-25.125,-34.188,-11.063,11.938,4.625,4.3125,-9.25,0.0625,2.8125
-0.125,3.4375,4.3125,5,0.9375,1.6875,-0.3125,-1.3125,-2.3125,-2.3125,-4.3125,-2.8125,-3.25,-1.25,-2.8125,-97.25,-62.188,-15.125,5.625,67.813,85,41.938,7.875,-12,-21.438,-6.75,-25.125,-34.188,-11.063,11.938,4.625,4.3125,-9.25,0.0625,2.8125
-0.125,3.4375,4.3125,5,0.9375,1.6875,-0.3125,-1.3125,-2.3125,-2.3125,-4.3125,-2.8125,-3.25,-1.25,-2.8125,-97.25,-62.188,-15.125,5.625,67.813,85,41.938,7.875,-12,-21.438,-6.75,-25.125,-34.188,-11.063,11.938,4.625,4.3125,-9.25,0.0625,2.8125
7.2954,7.2986,7.3073,7.3092,7.306,7.303,7.3022,7.3062,7.3084,7.308,7.3061,7.3043,7.3132,7.3255,7.3346,7.2594,6.9031,6.6166,6.5303,6.5635,6.7858,6.9307,7.0508,7.1427,7.1666,7.0612,6.7097,6.505,6.3792,6.3095,6.2899,6.2923,6.2806,6.2779,6.2798
2.9655,2.9663,2.9657,2.9644,2.9641,2.9629,2.9618,2.9595,2.9575,2.9565,2.9574,2.9574,2.9575,2.9577,2.9608,3.0147,3.2011,3.5613,4.1066,4.7327,5.5319,6.0137,6.3626,6.6096,6.6912,6.673,6.4915,6.2681,6.0054,5.6772,5.5159,5.4633,5.4643,5.4829,5.5051
9.4876,9.4886,9.487,9.4933,9.5013,9.5076,9.5082,9.5032,9.4959,9.4928,9.4881,9.4794,9.4653,9.4511,9.4364,9.4033,9.6102,9.8666,9.999,0.087791,0.21342,0.33603,0.47079,0.59888,0.65432,0.5367,0.18231,9.9643,9.8148,9.6691,9.6151,9.598,9.5913,9.5938,9.5942
0.93359,0.91504,0.93262,0.92627,0.91211,0.9209,1.0283,0.96924,0.82422,0.4541,0.19775,-0.068359,-0.26318,-0.36621,-0.53857,-0.69727,-0.77441,-0.80566,-1.1323,-1.0039,-0.65137,-0.33545,-0.52246,-0.078613,-0.28418,-0.2915,-0.38574,-0.36279,-0.4082,-0.42041,-0.37305,-0.38232,-0.38623,-0.33447,-0.25488
0.32129,0.32471,0.33447,0.33301,0.3418,0.36426,0.55078,0.65234,0.90186,1.0068,0.89258,0.82959,0.72119,0.60791,0.50879,0.41797,0.32813,0.3667,0.41943,0.48047,0.56543,0.58008,0.72461,0.64111,0.62695,0.65527,0.60254,0.63086,0.65039,0.65479,0.63135,0.64502,0.67139,0.64355,0.66699
0.01416,-0.003418,0.0087891,0.025879,0.048828,-0.018066,-0.041504,0.3335,0.51807,0.56543,0.6333,0.55713,0.43262,0.35107,0.2085,0.043945,0.059082,-0.021973,0.073242,0.29834,0.55811,0.68359,0.77295,0.70313,0.71191,0.71875,0.7373,0.71729,0.70459,0.70605,0.69531,0.7124,0.7002,0.69336,0.60449
1,-22,-9,5,5,-23,9,10,-9,-58,-69,38,47,24,-48,16,35,16,-25,37,-1,-3,45,38,11,-26,6,32,-53,-6,-22,4,-22,-8,-27
-1,-3,-3,0,-4,15,60,36,-7,-68,9,7,28,-9,-10,37,-1,-2,44,-6,-9,-22,18,17,8,-22,14,23,-28,3,-26,-23,1,-31,-7
0,-3,-5,3,-4,14,35,19,-13,-53,3,-4,25,-14,-3,19,-7,0,28,-9,-20,-23,12,2,9,-11,12,-2,-19,-2,-14,-19,-11,-14,-2
-1,-8,-2,-2,-2,8,-1,34,-10,-14,-17,-4,18,-14,-6,4,-3,-7,25,-4,-13,-6,9,10,7,5,-7,-10,4,-11,-11,-3,-17,8,0
-1,-1,1,-2,-3,2,-19,19,-4,-16,-6,-7,13,-5,2,19,-5,25,37,-9,-21,-35,-6,-35,36,38,23,-1,32,-11,-34,2,12,5,-8
-2,0,0,1,0,-1,1,3,-1,-15,-4,-1,4,3,0,7,-7,3,8,-18,-8,-17,-3,-3,13,18,-25,-5,8,3,-4,-3,10,3,-3
2,1,1,5,1,2,-2,-3,-4,-19,-15,0,13,8,26,6,-12,-19,-16,-1,2,5,-38,9,9,-17,-2,6,-16,-3,-12,3,-14,7,0
-1,0,-5,7,0,-4,-4,5,-4,-23,-47,18,61,7,-39,5,9,20,-14,-2,-71,-32,89,63,-13,-5,-11,-3,-42,-4,-26,14,-6,10,0
25.938,-9.875,-14.25,-0.875,2.9375,-7.375,-91.75,-44.125,-15.188,20.188,24.125,39.75,10.625,-2.625,-18.875,-23.25,-18.813,-19.188,-24.5,-23.938,-14.875,1.375,-5.6875,-10.188,14,0,0.125,-2.5,2.5625,2.3125,-0.8125,2.125,-0.875,9.5625,18.813
25.938,-9.875,-14.25,-0.875,2.9375,-7.375,-91.75,-44.125,-15.188,20.188,24.125,39.75,10.625,-2.625,-18.875,-23.25,-18.813,-19.188,-24.5,-23.938,-14.875,1.375,-5.6875,-10.188,14,0,0.125,-2.5,2.5625,2.3125,-0.8125,2.125,-0.875,9.5625,18.813
25.938,-9.875,-14.25,-0.875,2.9375,-7.375,-91.75,-44.125,-15.188,20.188,24.125,39.75,10.625,-2.625,-18.875,-23.25,-18.813,-19.188,-24.5,-23.938,-14.875,1.375,-5.6875,-10.188,14,0,0.125,-2.5,2.5625,2.3125,-0.8125,2.125,-0.875,9.5625,18.813
7.3367,7.3832,7.418,7.4433,7.4487,7.4557,7.3026,7.0091,6.7873,6.7208,6.7276,6.7833,6.8848,6.974,7.0795,7.2154,7.2091,7.0393,6.6725,6.4616,6.3111,6.2135,6.1766,6.1475,6.1636,6.174,6.1642,6.163,6.1675,6.1748,6.1714,6.1789,6.1812,6.1921,6.2282
3.0955,3.0535,3.0207,2.9968,2.99,2.9913,3.0693,3.2391,3.589,4.2749,4.8061,5.3027,5.8754,6.2257,6.4979,6.7474,6.8369,6.8237,6.6575,6.4486,6.2015,5.8628,5.6794,5.5395,5.5003,5.5132,5.5458,5.5689,5.5807,5.5902,5.5976,5.5957,5.5938,5.595,5.6066
9.3258,9.2749,9.2143,9.1742,9.1703,9.1596,9.2064,9.4001,9.6085,9.762,9.853,9.9351,0.079746,0.21792,0.38591,0.59039,0.62602,0.46834,0.10649,9.8928,9.7296,9.6079,9.5431,9.5181,9.5123,9.5163,9.5186,9.5194,9.5231,9.5255,9.5222,9.5205,9.5223,9.5279,9.5386
0.92383,0.92188,0.92285,0.92334,0.92334,0.93311,0.93213,0.95557,1.0234,0.89746,0.68799,0.29492,0.12207,-0.15918,-0.31445,-0.50342,-0.52197,-0.72852,-0.81885,-0.75293,-0.8877,-1.019,-0.97021,-0.69434,-0.22461,-0.27246,-0.15039,-0.22412,-0.32227,-0.29443,-0.30322,-0.33838,-0.33203,-0.32227,-0.32568
0.28955,0.2832,0.27881,0.28857,0.27393,0.29492,0.28809,0.44727,0.42822,0.78369,0.93262,0.94775,0.91748,0.90088,0.7041,0.54541,0.46631,0.44043,0.40283,0.37158,0.38965,0.46289,0.48535,0.57324,0.55566,0.6958,0.62158,0.71631,0.70068,0.69287,0.67188,0.68066,0.68018,0.68262,0.64746
0.045898,0.032715,0.045898,0.041504,0.033203,0.02832,0.029785,-0.054688,0.047852,0.41162,0.54736,0.58594,0.58691,0.51416,0.42529,0.27686,0.18359,0.058594,0.003418,0.050781,0.043945,0.18848,0.39893,0.5332,0.68799,0.68652,0.70459,0.69531,0.73633,0.73096,0.70898,0.70361,0.70947,0.70166,0.70313
0,0,-1,1,-1,0,2,-25,-3,-60,-2,-1,0,30,5,-27,-16,19,-49,19,-32,-20,11,10,-27,-13,-2,-36,-7,-23,-32,14,-36,-14,-7
0,1,-1,1,0,-2,-6,-25,-31,28,35,17,12,-19,-7,-17,-17,17,-39,-4,-4,4,1,5,7,-1,12,-7,9,39,-23,-7,-8,-9,4
1,1,-1,-2,0,-1,-5,-21,-15,33,18,27,-6,-20,2,-5,-15,17,-8,-12,-4,3,-2,-2,6,-8,-8,-6,-7,13,-2,-6,-7,-6,0
-3,-1,0,0,-3,-1,-4,-8,-22,17,-5,12,-4,-21,1,2,-25,4,5,-15,8,-3,4,-3,-10,-8,-6,-5,-9,2,-3,4,-5,-9,-6
-1,0,-1,0,-1,0,-2,-3,-20,1,39,23,-19,-5,-3,-8,-42,-18,-15,18,25,-12,13,-21,-38,-33,16,3,-11,1,-22,-9,71,-21,-9
0,-3,2,-2,0,-1,-1,-4,-3,1,9,5,-4,-3,2,-2,-9,3,0,0,1,1,-5,-23,8,-9,-5,2,-10,-1,-38,-8,19,-12,-2
-1,-3,-1,-1,0,0,-2,-5,-3,-5,4,-4,1,-2,12,-2,-3,1,4,-1,-8,24,-26,-9,14,-3,-11,4,-18,-1,-9,-7,0,-18,2
-1,0,0,0,-3,-1,-1,-16,-5,-16,5,-6,-1,14,10,-9,-11,10,-28,4,-36,-41,28,-13,6,-40,-10,-46,11,20,-19,-10,-51,-14,-12
0.3125,0.625,1.75,-1.6875,-0.375,-2.125,-1.875,-89.875,-63.563,-45.063,-8.125,12.188,58.625,43.063,20.063,-1.9375,-16.125,-25.875,-25.063,-14.25,-20.875,-26.813,-29.313,-4.9375,5.375,30,-7.625,-7.75,-2.9375,-2.5625,0.5,-4.375,-0.0625,1.0625,1.625
0.3125,0.625,1.75,-1.6875,-0.375,-2.125,-1.875,-89.875,-63.563,-45.063,-8.125,12.188,58.625,43.063,20.063,-1.9375,-16.125,-25.875,-25.063,-14.25,-20.875,-26.813,-29.313,-4.9375,5.375,30,-7.625,-7.75,-2.9375,-2.5625,0.5,-4.375,-0.0625,1.0625,1.625
0.3125,0.625,1.75,-1.6875,-0.375,-2.125,-1.875,-89.875,-63.563,-45.063,-8.125,12.188,58.625,43.063,20.063,-1.9375,-16.125,-25.875,-25.063,-14.25,-20.875,-26.813,-29.313,-4.9375,5.375,30,-7.625,-7.75,-2.9375,-2.5625,0.5,-4.375,-0.0625,1.0625,1.625
7.3272,7.3435,7.3503,7.3481,7.3398,7.3287,7.3149,7.2528,7.1163,6.8353,6.7062,6.6644,6.7441,6.8384,6.9248,7.0418,7.1194,7.1938,7.2243,7.1273,6.9154,6.5743,6.3943,6.2989,6.2487,6.2723,6.2443,6.2341,6.2237,6.2198,6.2193,6.2181,6.2172,6.2153,6.2143
2.9786,2.9786,2.977,2.9744,2.9714,2.9691,2.9689,3.0102,3.1077,3.4202,3.8363,4.3513,5.0572,5.5383,5.9484,6.3722,6.5816,6.7094,6.7935,6.807,6.7669,6.5721,6.3401,6.0704,5.7202,5.5408,5.4321,5.3833,5.3975,5.4159,5.4389,5.4514,5.4632,5.4766,5.4849
9.447,9.4306,9.4257,9.4257,9.4318,9.4441,9.4548,9.4376,9.4477,9.6579,9.78,9.8694,9.9488,0.016824,0.11441,0.28052,0.40656,0.5329,0.61924,0.54516,0.34283,9.9977,9.8361,9.7239,9.6304,9.5858,9.5481,9.5348,9.535,9.5374,9.5419,9.5438,9.5446,9.5412,9.541
0.94824,0.95508,0.94043,0.93896,0.94824,0.98535,1.0264,1.0063,0.87598,0.63623,0.32227,0.065918,-0.3252,-0.47412,-0.55273,-0.67285,-0.75049,-0.85742,-1.0645,-0.9248,-0.82617,-0.63965,-0.52441,-0.24951,-0.18994,-0.30566,-0.34766,-0.34473,-0.40527,-0.38574,-0.37256,-0.42334,-0.39893,-0.42188,-0.41357
0.23291,0.2417,0.23486,0.25146,0.24512,0.37549,0.47266,0.74414,0.65479,0.9502,0.95459,0.91846,0.81934,0.6665,0.51904,0.39502,0.33838,0.33838,0.40674,0.50781,0.51514,0.64209,0.67969,0.72461,0.66992,0.66211,0.65381,0.6416,0.65723,0.66113,0.64697,0.67236,0.67676,0.70801,0.67432
0.0092773,0.029297,0.026855,0.023438,0.01709,-0.069336,0.028809,0.34814,0.44434,0.49463,0.46338,0.44824,0.40723,0.27295,0.15674,0.039063,0.023926,0.019531,0.12939,0.26123,0.44922,0.6416,0.65137,0.61914,0.68701,0.71045,0.70654,0.71533,0.70605,0.66309,0.64307,0.6499,0.70264,0.72705,0.68701
0,-1,1,-1,0,32,17,19,-1,4,-29,-11,-13,-13,-34,-24,34,10,-35,55,-60,1,38,-36,-37,-4,-50,-10,5,-46,23,-19,26,2,72
-1,-2,1,-1,-1,0,-2,33,-18,3,-65,6,-5,-11,0,-4,6,-10,-21,-17,-1,1,4,-12,0,-17,-10,14,-11,-15,4,3,4,-15,28
-2,0,-1,-1,-1,-11,-19,5,-5,6,-35,17,-12,-5,1,8,0,-10,-10,-4,5,-4,-4,-3,1,-8,-1,1,0,6,-6,2,-7,-10,5
0,-1,-1,-1,-1,-1,-14,9,12,35,-5,30,-22,0,2,-7,-1,-14,-2,2,-7,0,9,1,4,-4,-1,-6,12,-7,-3,7,-1,-18,15
-1,0,-1,0,0,0,-2,-1,-3,16,-10,9,-3,1,3,-13,-8,0,24,-10,-35,-27,67,-33,12,14,30,-19,53,-7,-31,55,4,-26,-5
0,0,-1,2,-1,-1,3,0,-4,-1,-3,-1,-2,0,1,-4,5,-5,0,-14,-4,-36,13,-1,4,7,-16,-11,25,-12,-10,21,14,-10,2
-2,0,-2,-1,0,1,2,5,-1,5,-11,-11,-9,5,9,-17,28,8,11,4,-20,9,-27,-26,47,-3,-17,-17,26,5,0,3,18,5,25
1,-2,5,-2,0,11,4,14,-1,6,-20,-23,-4,-6,-30,-26,35,0,-15,-5,-62,30,36,50,-84,2,-17,-3,-44,-46,11,-1,13,7,44
-2,-1.5,-1.5,-4.1875,-3,-19.875,-92.125,-37.375,41.188,36.625,18,41.938,26.125,9.5625,-5.625,-17.875,-20.375,-29.125,-29.25,-35.875,-14.625,0.75,1.625,-5.5625,1.5625,8.0625,2.875,4.3125,4.6875,3.3125,8.5,8.5,-2.3125,0.1875,2.1875
-2,-1.5,-1.5,-4.1875,-3,-19.875,-92.125,-37.375,41.188,36.625,18,41.938,26.125,9.5625,-5.625,-17.875,-20.375,-29.125,-29.25,-35.875,-14.625,0.75,1.625,-5.5625,1.5625,8.0625,2.875,4.3125,4.6875,3.3125,8.5,8.5,-2.3125,0.1875,2.1875
-2,-1.5,-1.5,-4.1875,-3,-19.875,-92.125,-37.375,41.188,36.625,18,41.938,26.125,9.5625,-5.625,-17.875,-20.375,-29.125,-29.25,-35.875,-14.625,0.75,1.625,-5.5625,1.5625,8.0625,2.875,4.3125,4.6875,3.3125,8.5,8.5,-2.3125,0.1875,2.1875
7.3458,7.3473,7.3403,7.3334,7.333,7.3297,7.1677,6.9672,6.838,6.8318,6.8169,6.8695,6.987,7.0937,7.2123,7.3399,7.2873,7.0876,6.7422,6.5271,6.3782,6.2715,6.241,6.2244,6.2034,6.2114,6.2125,6.2082,6.2166,6.2243,6.2426,6.262,6.2612,6.2544,6.2513
2.9014,2.9017,2.8996,2.8999,2.902,2.9179,3.0421,3.2361,3.5777,4.171,4.6642,5.1562,5.7812,6.1852,6.4984,6.7644,6.8506,6.8473,6.7079,6.5141,6.2935,6.0083,5.8211,5.6501,5.521,5.5071,5.5172,5.5424,5.5644,5.5781,5.5917,5.6016,5.6007,5.6069,5.621
9.2819,9.2791,9.2822,9.2836,9.2777,9.2668,9.2447,9.3768,9.5456,9.7376,9.8576,9.9741,0.13995,0.28317,0.44697,0.62023,0.59956,0.42951,0.12102,9.9263,9.7875,9.6629,9.6041,9.5456,9.4923,9.4751,9.464,9.4589,9.4624,9.4664,9.471,9.4728,9.4697,9.4656,9.4625
0.90381,0.90918,0.91357,0.91943,0.91162,0.91455,0.91553,0.9248,0.91797,0.97559,1.3755,1.5039,0.10107,-0.11621,-0.40283,-0.52393,-0.54883,-0.72852,-0.93408,-0.94922,-1.1309,-0.97998,1.1592,-0.34863,-0.44238,-0.58936,-0.47852,-0.40674,0.16504,-0.14551,-0.21191,-0.70605,-0.73975,0.95215,0.86914
0.34082,0.33398,0.34229,0.33105,0.33887,0.33545,0.33203,0.34326,0.36523,0.43945,0.88623,1.0723,0.64453,0.13672,0.27637,0.077148,0.13428,0.14746,0.13428,0.078125,-0.065918,-0.022461,0.10791,0.25635,0.25146,0.20166,0.20996,0.21387,0.14893,0.28809,0.18115,0.4624,0.59326,0.68018,1.3291
0.0048828,0.0029297,-0.0078125,-0.0053711,-0.0073242,-0.0058594,0.00048828,-0.0029297,0.0087891,0.035645,0.11035,0.87598,0.69189,0.59277,0.54492,0.33545,0.11865,0.0029297,-0.11279,-0.30713,-0.53174,0.16455,1.6699,1.1323,0.90137,0.83398,0.85449,0.81201,0.77881,0.56348,0.63525,0.68701,0.57275,0.7373,0.62598
-4,2,-4,-2,7,-4,-3,-5,1,1,-9,31,47,24,-21,-32,-35,16,2,17,31,32,31,-13,-13,-2,-4,-13,-11,-2,-7,4,6,-9,6
-3,-6,-4,2,-1,2,1,-1,2,-8,-10,42,117,12,-18,-65,-57,42,-9,36,45,11,16,-61,1,-91,-26,6,-2,-36,-2,10,4,-6,-2
-1,-4,-5,-2,-7,0,-1,0,-1,-24,29,-3,127,-20,1,-48,-31,47,-3,5,26,23,8,-42,18,-54,-11,1,2,-17,-5,9,10,-12,15
2,0,2,1,-5,-3,-1,-7,0,-10,22,36,76,-22,-1,-7,-13,31,-4,9,18,36,10,-21,0,-18,-14,15,-12,-2,4,-2,-9,-4,10
-1,0,-3,1,-3,3,-3,1,-2,-5,2,-1,38,-8,3,-1,-4,17,1,1,15,-6,2,-17,-12,-17,-4,14,1,-1,5,-13,-7,-6,4
-1,3,-1,-3,-3,-2,-1,-1,-1,1,-16,5,21,-8,-1,-4,-4,13,7,-8,0,-1,8,6,-5,-6,2,6,0,3,5,-13,-4,-9,-1
-4,0,1,-2,0,-3,0,4,-1,-2,-6,-23,22,-3,-6,-8,-2,-3,5,-14,7,27,-19,6,0,0,4,-3,-4,12,-9,-28,-9,-11,-8
-10,-3,-1,0,2,-1,0,-3,0,-3,-6,1,-9,-19,56,-10,-18,-1,-42,-24,-4,-15,-14,-12,-82,-55,24,-2,31,36,56,-54,-20,29,8
-0.1875,1.4375,-0.3125,-0.4375,0.125,-0.625,0.25,3.1875,0.8125,-4.125,-69.063,-73.563,-225.19,-47.75,42.188,11,-17.563,-6.8125,-25.375,-40,9.625,-5.6875,55.063,-41.5,-2,8.3125,6.6875,14.5,10,70.563,103.94,97.063,41.375,110.06,35.188
-0.1875,1.4375,-0.3125,-0.4375,0.125,-0.625,0.25,3.1875,0.8125,-4.125,-69.063,-73.563,-225.19,-47.75,42.188,11,-17.563,-6.8125,-25.375,-40,9.625,-5.6875,55.063,-41.5,-2,8.3125,6.6875,14.5,10,70.563,103.94,97.063,41.375,110.06,35.188
-0.1875,1.4375,-0.3125,-0.4375,0.125,-0.625,0.25,3.1875,0.8125,-4.125,-69.063,-73.563,-225.19,-47.75,42.188,11,-17.563,-6.8125,-25.375,-40,9.625,-5.6875,55.063,-41.5,-2,8.3125,6.6875,14.5,10,70.563,103.94,97.063,41.375,110.06,35.188
7.6167,7.62,7.6245,7.6268,7.6255,7.6244,7.624,7.6169,7.6022,7.5008,7.1625,6.6343,6.0692,5.8719,6.0026,6.4269,7.1731,7.8069,8.1255,8.143,6.9517,5.4099,5.3312,5.3514,5.3112,5.3261,5.3463,5.3741,5.3934,5.4894,5.654,6.0451,6.167,6.409,6.7419
3.0686,3.0674,3.0673,3.0662,3.0668,3.066,3.0644,3.0642,3.0664,3.0924,3.23,3.6446,4.7001,5.6385,6.442,7.052,7.2194,7.2493,7.242,7.2507,7.2869,6.7153,6.1409,5.9073,5.8395,5.8295,5.8316,5.8506,5.8639,5.9403,5.9995,5.6626,4.9611,3.9501,3.4452
2.346,2.3419,2.3372,2.332,2.332,2.3311,2.3297,2.3387,2.3572,2.4568,2.7659,3.2566,3.5586,3.6661,3.7922,4.2576,5.022,5.6718,6.0433,6.1188,4.9341,3.3443,3.1628,3.133,3.1278,3.1352,3.147,3.1582,3.1628,3.1891,3.2129,3.4378,3.5669,3.4809,3.276
0.9126,0.91699,0.9126,0.92871,0.90967,0.9165,0.91309,0.91748,0.91016,0.93652,0.97754,1.0068,0.73438,0.72363,0.32666,0.041016,0.0092773,-0.125,-0.25488,-0.37695,-0.65527,-0.82666,-0.82275,-0.65381,-1.0527,-0.88916,-1.48,-0.57031,-0.92822,-0.75537,-0.54199,-0.48779,-0.03125,-0.12695,-0.17383
0.33545,0.3125,0.32861,0.32471,0.31348,0.32324,0.31885,0.3291,0.33252,0.34912,0.3877,0.46387,0.76514,0.76221,0.81592,0.76758,0.72559,0.69775,0.68799,0.75781,0.8457,0.99023,0.75537,0.44971,0.3042,0.32129,0.26611,0.52002,0.46436,0.53613,0.71094,0.64209,0.62744,0.71191,0.69922
0.075195,0.083984,0.083984,0.083984,0.077637,0.083008,0.074707,0.067383,0.075684,0.01123,0.01416,0.27686,0.38477,0.56104,0.58838,0.55957,0.47363,0.45996,0.36475,0.34619,0.32959,0.41211,0.39648,0.16309,0.041504,-0.087891,-0.0078125,0.19043,0.4585,0.60938,0.53223,0.66064,0.60449,0.73486,0.72803
4,2,-4,-1,-7,1,0,3,-4,7,0,4,-4,4,17,18,-5,-2,0,2,-1,52,61,77,-30,-1,-90,-3,4,-9,19,11,-53,52,-21
0,-3,-2,0,-2,0,0,0,-4,23,21,27,-8,-29,25,28,21,-17,-13,16,-26,43,19,15,-6,-1,-42,7,3,3,5,14,-11,-3,14
0,-1,-2,-1,0,0,-1,-1,-3,25,5,13,-14,-1,26,18,20,-14,6,12,-21,55,2,1,0,-4,-15,-6,-1,-4,-10,11,10,-8,-1
-2,-1,-1,-2,-2,1,-2,-2,-1,9,1,15,-37,-3,2,16,6,-8,-12,13,10,30,9,0,11,-13,-8,0,4,-5,-19,31,1,-15,-6
0,-2,-2,1,-1,0,-2,-1,-2,1,0,-3,-24,-3,-11,9,0,-5,-10,3,5,14,7,-5,35,-13,-28,78,-31,3,-47,25,3,-17,7
1,-2,-1,0,0,-1,0,-1,-1,1,-1,0,-5,-2,-2,7,0,-4,-6,0,-1,6,0,-10,8,-5,-23,-3,-27,9,-12,8,7,4,-11
0,-1,-2,-1,-1,-2,-2,-1,1,3,0,0,-4,-3,3,12,-4,-4,-17,0,-5,11,20,-28,6,41,-41,-32,36,-10,-1,0,-12,-3,-14
0,1,0,-1,-1,0,1,-1,0,6,4,-1,-3,0,9,21,-9,-13,-7,4,6,25,7,36,-3,-17,-83,-33,38,3,18,27,80,41,-22
-12.375,-4.625,5.5,0.1875,-3.875,1.125,1.875,3.0625,0.3125,-10.625,-32,-69.5,-33.875,-22.938,16.125,28.438,33.875,15.125,14.688,-1.375,-5.4375,-4,22.563,15.75,8.6875,1.0625,-27.125,-24.375,-27.25,-2.9375,-6.5,18.313,7.0625,0.375,-1.875
-12.375,-4.625,5.5,0.1875,-3.875,1.125,1.875,3.0625,0.3125,-10.625,-32,-69.5,-33.875,-22.938,16.125,28.438,33.875,15.125,14.688,-1.375,-5.4375,-4,22.563,15.75,8.6875,1.0625,-27.125,-24.375,-27.25,-2.9375,-6.5,18.313,7.0625,0.375,-1.875
-12.375,-4.625,5.5,0.1875,-3.875,1.125,1.875,3.0625,0.3125,-10.625,-32,-69.5,-33.875,-22.938,16.125,28.438,33.875,15.125,14.688,-1.375,-5.4375,-4,22.563,15.75,8.6875,1.0625,-27.125,-24.375,-27.25,-2.9375,-6.5,18.313,7.0625,0.375,-1.875
7.0851,7.0903,7.1109,7.1247,7.126,7.1259,7.1233,7.1223,7.1219,7.1225,7.0805,6.922,6.7304,6.611,6.5553,6.5804,6.6697,6.7253,6.7646,6.7851,6.7813,6.8032,6.8686,7.0482,7.1848,7.12,6.8284,6.5966,6.414,6.3096,6.2689,6.2454,6.229,6.2272,6.2277
3.0338,3.0348,3.0367,3.0419,3.049,3.0517,3.0513,3.0503,3.0507,3.0553,3.1232,3.2492,3.4814,3.8315,4.4271,4.8815,5.3696,5.5909,5.7181,5.7848,5.8531,5.9787,6.2316,6.6001,6.7721,6.8257,6.7355,6.5676,6.3856,6.1166,5.8808,5.6556,5.3895,5.3045,5.2959
9.5236,9.5012,9.4874,9.4755,9.4651,9.4651,9.4703,9.4782,9.4812,9.4745,9.4415,9.4875,9.6226,9.7256,9.8386,9.9069,9.9802,0.048582,0.10175,0.13525,0.15587,0.18594,0.26129,0.44224,0.57132,0.48883,0.20979,9.9685,9.8068,9.6994,9.6258,9.5459,9.477,9.4601,9.4572
0.93994,0.94531,0.94678,0.94238,0.93604,0.97021,0.99268,1.0488,0.95264,0.6001,0.26514,0.065918,-0.21436,-0.40967,-0.48096,-0.52246,-0.6709,-0.85938,-0.93652,-0.96143,-0.84375,-0.6084,-0.26709,-0.27588,-0.095215,-0.18262,-0.26074,-0.2915,-0.25537,-0.2832,-0.2998,-0.31982,-0.25439,-0.1875,-0.033691
0.2583,0.24463,0.25244,0.24854,0.24707,0.2749,0.41455,0.48926,0.75195,0.76807,0.90625,0.89453,0.8208,0.69189,0.53516,0.37598,0.36523,0.39551,0.44385,0.54932,0.66797,0.59912,0.67969,0.73926,0.70801,0.73633,0.69922,0.70068,0.70166,0.69922,0.71191,0.71094,0.67725,0.68701,0.60547
0.0087891,-0.0014648,-0.013184,-0.0068359,-0.00097656,-0.053711,-0.036621,0.18262,0.63623,0.65088,0.58691,0.58984,0.5376,0.40527,0.24316,0.061523,0.031738,0.055664,0.12891,0.22461,0.40625,0.61914,0.67334,0.67822,0.66211,0.72021,0.7168,0.70557,0.71436,0.69629,0.68799,0.70264,0.67139,0.60596,0.521
3,-3,5,6,-2,6,-3,20,7,-59,-8,-18,12,-25,-32,-3,-1,2,-43,-40,-19,27,-17,-23,-18,40,-49,4,-9,49,-6,-13,31,26,-84
3,-2,1,0,0,21,17,56,12,-44,11,-27,-1,18,-4,-2,-3,16,-2,-5,-12,17,-3,10,2,-1,11,2,-3,25,11,-11,-6,12,-16
1,0,0,-1,-2,13,28,19,29,-23,21,-14,-9,3,-4,-7,-3,2,-7,7,-8,-1,-3,14,2,-3,4,-7,2,4,1,-2,-1,3,-8
0,1,-4,-1,-2,8,11,44,3,-15,10,-17,-16,-8,-9,-29,-8,2,-27,-4,-17,-9,2,7,0,3,5,-6,9,-3,-5,-6,11,9,-11
-2,-2,-3,-2,-1,5,-8,32,13,-19,-6,0,-1,2,-19,-26,-41,35,-90,-14,-55,-51,-26,-17,9,-4,2,1,34,-30,12,-18,21,18,-1
0,2,-2,-1,0,1,-6,-9,5,-8,0,-4,-4,-3,-1,-9,-7,14,-6,-8,-9,-4,-1,17,-11,4,4,1,14,-1,7,0,13,-9,1
0,0,0,-6,0,5,-5,1,3,-3,3,-11,-5,-23,-15,0,4,-4,-1,-19,9,7,-10,40,-25,15,2,1,22,12,16,-8,14,3,0
1,-3,-1,-6,1,6,-6,4,-1,-16,7,-24,-2,15,-26,-3,-16,-9,-18,-23,-29,15,-18,-8,4,9,-3,11,7,-12,-20,-30,25,12,-34
5.375,2.3125,0.8125,1,-4.0625,-2.625,-90.313,-73.875,-30.063,45.938,27.375,53.938,27.5,12.25,-0.375,-11.125,-8.75,-20.063,-37.375,-27.5,-7.125,2.6875,0.875,-2.125,-8,6,-5,-3.4375,-1.25,-1.5625,-3.4375,4.25,7.375,9.5625,11.063
5.375,2.3125,0.8125,1,-4.0625,-2.625,-90.313,-73.875,-30.063,45.938,27.375,53.938,27.5,12.25,-0.375,-11.125,-8.75,-20.063,-37.375,-27.5,-7.125,2.6875,0.875,-2.125,-8,6,-5,-3.4375,-1.25,-1.5625,-3.4375,4.25,7.375,9.5625,11.063
5.375,2.3125,0.8125,1,-4.0625,-2.625,-90.313,-73.875,-30.063,45.938,27.375,53.938,27.5,12.25,-0.375,-11.125,-8.75,-20.063,-37.375,-27.5,-7.125,2.6875,0.875,-2.125,-8,6,-5,-3.4375,-1.25,-1.5625,-3.4375,4.25,7.375,9.5625,11.063
7.5173,7.5186,7.5157,7.5112,7.5093,7.5278,7.4261,7.1257,6.6775,6.6195,6.6288,6.6935,6.8267,6.9347,7.0521,7.1941,7.2344,7.0515,6.79,6.5798,6.4162,6.3424,6.3187,6.2904,6.2611,6.2612,6.2644,6.2571,6.2519,6.247,6.2501,6.2542,6.2608,6.2832,6.3089
2.9128,2.9128,2.9147,2.9162,2.9185,2.9194,2.9696,3.0846,3.5278,3.8723,4.5971,5.1212,5.7466,6.1177,6.4126,6.6649,6.754,6.7259,6.611,6.43,6.1498,5.9267,5.7063,5.536,5.3763,5.343,5.3527,5.3693,5.3843,5.4025,5.4226,5.433,5.437,5.4353,5.4361
9.0021,9.007,9.0164,9.0225,9.0204,8.9955,9.0025,9.163,9.5247,9.6422,9.818,9.9206,0.078107,0.23142,0.38952,0.5911,0.64839,0.49417,0.25494,0.046685,9.8673,9.7693,9.6993,9.6311,9.571,9.5528,9.5459,9.5393,9.5342,9.5356,9.5362,9.5337,9.5321,9.5371,9.5426
0.91943,0.91797,0.93408,0.92383,0.91748,0.92822,0.91455,1.105,1.4624,1.499,0.041016,-0.1958,-0.56006,-0.46045,-0.75098,-0.71045,-1.0479,-1.7334,0.12744,0.70166,-0.60352,-0.48535,-0.52783,-0.4707,-0.13623,-0.10693,-0.20752,-0.56885,-0.82422,-0.13428,0.24316,0.64453,1.3066,1.2886,0.94238
0.31445,0.30518,0.29883,0.31592,0.30957,0.30225,0.30908,0.4917,0.77783,1.396,0.36572,0.146,0.13623,0.041992,0.12646,0.03125,0.14258,0.024414,-0.18652,0.625,-0.01709,0.27686,0.17627,0.16992,0.23291,0.2915,0.28516,0.40088,0.52637,0.58301,0.94727,0.57031,0.6875,0.41504,0.21582
-0.069336,-0.068359,-0.071289,-0.069824,-0.058594,-0.063965,-0.071289,-0.10889,-0.070313,0.68066,0.58887,0.5,0.61865,0.35205,-0.010742,-0.0029297,-0.41992,-1.0352,1.0767,1.3076,0.74414,0.75195,0.79102,0.7915,0.69629,0.71631,0.63428,0.8291,0.91211,0.74902,0.50098,0.55615,0.19189,-0.062012,-0.077637
-5,2,4,-3,-1,-2,-2,-16,1,-23,73,0,9,51,-23,37,-6,1,26,18,23,24,-10,6,-16,-2,7,-8,-6,5,11,4,-1,-7,-4
-1,-1,-1,-2,-1,1,-4,-7,-25,-63,-22,36,-32,66,13,-27,-82,52,14,27,14,-38,-40,-11,-7,-8,-3,-4,7,-3,6,7,0,-11,-3
-6,5,3,2,1,1,-1,-1,-30,-63,35,-22,-23,31,9,-40,-62,35,16,21,-1,0,-9,-1,-8,-16,-13,-5,-6,-3,-2,-1,5,-3,-2
4,1,4,-4,5,7,0,-2,-40,-78,1,-19,1,15,10,-36,-30,14,45,8,-32,55,-5,-11,14,-6,-13,-12,3,-2,1,5,2,-3,2
-5,2,1,7,0,0,-2,0,-7,-21,2,-20,-3,7,6,-18,-23,-13,49,-9,-4,28,-14,-6,20,-4,-7,-30,-5,-5,2,-2,2,-6,-8
-1,0,4,-1,-5,8,-4,-6,0,22,-4,-12,-7,-11,19,-6,-3,9,49,1,-2,17,1,-1,21,-3,1,-9,7,3,2,-5,-4,-11,-5
5,-1,3,-4,1,11,-8,1,-3,7,4,-7,-21,-28,12,10,-18,17,10,-3,15,13,6,5,11,-15,0,8,-6,3,3,-13,13,-6,-2
3,-3,0,-2,-5,7,-7,-3,-3,1,12,-20,-23,-13,7,18,-29,3,-58,4,-1,24,-8,7,15,-31,19,-1,7,-17,-8,-17,-1,19,-9
1.0625,0,-1,-1.1875,0,-0.375,-0.3125,2.625,-16.25,-134.19,-202.38,-8,63.5,-22.25,-19.438,-52.625,-77.313,27.813,84.625,62.563,-78.875,40.688,11.5,-4.9375,15.438,42.625,22.875,58.438,54.188,142.19,176.88,51.063,54.25,-23.25,49.063
1.0625,0,-1,-1.1875,0,-0.375,-0.3125,2.625,-16.25,-134.19,-202.38,-8,63.5,-22.25,-19.438,-52.625,-77.313,27.813,84.625,62.563,-78.875,40.688,11.5,-4.9375,15.438,42.625,22.875,58.438,54.188,142.19,176.88,51.063,54.25,-23.25,49.063
1.0625,0,-1,-1.1875,0,-0.375,-0.3125,2.625,-16.25,-134.19,-202.38,-8,63.5,-22.25,-19.438,-52.625,-77.313,27.813,84.625,62.563,-78.875,40.688,11.5,-4.9375,15.438,42.625,22.875,58.438,54.188,142.19,176.88,51.063,54.25,-23.25,49.063
7.9396,7.9379,7.9319,7.9367,7.9357,7.9361,7.9387,7.8839,7.3277,6.6612,5.9832,5.8781,6.0446,6.4148,7.2912,7.6346,7.8427,5.6171,5.2925,5.4065,5.3165,5.3628,5.4121,5.4127,5.4445,5.5362,5.5895,5.7618,5.8935,6.1096,6.4576,6.7937,7.5953,8.3261,8.5889
3.0392,3.0386,3.0397,3.0409,3.0408,3.0414,3.04,3.0429,3.1332,3.5913,4.7209,5.7502,6.5921,7.1752,7.3065,7.3007,7.2904,7.1536,6.4469,5.9271,5.9785,5.9798,5.9666,5.9612,5.9723,6.0082,6.0202,5.8312,5.3748,4.5055,3.9617,3.3307,3.0844,3.0243,3.0208
2.0122,2.0137,2.0182,2.0141,2.0128,2.0118,2.0101,2.0705,2.625,3.2741,3.5921,3.6861,3.7932,4.1887,5.1128,5.5065,5.8368,3.6198,3.1692,3.0866,3.1198,3.1416,3.1688,3.1771,3.1933,3.2516,3.2572,3.3401,3.4123,3.4389,3.2577,2.9511,2.1684,1.3688,1.1194
0.93799,0.93848,0.93457,0.93896,0.93799,0.93506,0.93799,0.92578,0.97168,1.1069,0.99707,0.78955,0.46826,-0.11035,-0.25977,-0.39209,-0.42871,-0.60742,-0.71094,-0.74707,-0.91846,-1.0298,-0.89111,-0.47461,-0.2085,-0.13916,-0.12109,-0.20361,-0.35596,-0.33691,-0.32422,-0.28662,-0.30957,-0.2627,-0.11279
0.24365,0.24756,0.26416,0.26318,0.26221,0.25537,0.26611,0.271,0.37939,0.42529,0.80811,0.87061,1.0107,0.84082,0.875,0.65283,0.625,0.51123,0.43311,0.41992,0.53711,0.48975,0.55664,0.65332,0.81592,0.729,0.68799,0.76465,0.75195,0.75,0.72559,0.69678,0.69189,0.71533,0.68457
-0.049805,-0.067383,-0.055176,-0.047852,-0.053223,-0.039551,-0.056641,-0.074219,-0.19678,-0.020508,0.25049,0.40625,0.53369,0.76611,0.28418,0.24707,0.20264,0.032715,-0.088379,-0.067871,0.0078125,0.09082,0.37012,0.54688,0.58691,0.55615,0.66846,0.69092,0.69092,0.65625,0.625,0.61377,0.56445,0.52881,0.45361
7,-8,10,2,-11,11,-9,-6,8,5,-35,1,-35,-17,45,-23,-40,-44,0,26,-10,-7,-4,15,-17,27,-17,-54,-108,-57,-6,3,28,16,2
0,0,2,-2,-2,0,2,-10,-1,-8,-50,-22,-9,-14,20,-23,-5,-10,0,9,13,2,-11,0,-1,22,-19,-7,-34,-17,-9,4,14,7,-2
-1,0,2,-2,1,0,2,-6,3,-3,-32,-38,7,12,17,-8,-1,-3,0,5,9,-2,-7,9,0,-3,-7,6,-19,-6,-6,-4,10,0,-5
-2,3,2,-2,2,-3,-2,-3,12,5,-25,-18,0,22,12,7,1,-4,-6,7,5,-7,13,31,-1,1,-8,1,-25,-5,-9,0,0,-6,3
1,1,2,1,-7,-3,-1,-2,-10,-10,0,0,-14,21,6,-2,-5,-8,-28,30,30,-19,43,109,26,28,-44,6,-59,-40,-36,-4,-19,-38,-11
-1,3,1,1,-8,2,0,-1,-1,-7,-4,0,-11,4,6,-5,3,1,-5,7,10,-16,45,39,-13,4,8,-6,-34,-14,-5,5,-20,-3,0
1,4,4,3,-2,1,-4,-1,1,2,-7,0,-16,-2,11,-16,11,8,16,38,16,-15,27,-16,-19,-5,-2,6,-16,10,-5,29,1,-8,-6
3,8,7,9,-5,4,6,-1,5,0,-19,6,-37,-6,21,-20,-21,-12,-3,13,-29,5,-1,67,14,0,-42,0,-38,-5,-56,64,5,1,2
3.625,-4,-5.5625,-2.0625,-0.4375,-2.4375,0.5625,-3.5,-22.063,-28.938,27.063,8,28.313,32.438,68.625,15.938,-4.4375,-24.063,-20.313,-39.188,-56,-10.313,-36.688,-10.938,-4.1875,-9.875,-10.875,1.4375,14.875,10.75,-2.25,6.25,11.188,14.313,35.438
3.625,-4,-5.5625,-2.0625,-0.4375,-2.4375,0.5625,-3.5,-22.063,-28.938,27.063,8,28.313,32.438,68.625,15.938,-4.4375,-24.063,-20.313,-39.188,-56,-10.313,-36.688,-10.938,-4.1875,-9.875,-10.875,1.4375,14.875,10.75,-2.25,6.25,11.188,14.313,35.438
3.625,-4,-5.5625,-2.0625,-0.4375,-2.4375,0.5625,-3.5,-22.063,-28.938,27.063,8,28.313,32.438,68.625,15.938,-4.4375,-24.063,-20.313,-39.188,-56,-10.313,-36.688,-10.938,-4.1875,-9.875,-10.875,1.4375,14.875,10.75,-2.25,6.25,11.188,14.313,35.438
7.8216,7.8207,7.8117,7.8078,7.8061,7.8038,7.8047,7.8097,7.786,7.5614,7.2358,7.0509,6.9704,6.9848,7.1481,7.2743,7.4026,7.5251,7.5936,7.4639,7.114,6.8357,6.6256,6.493,6.4085,6.3572,6.32,6.3199,6.3382,6.3595,6.3622,6.3651,6.3838,6.4197,6.4721
2.9303,2.9303,2.9304,2.9297,2.9299,2.9329,2.9324,2.9345,2.956,3.0444,3.3071,3.676,4.3325,4.9101,5.6335,6.0473,6.3527,6.5712,6.7221,6.7554,6.682,6.5488,6.3504,6.0958,5.748,5.5367,5.4134,5.3952,5.4252,5.4544,5.4714,5.4881,5.5014,5.5064,5.5091
8.6066,8.605,8.6025,8.6021,8.6026,8.6039,8.6037,8.5897,8.5892,8.755,9.184,9.4263,9.6483,9.7914,9.9682,0.13557,0.31382,0.51367,0.66637,0.57549,0.2672,9.9993,9.8048,9.6433,9.4902,9.4008,9.3579,9.3529,9.3632,9.3727,9.3709,9.3694,9.373,9.3823,9.3939
0.92969,0.92236,0.92969,0.91357,0.92822,0.92871,1.1479,1.7939,1.2651,0.0053711,-0.49414,-0.52295,-0.61328,-0.66943,-0.96484,-1.4829,-0.82568,0.18164,-1.1265,-0.44092,-0.44043,-0.34717,-0.16797,-0.050781,-0.0087891,-0.31885,-0.8623,-0.46191,0.41309,0.5708,1.1206,1.3071,0.96973,0.92627,0.91553
0.28418,0.29102,0.28564,0.29395,0.30225,0.29883,0.67969,1.1699,1.2378,0.32373,0.058105,0.15576,-0.02832,0.075195,0.23975,-0.0078125,-0.039063,0.55811,0.10303,0.18408,0.29395,0.23486,0.23535,0.30859,0.32129,0.33398,0.42627,0.59229,0.93994,0.95313,0.49707,0.31543,0.46582,0.33691,0.31396
-0.078125,-0.069824,-0.068848,-0.07666,-0.078125,-0.06543,-0.17773,0.29346,1.1055,0.37012,0.48535,0.4668,0.22314,0.14063,-0.31689,-0.86914,0.21289,1.248,1.0854,0.82422,0.86572,0.83643,0.72119,0.69385,0.70801,0.8833,0.88086,0.49805,0.52246,0.47168,0.49854,-0.041992,-0.15234,-0.068848,-0.17578
1,3,-1,9,-4,4,8,-13,-34,-68,5,9,-26,-12,3,-28,22,-8,-11,-7,5,15,-26,4,0,-5,-3,-7,-8,-8,7,-4,-1,-4,1
-5,1,-2,-3,0,5,-10,4,-106,-86,56,1,24,-1,4,-32,50,58,14,-18,-15,23,13,-3,2,-3,8,-5,8,-6,2,-1,-1,-4,0
-4,-4,4,-5,-6,-1,-28,28,-55,-8,21,3,16,40,20,-13,6,-54,14,7,-25,12,-4,-5,9,-1,9,1,-2,-1,-1,-1,-3,-3,4
-6,-1,-1,-8,-4,6,4,-47,-54,33,1,-4,13,7,1,-13,-9,-56,8,-3,-19,16,-8,-6,5,3,4,-4,-5,-1,7,-1,-4,-1,-6
-2,0,1,-5,8,-6,-20,-22,-21,30,4,19,5,11,-13,-16,-1,-33,-1,-11,-6,11,-9,4,-5,-1,7,3,-26,5,18,-1,11,1,-4
7,-5,3,-1,0,-3,-9,1,-1,20,2,20,2,0,-5,-29,6,-18,2,-9,7,9,-2,-1,3,-3,-3,-10,-1,-1,1,4,-2,-5,-6
-5,-3,-3,-8,-2,-6,-1,-20,-15,-14,7,9,18,-12,-8,-23,41,-22,-6,-32,8,-8,2,1,5,9,16,-11,7,-8,-9,22,-17,3,9
2,-1,5,0,0,7,0,-19,18,-40,-9,45,24,-28,-72,-30,55,14,14,-43,5,5,3,32,-12,9,-22,-12,8,5,-5,11,-25,-12,21
1.0625,-0.6875,1.9375,-3.625,2.125,0.875,-24.188,-53.875,-210.06,-248.5,73.5,-11.75,-30.375,-18.188,-55.625,-36.875,64.813,20.625,27.75,-12.938,10,7.5,29.75,15,54.625,75.5,122.06,84.125,150.5,48.063,18,39.813,13.875,-26.5,6.3125
1.0625,-0.6875,1.9375,-3.625,2.125,0.875,-24.188,-53.875,-210.06,-248.5,73.5,-11.75,-30.375,-18.188,-55.625,-36.875,64.813,20.625,27.75,-12.938,10,7.5,29.75,15,54.625,75.5,122.06,84.125,150.5,48.063,18,39.813,13.875,-26.5,6.3125
1.0625,-0.6875,1.9375,-3.625,2.125,0.875,-24.188,-53.875,-210.06,-248.5,73.5,-11.75,-30.375,-18.188,-55.625,-36.875,64.813,20.625,27.75,-12.938,10,7.5,29.75,15,54.625,75.5,122.06,84.125,150.5,48.063,18,39.813,13.875,-26.5,6.3125
8.0086,8.0139,8.0138,8.0165,8.015,8.0049,7.8241,7.1005,6.427,5.9024,5.8875,6.0999,6.2345,7.3602,8.0649,6.9814,5.3648,5.4189,5.4064,5.3895,5.425,5.4431,5.5014,5.5547,5.6293,5.7988,5.999,6.1554,6.4006,6.7058,7.0813,8.4852,8.8228,8.8225,8.7314
3.0174,3.0191,3.0201,3.02,3.0197,3.0209,3.0389,3.2537,3.8802,4.8445,6.5259,7.103,7.2171,7.3645,7.2841,7.3005,6.6621,6.1333,6.0122,5.9544,5.918,5.9045,5.9042,5.8931,5.8792,5.7607,5.4197,4.8161,4.1487,3.666,3.232,3.0396,3.053,3.0491,3.0377
1.8106,1.8039,1.8052,1.7994,1.8007,1.8098,1.9945,2.7045,3.2302,3.4288,3.5967,3.7696,3.9253,5.0851,5.9537,4.9387,3.1987,3.1522,3.1337,3.1446,3.1506,3.1612,3.181,3.2081,3.2133,3.2734,3.3694,3.4122,3.3891,3.0841,2.6318,1.2605,0.96459,0.89851,0.98121
0.93604,0.9248,0.9375,0.93945,0.92383,0.92676,0.93115,0.92676,0.98047,1.0864,0.85938,0.6665,0.44727,0.16553,-0.15674,-0.39209,-1.0249,-0.46729,-0.5957,-0.67188,-0.82422,-1.0166,-0.98486,-0.81787,-0.62549,-0.19141,0.071777,0.032715,-0.20215,-0.30811,-0.24609,-0.26904,-0.24756,-0.30469,-0.31738
0.28369,0.29883,0.28516,0.2876,0.29834,0.28662,0.2959,0.30811,0.46826,0.39746,0.70508,0.81982,0.89404,0.92432,0.84619,0.78516,0.61328,0.52393,0.42822,0.43506,0.35254,0.50732,0.52344,0.62891,0.58887,0.70996,0.7085,0.60498,0.79346,0.72021,0.68652,0.7041,0.68701,0.67432,0.69141
0.016113,0.04541,0.034668,0.038574,0.040039,0.026855,0.023438,0.024414,-0.14063,0.072266,0.42725,0.44287,0.56641,0.62891,0.57959,0.78125,0.19971,0.23584,0.10791,0.080078,0.055176,0.074219,0.27881,0.41455,0.53516,0.72021,0.5791,0.60645,0.75977,0.76855,0.74463,0.72412,0.70361,0.69043,0.68701
-1,-2,-2,-1,-2,-1,0,2,-5,-4,29,26,15,-17,-43,8,25,-17,46,15,-34,49,28,10,19,36,16,0,39,33,-29,-48,28,29,8
-2,-2,-2,-1,-2,0,1,-2,-12,9,11,14,-18,10,-18,5,39,-17,-2,-4,-9,-4,-1,-7,11,24,0,-28,-13,-17,-6,-15,-11,1,-1
-1,-1,0,0,0,-1,-4,1,0,1,14,5,-5,6,-13,2,19,-17,-6,-6,-4,-2,-1,-10,-1,13,-7,-28,-8,-15,0,-12,1,2,-6
1,-2,1,0,0,-2,1,-1,-20,-3,7,21,11,-5,-12,1,13,-23,1,4,-2,-17,7,-4,16,8,-5,-18,-3,4,6,-7,-1,-4,6
-1,1,0,0,1,1,0,-1,-24,-24,-22,-11,10,-31,-4,-2,-2,-41,1,27,-7,-46,16,-5,34,29,7,-18,1,27,27,-6,-9,-17,31
-3,2,-1,-1,-2,0,-2,-2,-3,0,-6,3,-2,-4,-3,2,1,-4,-6,10,1,-2,8,18,-20,7,-11,-10,1,4,6,-2,-2,-7,-12
0,0,0,-1,-1,1,0,-1,-3,4,-2,4,1,2,-13,5,9,5,-8,-2,-8,1,17,22,11,-2,21,-25,-10,-6,3,0,23,34,14
-1,-1,-1,0,-1,-2,1,-3,-4,4,4,15,12,4,-42,7,10,8,30,25,-56,35,49,-34,27,-20,69,20,46,-33,-17,-32,5,26,-11
0.25,0.125,-2.9375,2.5625,0.5,3.0625,-0.75,2.5,-78.063,-95.5,1.5,-12.188,3.9375,27.938,24.563,26.625,12.25,-12.938,-30.938,-9.0625,-9.5625,-13.25,-7.1875,-9.3125,27.5,-1.4375,-28.438,-3.0625,-19.563,-6.8125,9.1875,7.3125,-0.375,5.0625,7.5
0.25,0.125,-2.9375,2.5625,0.5,3.0625,-0.75,2.5,-78.063,-95.5,1.5,-12.188,3.9375,27.938,24.563,26.625,12.25,-12.938,-30.938,-9.0625,-9.5625,-13.25,-7.1875,-9.3125,27.5,-1.4375,-28.438,-3.0625,-19.563,-6.8125,9.1875,7.3125,-0.375,5.0625,7.5
0.25,0.125,-2.9375,2.5625,0.5,3.0625,-0.75,2.5,-78.063,-95.5,1.5,-12.188,3.9375,27.938,24.563,26.625,12.25,-12.938,-30.938,-9.0625,-9.5625,-13.25,-7.1875,-9.3125,27.5,-1.4375,-28.438,-3.0625,-19.563,-6.8125,9.1875,7.3125,-0.375,5.0625,7.5
7.3095,7.314,7.322,7.3276,7.3277,7.3302,7.3346,7.3332,7.2921,7.1142,6.8608,6.7673,6.6326,6.6281,6.6711,6.7512,6.8505,6.9695,7.0453,7.0756,6.9848,6.8333,6.5911,6.4498,6.3919,6.3652,6.3043,6.268,6.2541,6.1995,6.2048,6.2265,6.2331,6.2369,6.25
2.9761,2.9761,2.9769,2.9781,2.9788,2.979,2.9813,2.9871,3.0378,3.1567,3.4269,3.6377,4.1703,4.8004,5.2928,5.7547,6.1601,6.5178,6.6709,6.7522,6.7473,6.6585,6.4238,6.1878,5.9314,5.6651,5.3948,5.3013,5.3044,5.3456,5.3693,5.3967,5.4151,5.4335,5.4414
9.2288,9.2263,9.2142,9.2085,9.2097,9.2098,9.208,9.2112,9.1814,9.1819,9.4022,9.5094,9.6805,9.8154,9.8897,9.9724,0.087932,0.27252,0.4191,0.47326,0.40652,0.2421,9.9769,9.8055,9.6687,9.5639,9.4401,9.3894,9.371,9.3628,9.3678,9.3796,9.3818,9.3869,9.3906
0.91504,0.9082,0.9209,0.91553,0.92041,1.0098,1.3345,1.6987,0.6582,-0.016113,-0.44385,-0.70605,-0.78711,-0.89209,-0.90381,-0.9292,-0.89697,-0.84473,0.6626,-0.6084,-0.72266,-0.48438,-0.48828,-0.50293,-0.43848,-0.16553,0.065918,0.024414,-0.57324,-0.85303,-0.12158,0.7915,0.91406,1.1104,1.1499
0.30029,0.29932,0.30127,0.30908,0.31445,0.41309,0.92627,0.99268,0.69238,0.22412,0.055664,0.014648,0.07373,-0.010742,0.083008,-0.040039,-0.068848,0.088379,0.21582,0.31836,0.19482,0.17334,0.25928,0.21875,0.22754,0.24316,0.29443,0.39795,0.4248,0.4917,0.66064,0.7832,0.56689,0.78662,0.28711
-0.089844,-0.090332,-0.098145,-0.099609,-0.086914,-0.054688,0.14111,0.95947,0.89941,0.41113,0.45313,0.23975,0.03418,-0.072266,-0.063965,-0.0019531,0.038086,0.3335,1.271,1.0327,0.8667,0.896,0.79248,0.77295,0.78174,0.77734,0.68262,0.69971,0.95508,0.76611,0.58838,0.78418,0.58203,0.19092,-0.073242
2,-1,-2,0,-1,30,27,-46,26,-60,15,-22,15,-35,-13,13,9,15,12,-7,9,20,32,-4,32,-13,16,3,-10,42,2,2,5,1,-3
-4,0,1,-5,-4,57,29,-88,28,-117,-52,39,32,-30,-43,-20,-40,57,85,45,-3,-12,5,49,2,-1,3,0,-10,57,2,-2,0,-5,-2
3,2,0,3,0,48,11,-69,-50,-10,-32,24,25,-32,-27,5,-24,20,47,74,0,-18,19,32,5,3,-1,11,-15,23,-6,-4,1,1,5
-4,0,1,1,1,19,55,0,-58,14,-16,10,-1,21,-25,-5,-16,7,7,20,-2,-4,0,9,4,9,-1,6,-4,8,-1,-1,-1,-4,-1
-9,-5,-2,6,-9,12,72,11,-23,-3,-7,0,-13,25,-6,4,-2,-12,-7,-2,-9,-22,12,-3,1,8,-6,5,-4,-4,4,-2,2,-1,-2
-3,-2,-3,-6,-8,9,27,3,-10,6,3,-2,-1,5,16,5,-1,-19,-7,4,-7,1,5,5,7,2,-1,-4,-7,-4,1,1,0,-8,-3
1,8,-4,1,7,7,16,-15,-5,8,10,2,3,-14,11,17,11,-16,5,-12,-14,23,-5,-1,6,5,-6,-5,-10,-12,-1,6,8,-6,10
7,-4,6,-8,4,6,26,-11,53,-14,-1,-36,16,-6,125,1,-3,-25,0,-10,0,39,-14,-4,18,-22,24,22,3,6,2,-8,-26,-29,18
1.8125,0.9375,1.25,0.5625,0.9375,8.75,-13.563,-189.5,-187.31,-85,84.438,15.5,8.5625,-20.5,-40.625,-15.125,9.75,38.063,3.4375,-1.875,-1.6875,2.0625,12.188,3.3125,10.063,2.4375,25.688,44.188,89,107.31,88.75,65.125,-10.375,101.94,-11.375
1.8125,0.9375,1.25,0.5625,0.9375,8.75,-13.563,-189.5,-187.31,-85,84.438,15.5,8.5625,-20.5,-40.625,-15.125,9.75,38.063,3.4375,-1.875,-1.6875,2.0625,12.188,3.3125,10.063,2.4375,25.688,44.188,89,107.31,88.75,65.125,-10.375,101.94,-11.375
1.8125,0.9375,1.25,0.5625,0.9375,8.75,-13.563,-189.5,-187.31,-85,84.438,15.5,8.5625,-20.5,-40.625,-15.125,9.75,38.063,3.4375,-1.875,-1.6875,2.0625,12.188,3.3125,10.063,2.4375,25.688,44.188,89,107.31,88.75,65.125,-10.375,101.94,-11.375
8.1091,8.1059,8.1055,8.0999,8.088,8.0622,7.4085,6.5839,6.0333,5.7139,5.8527,6.1985,7.4192,7.7693,7.7001,7.242,5.6261,5.3573,5.3717,5.4135,5.389,5.3923,5.4405,5.4536,5.4698,5.5028,5.5382,5.6765,5.8975,6.0585,6.1895,6.456,6.635,7.2986,8.297
3.0426,3.0423,3.0427,3.0435,3.0449,3.0458,3.1271,3.5375,4.3114,5.6162,6.5079,7.0654,7.2938,7.2886,7.2988,7.3073,7.0773,6.6091,5.9786,5.821,5.8028,5.7998,5.8352,5.8592,5.8592,5.8489,5.8376,5.8222,5.6416,5.2204,4.6035,3.8272,3.3683,3.082,2.9613
1.5759,1.58,1.582,1.5883,1.6013,1.6341,2.261,2.9484,3.3086,3.4926,3.6294,3.942,5.1661,5.554,5.5146,5.103,3.457,3.1042,3.0298,3.0246,3.0322,3.0436,3.0762,3.0858,3.0941,3.124,3.1468,3.1912,3.2864,3.3716,3.4369,3.3335,3.0829,2.4722,1.412
0.91699,0.92334,0.92139,0.91943,0.92285,0.93066,0.91797,0.91553,0.95752,0.99414,1.0752,0.87744,0.31787,0.0092773,-0.27539,-0.34863,-0.41602,-0.53027,-0.65039,-0.7583,-0.93115,-0.79736,-0.92139,-0.21436,0.13525,-0.057129,-0.24219,-0.2793,-0.26318,-0.25439,-0.25439,-0.28369,-0.2627,-0.25342,-0.24121
0.31738,0.31543,0.31836,0.31885,0.32324,0.32031,0.32178,0.31982,0.33887,0.49365,0.5791,0.81445,0.94678,0.88867,0.85107,0.63867,0.53906,0.45752,0.43164,0.40674,0.5957,0.49463,0.89404,0.66113,0.79492,0.70996,0.7168,0.71143,0.69434,0.70654,0.69727,0.68896,0.7207,0.70459,0.70654
0.080078,0.084473,0.077637,0.083984,0.083984,0.068848,0.069824,0.068848,0.024414,-0.032227,0.41895,0.60938,0.604,0.63037,0.60449,0.47852,0.34521,0.14795,0.060547,0.018555,0.1543,0.46289,0.40869,0.69336,0.70703,0.67773,0.74316,0.71143,0.69727,0.69092,0.7002,0.70508,0.7085,0.69336,0.70215
-1,0,1,-1,-2,-1,-1,-3,4,-15,-9,21,13,41,15,11,11,9,-24,3,13,-2,15,0,-10,37,-20,-3,-15,-14,10,2,-8,-19,0
0,-1,-2,0,-1,-1,0,-4,14,-21,3,-19,12,43,44,5,8,-10,18,-9,-2,-10,-2,13,3,-15,-42,19,11,-13,-24,2,-20,-16,-7
-1,0,1,1,-1,-1,-3,0,28,-6,-26,-29,0,37,20,9,2,-10,10,-7,0,-8,-1,16,1,-1,-25,15,11,-7,-22,4,-2,-10,2
0,-1,-1,-1,0,-2,-1,1,6,-5,-19,-45,-2,7,9,-5,0,-12,6,1,-1,-4,1,31,0,-2,-14,1,2,-6,-17,3,4,-4,-1
-2,0,-1,-2,-2,-1,-1,-2,3,-4,3,28,0,23,0,-2,24,-10,6,17,-1,13,-3,97,38,-11,-34,-11,0,-4,-22,25,15,17,-19
-1,-3,-2,-1,1,-2,1,-1,2,-6,1,4,1,8,5,0,-1,-4,8,4,2,10,-7,11,24,-15,-23,-3,3,-6,-17,22,13,18,-5
-1,1,1,-1,1,-1,-1,-4,3,-11,0,-4,2,8,12,11,4,26,29,-2,5,-7,-9,-26,8,-30,1,7,-1,-14,-22,11,4,8,10
0,-1,0,-1,-1,0,1,-4,0,-15,-3,0,-4,22,9,-13,-10,-30,-23,11,23,-19,-2,39,-5,28,5,-13,-11,12,14,-6,23,-13,-40
0.0625,1.5625,-1.125,0.8125,2.6875,1.25,0,1.1875,-6.4375,-70.125,-58.813,-39.5,-4.3125,44.438,51.125,34.188,-0.3125,-11.938,-21.625,-31.125,-33.938,2.875,-25.75,-4.9375,-15.25,-10.563,-13.875,-3.4375,0.9375,-1.25,-0.3125,2.75,3.375,-3.4375,3.1875
0.0625,1.5625,-1.125,0.8125,2.6875,1.25,0,1.1875,-6.4375,-70.125,-58.813,-39.5,-4.3125,44.438,51.125,34.188,-0.3125,-11.938,-21.625,-31.125,-33.938,2.875,-25.75,-4.9375,-15.25,-10.563,-13.875,-3.4375,0.9375,-1.25,-0.3125,2.75,3.375,-3.4375,3.1875
0.0625,1.5625,-1.125,0.8125,2.6875,1.25,0,1.1875,-6.4375,-70.125,-58.813,-39.5,-4.3125,44.438,51.125,34.188,-0.3125,-11.938,-21.625,-31.125,-33.938,2.875,-25.75,-4.9375,-15.25,-10.563,-13.875,-3.4375,0.9375,-1.25,-0.3125,2.75,3.375,-3.4375,3.1875
7.1428,7.1451,7.1412,7.1326,7.1278,7.1285,7.13,7.1377,7.1424,7.0844,6.9104,6.6983,6.5767,6.5951,6.7444,6.8663,6.9907,7.1063,7.125,6.9976,6.7592,6.5849,6.4797,6.3848,6.3335,6.2986,6.2674,6.2519,6.2523,6.2599,6.2533,6.2543,6.2633,6.2562,6.2578
3.0375,3.0372,3.038,3.0384,3.038,3.0372,3.0372,3.0385,3.0448,3.1285,3.2936,3.627,4.2918,4.8526,5.5835,6.0398,6.3694,6.5704,6.6692,6.6335,6.4294,6.1884,5.9241,5.6266,5.3491,5.2831,5.3024,5.33,5.3473,5.362,5.368,5.3696,5.3681,5.37,5.3684
9.3638,9.363,9.366,9.3749,9.3838,9.3888,9.388,9.3806,9.3717,9.334,9.3993,9.5364,9.6737,9.7651,9.8901,0.020617,0.17869,0.33577,0.41583,0.3187,0.085363,9.8989,9.7426,9.6116,9.4786,9.44,9.4264,9.4252,9.4299,9.4311,9.4261,9.4252,9.428,9.4252,9.4274
0.92236,0.9248,0.92578,0.92188,0.91992,0.97949,1.0972,1.0571,0.77197,0.31104,-0.021484,-0.18066,-0.40088,-0.50146,-0.56104,-0.8125,-0.96289,-0.9585,-0.82422,-0.15137,-0.04541,-0.049316,-0.28369,-0.38574,-0.375,-0.35742,-0.34326,-0.35156,-0.33594,-0.25977,-0.14502,-0.084473,0.018555,0.14404,0.24316
0.31152,0.30469,0.30664,0.30225,0.3042,0.34521,0.5957,0.6416,0.95654,0.96387,0.96191,0.82422,0.61523,0.44238,0.44238,0.41602,0.52441,0.53271,0.62646,0.73926,0.69189,0.64795,0.67383,0.66064,0.6792,0.6748,0.66016,0.65723,0.66211,0.66016,0.64111,0.67383,0.71826,0.80908,0.93262
0.035645,0.041992,0.054688,0.051758,0.044922,-0.016602,-0.017578,0.47656,0.51172,0.60791,0.60938,0.52002,0.33252,0.19873,0.071289,0.010254,0.091309,0.29883,0.44824,0.62793,0.70215,0.73486,0.74951,0.729,0.71777,0.71631,0.69678,0.7002,0.66846,0.61426,0.57031,0.3584,0.4043,0.52832,0.79053
0,1,0,-6,1,6,19,-91,2,4,-29,37,-18,-82,3,-22,-23,3,14,9,32,7,-3,-8,9,7,40,1,19,0,-2,0,-38,4,16
-2,0,-2,-4,-1,24,14,-27,-41,27,-40,14,4,-15,6,-6,-14,4,-19,17,-9,-9,-2,-9,-5,-15,5,21,32,-8,-4,-2,-20,-2,-5
0,-1,-1,-2,-1,6,-8,2,-39,26,-38,11,16,-8,-1,-6,-3,-3,-11,13,-8,2,0,-9,0,-13,8,12,19,-9,-3,3,-13,-6,-6
0,0,-1,-3,-1,2,15,-20,-12,17,-18,17,18,-1,0,12,11,0,-2,9,0,-1,-1,-12,-6,-6,1,-9,16,-25,1,4,-8,0,-2
0,0,1,-1,0,-1,-42,-8,-42,-3,-8,-9,7,-14,-5,63,35,7,-29,27,7,0,31,-18,-34,30,2,-25,32,-24,-3,3,-8,-4,-1
-1,0,0,-2,-2,3,-4,-7,-6,0,-3,3,-3,-10,-3,9,9,5,-14,7,-16,16,8,-8,12,1,10,1,18,-1,-3,-2,-7,1,-2
0,0,2,1,-2,4,-2,-16,-9,1,1,24,-19,-21,-18,19,-9,-9,5,10,7,19,19,-20,-18,-5,2,9,0,4,1,-5,-5,2,0
-3,-4,-1,-15,2,0,3,-49,-17,0,-2,27,-2,-59,19,-29,-3,-39,-3,-6,36,13,69,-30,1,9,63,3,9,5,-3,15,-19,2,5
-1.4375,0.125,0.75,-0.4375,1.5,-1.5625,-92.5,-7.3125,-23.563,26.563,60.25,59.563,18.438,-10.375,-23.875,-10.625,-14.375,-10.688,-26.25,-31,-7,-6.9375,-2.3125,-5.375,1.625,-2.8125,-2.4375,4,7.4375,15.625,53.813,81,87.813,58.5,35.75
-1.4375,0.125,0.75,-0.4375,1.5,-1.5625,-92.5,-7.3125,-23.563,26.563,60.25,59.563,18.438,-10.375,-23.875,-10.625,-14.375,-10.688,-26.25,-31,-7,-6.9375,-2.3125,-5.375,1.625,-2.8125,-2.4375,4,7.4375,15.625,53.813,81,87.813,58.5,35.75
-1.4375,0.125,0.75,-0.4375,1.5,-1.5625,-92.5,-7.3125,-23.563,26.563,60.25,59.563,18.438,-10.375,-23.875,-10.625,-14.375,-10.688,-26.25,-31,-7,-6.9375,-2.3125,-5.375,1.625,-2.8125,-2.4375,4,7.4375,15.625,53.813,81,87.813,58.5,35.75
7.2654,7.2691,7.2709,7.2703,7.268,7.2563,7.1561,6.9367,6.7392,6.637,6.6965,6.8231,7.0079,7.1513,7.2029,7.0641,6.8363,6.6259,6.4509,6.3191,6.2561,6.224,6.2191,6.2081,6.2147,6.2131,6.2043,6.2095,6.2295,6.2494,6.3165,6.459,6.6719,6.8354,6.9015
3.0126,3.0106,3.0091,3.0095,3.0093,3.013,3.1189,3.2919,3.6856,4.407,5.0068,5.5695,6.1721,6.5371,6.6686,6.6911,6.5718,6.3627,6.0982,5.7349,5.5431,5.4446,5.4422,5.4653,5.4918,5.5089,5.5219,5.5302,5.5391,5.5381,5.533,5.5122,5.4153,5.1799,4.8932
9.1923,9.1875,9.1864,9.1868,9.1912,9.2041,9.189,9.352,9.5442,9.7306,9.8427,9.9671,0.17791,0.38494,0.4812,0.37808,0.12177,9.8789,9.6801,9.4886,9.3898,9.343,9.3271,9.3282,9.3343,9.3362,9.3328,9.3312,9.3332,9.3361,9.3403,9.3591,9.4061,9.445,9.4594
0.94775,0.93408,0.94141,0.94531,0.95508,0.93945,0.93652,0.979,0.88672,0.91846,1.0137,0.87744,0.91064,0.93799,0.90088,0.90918,0.90186,1.0337,0.93164,0.92725,0.91455,0.94629,0.93799,0.96973,0.91699,0.92529,0.91602,0.91309,0.91357,0.96045,0.97705,0.93555,0.95508,0.98584,0.93359
-0.32666,-0.32617,-0.32422,-0.31836,-0.31055,-0.31787,-0.32861,-0.35205,-0.31836,-0.34619,-0.34473,-0.31689,-0.32764,-0.31689,-0.35791,-0.38135,-0.33984,-0.31055,-0.28809,-0.27979,-0.35547,-0.35352,-0.36963,-0.33545,-0.33643,-0.37695,-0.29834,-0.33496,-0.37012,-0.33936,-0.30127,-0.31104,-0.28076,-0.30615,-0.29443
-0.044922,-0.05127,-0.049805,-0.050293,-0.059082,-0.049316,-0.059082,-0.071289,-0.069824,-0.041504,-0.074707,-0.11719,-0.068359,-0.069336,-0.06543,-0.042969,-0.09082,-0.15234,-0.20947,-0.13574,-0.076172,-0.10645,-0.1001,-0.11133,-0.10645,-0.043457,-0.053223,-0.043457,-0.020996,-0.061035,-0.077148,-0.04248,-0.08252,-0.070313,-0.08252
-3,-9,0,2,-3,-2,-6,6,-6,-5,4,9,-5,-3,-3,-5,-6,2,-2,-4,-3,2,8,-7,-3,0,-7,0,2,6,3,-7,-2,-2,-9
1,5,9,-2,-2,-6,-2,-2,-6,-4,1,-4,-3,-2,-4,-4,-8,1,-6,4,2,-4,-5,-1,-2,1,0,-5,-1,-9,0,2,-5,-7,0
5,-4,1,3,0,0,2,-3,2,1,-2,9,2,0,1,-7,2,5,-7,3,1,-5,-3,0,2,-1,-8,-3,3,-9,-2,-3,2,-2,-3
-1,4,2,1,0,-1,-4,-1,-2,-3,-3,-2,-2,-6,-3,2,-2,-6,0,-1,-2,7,0,-1,1,-3,-8,5,-5,-7,3,1,2,0,-1
3,0,-3,4,-4,-3,0,-4,3,-3,-2,-1,0,-7,-2,-2,0,1,-8,1,1,-6,4,0,2,-4,-2,-2,0,-3,-8,-4,2,-6,0
0,-1,1,-5,-1,3,-2,1,-1,1,0,0,-4,1,-3,-1,4,0,-7,1,-2,-2,-4,-3,1,-1,-1,-4,-1,1,-2,-3,1,3,1
3,-3,-1,2,-3,3,-5,5,-4,-4,-3,2,6,-3,-2,-1,2,7,-6,0,-1,4,-5,0,1,6,0,-2,-3,-4,0,-3,2,-1,-2
0,-2,-1,-1,1,-1,-4,1,-3,-2,-1,-1,-7,1,2,-5,-1,1,2,0,-5,3,1,4,1,3,-6,-3,-6,2,2,1,-4,-3,-2
-1.3125,-0.5,-1.875,-0.1875,0.875,3.625,1.0625,3.5625,-7,-17.5,-12.813,4.125,14.563,10.125,16.25,15.25,-4.875,2.9375,22.625,38.563,-8.75,-4.1875,3.3125,-0.3125,13.438,31.5,23.188,-17.188,-30.25,-29.875,-22.875,-31.75,-36.875,-23.875,0
-1.3125,-0.5,-1.875,-0.1875,0.875,3.625,1.0625,3.5625,-7,-17.5,-12.813,4.125,14.563,10.125,16.25,15.25,-4.875,2.9375,22.625,38.563,-8.75,-4.1875,3.3125,-0.3125,13.438,31.5,23.188,-17.188,-30.25,-29.875,-22.875,-31.75,-36.875,-23.875,0
-1.3125,-0.5,-1.875,-0.1875,0.875,3.625,1.0625,3.5625,-7,-17.5,-12.813,4.125,14.563,10.125,16.25,15.25,-4.875,2.9375,22.625,38.563,-8.75,-4.1875,3.3125,-0.3125,13.438,31.5,23.188,-17.188,-30.25,-29.875,-22.875,-31.75,-36.875,-23.875,0
2.2061,2.2016,2.1902,2.186,2.1934,2.2063,2.211,2.2201,2.2017,2.1484,2.1032,2.0747,2.0934,2.1165,2.1197,2.1154,2.0265,1.8914,1.8385,1.8756,1.8713,1.8568,1.8718,1.9283,2.0452,2.2561,2.3677,2.3764,2.3091,2.1752,2.1123,2.0596,2.0087,2.0073,2.0567
3.0403,3.0434,3.0462,3.0475,3.0466,3.0456,3.0427,3.0414,3.042,3.0463,3.0503,3.0658,3.0861,3.0957,3.0991,3.1037,3.1045,3.106,3.1063,3.1063,3.0957,3.0893,3.0788,3.0705,3.0702,3.081,3.0797,3.0729,3.0593,3.0375,3.0264,3.0125,3.0059,3.0049,3.0091
7.1452,7.1494,7.1591,7.1614,7.1561,7.1463,7.1454,7.1479,7.1644,7.1921,7.2189,7.2381,7.2378,7.2532,7.2727,7.3069,7.4261,7.5643,7.6514,7.6736,7.6949,7.6996,7.6874,7.6321,7.5196,7.3449,7.2848,7.2649,7.2833,7.3592,7.3849,7.3749,7.3671,7.3149,7.2419
0.94043,0.95166,0.94385,0.95117,0.94482,0.94336,0.93652,0.93652,0.97656,0.89746,0.92236,0.9873,0.90137,0.91211,0.94043,0.92627,0.91455,0.97217,0.95459,0.91797,0.9209,0.93066,0.95166,0.91455,0.93066,0.91064,0.93115,0.93848,0.91455,0.94238,0.98682,0.9541,0.93652,0.93896,0.97559
-0.29883,-0.30371,-0.29834,-0.29541,-0.3125,-0.29492,-0.30273,-0.30908,-0.28955,-0.30664,-0.30127,-0.34082,-0.29541,-0.29785,-0.3042,-0.33154,-0.3457,-0.34033,-0.31836,-0.31152,-0.31348,-0.33008,-0.35547,-0.32959,-0.34229,-0.34033,-0.33447,-0.33496,-0.34033,-0.33594,-0.29541,-0.28906,-0.29297,-0.28027,-0.25342
-0.094727,-0.1001,-0.087402,-0.091797,-0.093262,-0.094727,-0.092285,-0.10107,-0.10596,-0.10889,-0.084473,-0.10303,-0.1416,-0.11084,-0.11719,-0.09082,-0.097656,-0.14063,-0.23975,-0.19531,-0.1167,-0.13916,-0.12842,-0.14258,-0.14844,-0.12354,-0.0625,-0.068359,-0.05127,-0.088867,-0.10059,-0.10742,-0.10107,-0.084961,-0.088379
6,-5,-1,1,-10,8,-3,-1,3,-7,1,-5,-1,-3,-5,4,-5,5,-2,-2,-5,-5,-10,0,5,-10,-11,0,3,-6,1,-8,2,-5,4
4,4,-2,6,-1,2,-9,7,0,-1,2,-11,-4,3,7,7,-1,3,0,1,2,-6,6,5,-3,-4,-7,4,-4,-3,7,0,2,0,-2
7,0,0,3,6,-2,-3,1,0,0,5,1,-9,-6,-7,-4,-4,4,-3,-3,-1,-4,-2,-8,-9,-2,-4,5,-8,2,0,7,-2,-4,3
0,-3,-1,0,0,-3,-8,1,-3,1,-1,1,0,0,-7,-2,-2,-1,3,4,1,-6,-7,1,-2,-7,-1,4,1,-3,0,-5,2,1,2
-1,-1,-5,0,1,3,-1,0,2,3,8,-6,1,-5,1,-6,-6,5,1,-2,-5,1,-3,-4,-1,-2,-2,-2,-6,-8,-1,-6,0,0,-3
1,-7,1,5,-2,-1,-2,0,4,4,3,1,-4,-1,-2,-5,-4,3,3,-3,-4,-5,-3,2,-3,-2,-5,2,-6,-6,-2,6,0,0,-6
4,-7,4,4,-1,0,-7,1,-6,1,1,-1,-2,2,-2,2,-2,0,-7,-3,4,-5,-2,4,-4,-3,-2,-2,-1,1,0,-5,-3,-5,-1
2,-8,5,1,1,5,-1,-2,1,-1,-3,-2,1,1,0,-1,-7,-2,-6,0,-4,-2,0,0,-5,-5,-4,-3,2,2,-4,-6,-4,0,-5
-1.5,-2.5625,-1.25,-2.25,-2.125,-1.625,1.1875,4.8125,-0.875,-10.563,-9.625,-14.75,5.0625,8.8125,16.813,12.313,5.5,-8.3125,1.125,39.5,2.375,3,13.438,5.375,15.188,21.75,26.688,9.0625,-27,-29.063,-29.438,-48.688,-35.5,-11.375,15.5
-1.5,-2.5625,-1.25,-2.25,-2.125,-1.625,1.1875,4.8125,-0.875,-10.563,-9.625,-14.75,5.0625,8.8125,16.813,12.313,5.5,-8.3125,1.125,39.5,2.375,3,13.438,5.375,15.188,21.75,26.688,9.0625,-27,-29.063,-29.438,-48.688,-35.5,-11.375,15.5
-1.5,-2.5625,-1.25,-2.25,-2.125,-1.625,1.1875,4.8125,-0.875,-10.563,-9.625,-14.75,5.0625,8.8125,16.813,12.313,5.5,-8.3125,1.125,39.5,2.375,3,13.438,5.375,15.188,21.75,26.688,9.0625,-27,-29.063,-29.438,-48.688,-35.5,-11.375,15.5
1.9819,1.9786,1.9786,1.9787,1.9796,1.9802,1.9805,1.9864,1.9962,1.9621,1.9236,1.8958,1.9081,1.9231,1.9313,1.9253,1.8889,1.7737,1.6683,1.7009,1.7302,1.7363,1.7602,1.8051,1.8983,2.0278,2.1732,2.2598,2.2187,2.0813,1.9754,1.8859,1.8405,1.8463,1.8967
3.016,3.0192,3.0223,3.023,3.0235,3.0237,3.0251,3.0268,3.0249,3.0263,3.0321,3.0359,3.047,3.0629,3.0717,3.0782,3.085,3.0902,3.1102,3.1258,3.1245,3.1217,3.1144,3.1014,3.0875,3.0828,3.0836,3.0756,3.0555,3.0282,3.0101,2.9965,2.9899,2.9932,2.9941
7.2415,7.2414,7.2371,7.2352,7.2311,7.2297,7.2279,7.2271,7.2297,7.2493,7.2737,7.2771,7.2622,7.2578,7.2767,7.3155,7.3696,7.4853,7.5866,7.596,7.6162,7.6138,7.6067,7.5786,7.4939,7.3892,7.2828,7.2261,7.2414,7.313,7.3735,7.3947,7.37,7.3145,7.2798
0.94873,0.94873,0.94824,0.94678,0.95215,0.9458,0.94678,0.979,0.90625,0.91064,1.0005,0.91895,0.91992,0.94727,0.93213,0.90039,0.88916,0.9375,0.96875,0.91162,0.92432,0.94092,0.91162,0.94922,0.94629,0.90625,0.97998,0.9292,0.91455,0.96094,0.94482,0.96484,0.92432,0.97705,0.93164
-0.2998,-0.3042,-0.29199,-0.30176,-0.29688,-0.30322,-0.31006,-0.30957,-0.31006,-0.32959,-0.3125,-0.32617,-0.31836,-0.28662,-0.34912,-0.35938,-0.37598,-0.27344,-0.2915,-0.26514,-0.33447,-0.30811,-0.32178,-0.33936,-0.31201,-0.29248,-0.31836,-0.33447,-0.33008,-0.35205,-0.30664,-0.2793,-0.26465,-0.25928,-0.25635
-0.080566,-0.092773,-0.092773,-0.091309,-0.089355,-0.087891,-0.086426,-0.087891,-0.074219,-0.07666,-0.093262,-0.11328,-0.10742,-0.10059,-0.080566,-0.09375,-0.10498,-0.29736,-0.2417,-0.14014,-0.15186,-0.1665,-0.14063,-0.16943,-0.16357,-0.15479,-0.067383,-0.03418,-0.08252,-0.083008,-0.10449,-0.091797,-0.089355,-0.1123,-0.13135
-5,7,1,0,5,4,0,-6,-2,2,-3,-2,-4,-6,-2,-5,-4,-2,-5,-1,0,4,2,-2,2,-4,6,-7,-3,-4,-4,-3,-1,-3,-3
-2,-2,2,2,6,-7,3,-1,-3,-9,0,1,-2,-1,-1,-5,3,-6,3,-4,-1,3,0,7,0,4,-3,5,-5,6,-5,10,0,1,-1
0,-3,-5,7,2,-1,-10,-5,-4,-10,-6,0,-10,-9,1,1,-7,4,3,4,0,-4,2,-4,-1,3,-2,1,-10,-2,5,2,-4,-2,-8
-4,2,0,-1,3,-3,-4,-3,1,-3,0,1,-6,-2,-1,7,2,-2,1,-6,-3,1,-2,-2,3,-3,-5,2,-6,1,-3,-2,1,5,-1
0,-5,0,0,-4,3,0,-3,0,-5,2,0,2,-3,-2,-2,2,-3,0,3,1,4,-4,-3,2,-1,-3,-1,1,-6,2,1,3,2,-1
-3,-9,-6,0,-3,3,-6,-3,-8,-2,0,-2,0,3,2,0,1,1,-1,-2,3,-1,-3,-4,-2,-5,-2,-5,-1,-2,-8,1,-1,0,5
-3,-8,-5,2,0,-2,5,-1,0,-7,0,-4,2,4,-4,1,-2,6,-2,-1,-3,-1,-1,-1,-1,-4,-3,-3,-5,1,-4,-2,2,-5,0
0,3,0,4,-2,2,-2,-2,-1,-4,0,-1,1,2,-2,2,-2,2,-3,-1,-4,0,3,-2,-3,0,-2,-3,1,-1,-5,3,2,-3,-1
-1.75,-2.5625,-1.4375,-0.0625,0.3125,0.3125,3.9375,3.4375,-18.75,-9.875,-8.9375,-3.0625,22.875,3.5,7,17.375,-0.125,-13,19.063,28.438,2.375,13.75,-4,9.9375,-10.813,28.563,23.75,2.8125,-27.188,-46.375,-20,-25.188,-36.125,-28.313,-2.25
-1.75,-2.5625,-1.4375,-0.0625,0.3125,0.3125,3.9375,3.4375,-18.75,-9.875,-8.9375,-3.0625,22.875,3.5,7,17.375,-0.125,-13,19.063,28.438,2.375,13.75,-4,9.9375,-10.813,28.563,23.75,2.8125,-27.188,-46.375,-20,-25.188,-36.125,-28.313,-2.25
-1.75,-2.5625,-1.4375,-0.0625,0.3125,0.3125,3.9375,3.4375,-18.75,-9.875,-8.9375,-3.0625,22.875,3.5,7,17.375,-0.125,-13,19.063,28.438,2.375,13.75,-4,9.9375,-10.813,28.563,23.75,2.8125,-27.188,-46.375,-20,-25.188,-36.125,-28.313,-2.25
2.0239,2.0237,2.0233,2.0203,2.0188,2.0172,2.0182,2.0368,2.0232,1.9919,1.98,1.9962,2.0377,2.0521,2.0298,2.0114,1.8394,1.6341,1.5891,1.6353,1.6314,1.6349,1.6496,1.6909,1.7414,1.9406,2.1239,2.2248,2.1961,2.0628,1.975,1.903,1.8166,1.7576,1.7351
3.0191,3.0201,3.0206,3.0222,3.023,3.0223,3.0222,3.0235,3.0223,3.0312,3.0379,3.0511,3.0704,3.0774,3.0848,3.0939,3.1041,3.1173,3.1373,3.1383,3.1311,3.1207,3.1027,3.0863,3.0742,3.0684,3.0623,3.0489,3.0344,3.0082,3.0018,2.9969,2.9911,2.9894,2.991
7.2128,7.209,7.2051,7.2053,7.2078,7.2094,7.2132,7.2089,7.2062,7.2149,7.2132,7.1729,7.1511,7.159,7.186,7.232,7.4313,7.6342,7.6839,7.7321,7.7492,7.7675,7.7604,7.727,7.6671,7.4787,7.3266,7.2417,7.2422,7.2935,7.3379,7.374,7.3929,7.3989,7.3935
