-0.28418,-0.46533,-0.57813,-0.45361,-0.59326,-0.64453,-0.64941,-0.68213,-0.68213,-0.78516,-0.72803,-0.62598,-0.78711,-0.78809,-0.87891,-0.81592,-0.74219,-0.73584,-0.854,-0.87988,-0.90186,-0.8999,-0.80469,-0.82178,-0.85645,-0.89258,-0.84326,-0.78467,-0.604,-0.49219,-0.42725,-0.4165,-0.35791,-0.21289,0.62646
0.84082,0.73535,0.70605,0.6333,0.53467,0.58789,0.69043,0.77051,0.77051,0.67627,0.57227,0.57764,0.61523,0.67773,0.62158,0.61523,0.57324,0.47559,0.53125,0.55615,0.62891,0.57324,0.52051,0.51367,0.51318,0.56543,0.52734,0.51807,0.50488,0.47754,0.51904,0.65137,0.76367,0.75537,1.0107
0.67041,0.48975,0.32568,0.30615,-0.05127,-0.057129,-0.11572,-0.04248,-0.04248,-0.1792,-0.18408,-0.11572,-0.022461,-0.053711,-0.1626,-0.19629,-0.19434,-0.082031,-0.029785,-0.045898,-0.083984,-0.1748,-0.10498,-0.092285,-0.077148,-0.094727,-0.104,-0.099609,-0.030762,0.045898,0.30566,0.49854,0.60107,0.79932,0.68311
-6,23,-11,16,24,-5,3,-1,-1,8,10,-24,11,-3,1,-3,-2,13,0,-5,-8,3,-6,-10,-1,-8,1,-2,-7,0,0,5,5,-24,60
0,9,-10,3,-3,3,5,1,1,2,7,-1,3,-6,-1,7,-4,9,-5,7,-1,5,6,-16,-7,-3,6,-1,-3,-1,0,-4,3,-21,18
-14,6,-10,2,1,5,8,5,5,-4,1,3,-6,-11,6,6,-8,4,-1,-2,-3,5,4,-3,-8,-9,3,5,1,0,0,-5,1,-7,7
9,-2,-7,6,4,2,3,-11,-11,-1,2,3,10,0,0,8,-2,4,5,-8,-6,2,1,-7,-13,-7,3,3,3,-2,0,-13,6,-2,2
6,7,-7,7,4,-7,1,7,7,4,8,-5,27,4,1,3,-2,6,-7,2,-6,6,13,-1,-8,-5,1,-2,3,11,0,-8,3,0,-2
-1,7,-3,-2,4,-20,4,-1,-1,4,26,-7,5,-2,-1,-4,-2,1,-5,2,-5,4,-1,-1,-5,-5,-1,-3,-1,2,-3,-1,-1,-2,1
-2,5,8,-16,3,-7,-5,-6,-6,-3,21,-4,12,-4,0,-22,-1,0,0,2,2,14,-16,-3,-5,-16,-5,2,-3,-2,-3,-1,0,0,3
-6,20,-5,-44,36,38,-13,16,16,127,4,-36,-9,-29,-30,6,-7,-8,-68,-3,-5,18,-10,-26,4,-1,-8,-9,3,-3,-3,12,5,18,8
125.13,118.38,105.94,83.25,35.625,5.75,19.688,4.9375,4.9375,13.813,32.188,17.938,1.3125,-3.625,-9.8125,1.9375,7.25,-7.9375,-0.125,-12.125,-28.875,-2.375,5.5,-0.5625,1.125,-2.8125,-2.625,2.75,-3.9375,-14,-75.688,-112.75,-125.88,-118,-81.875
125.13,118.38,105.94,83.25,35.625,5.75,19.688,4.9375,4.9375,13.813,32.188,17.938,1.3125,-3.625,-9.8125,1.9375,7.25,-7.9375,-0.125,-12.125,-28.875,-2.375,5.5,-0.5625,1.125,-2.8125,-2.625,2.75,-3.9375,-14,-75.688,-112.75,-125.88,-118,-81.875
125.13,118.38,105.94,83.25,35.625,5.75,19.688,4.9375,4.9375,13.813,32.188,17.938,1.3125,-3.625,-9.8125,1.9375,7.25,-7.9375,-0.125,-12.125,-28.875,-2.375,5.5,-0.5625,1.125,-2.8125,-2.625,2.75,-3.9375,-14,-75.688,-112.75,-125.88,-118,-81.875
6.5669,6.8322,7.0369,7.2513,7.7739,7.7724,7.7133,7.6683,7.6683,7.794,7.8663,7.7993,7.7079,7.6916,7.8032,7.8484,7.8902,7.816,7.6919,7.6613,7.6868,7.794,7.8194,7.7999,7.7848,7.7759,7.7939,7.7999,7.7251,7.6356,7.187,6.8762,6.6903,6.3885,6.2569
5.3049,5.727,5.9467,6.1167,6.3502,6.3427,6.2603,6.1412,6.1412,6.3147,6.4652,6.4777,6.358,6.3076,6.4537,6.4962,6.5338,6.6082,6.5291,6.4926,6.5079,6.5691,6.5807,6.5719,6.5723,6.5877,6.5974,6.5982,6.5682,6.5253,6.1831,5.787,5.4656,4.7703,4.1781
6.7071,6.8924,7.0604,7.2548,7.7253,7.6829,7.5891,7.4794,7.4794,7.6647,7.6944,7.5643,7.4049,7.3891,7.5912,7.6448,7.6896,7.574,7.4187,7.3968,7.5216,7.675,7.6976,7.6683,7.6507,7.65,7.6752,7.6782,7.5966,7.507,7.1067,6.8734,6.7504,6.5801,6.4481
-0.78467,-0.78467,-0.64404,-0.7373,-0.82129,-0.83936,-0.77393,-0.75879,-0.78369,-0.74902,-0.84912,-0.85986,-0.84326,-0.81641,-0.85352,-0.81543,-0.77441,-0.80664,-0.83838,-0.85107,-0.83203,-0.82227,-0.77539,-0.74854,-0.59326,-0.44775,-0.48291,-0.479,-0.479,-0.26221,0.11963,0.61621,0.61621,0.85352,1.0835
0.63135,0.63135,0.57764,0.61816,0.77588,0.75049,0.67383,0.56543,0.52295,0.45703,0.5459,0.57715,0.66064,0.62598,0.60596,0.55615,0.54639,0.52588,0.53613,0.56982,0.56494,0.55713,0.52832,0.52539,0.49902,0.51123,0.58203,0.66113,0.86133,0.8999,0.90186,0.89502,0.89502,0.6167,0.46484
-0.15186,-0.15186,-0.10938,-0.010254,-0.047363,-0.056152,-0.087402,-0.14844,-0.20508,-0.12598,-0.068848,-0.033203,-0.070801,-0.053711,-0.11621,-0.16064,-0.11621,-0.086426,-0.083008,-0.10547,-0.11377,-0.1084,-0.10107,-0.092773,-0.011719,0.13379,0.23975,0.39893,0.59424,0.70654,0.70264,0.67139,0.67139,0.45752,0.10303
-20,12,10,0,0,-5,-22,-12,5,-13,-6,5,-15,1,-2,-1,5,3,2,3,-2,-1,6,3,-2,1,-2,-1,-4,-16,2,3,13,11,4
-9,4,3,-1,-1,2,10,-8,1,2,-13,7,-2,4,-17,2,15,5,-2,-6,2,-4,0,-1,0,-3,-2,0,-3,-10,-8,-12,-1,-7,-3
-5,0,0,2,5,0,11,-3,-4,0,-7,2,1,6,-14,2,4,3,-9,-8,5,-2,0,-4,-1,-1,-4,1,0,-14,-1,-4,-4,-4,-5
-1,0,-4,1,6,0,2,0,-1,-1,-9,8,-1,0,-10,6,2,3,-6,-6,-3,1,-3,-2,-11,-6,6,-2,-2,-12,3,-4,-3,1,-1
-3,2,-4,3,12,4,-3,1,4,0,-8,6,-6,1,-7,6,7,-1,-3,0,-7,3,-4,-15,-11,-3,7,-2,-2,-8,1,-2,1,-1,0
-3,-5,-9,-1,10,-1,-8,2,3,-4,0,0,-2,0,-6,3,0,4,-3,-1,-2,-1,-1,0,-6,0,0,0,-2,-2,0,-3,1,1,0
-7,-1,-22,9,13,3,-18,2,3,-9,-10,10,-30,1,9,7,-5,-2,-4,6,7,-2,0,2,-2,2,-3,1,0,-1,-2,-1,0,-5,2
-10,46,-3,21,2,-73,-35,21,4,0,-1,8,-29,2,-2,-4,-6,2,-56,-5,3,0,4,5,-3,-1,-3,2,3,8,-1,9,-1,-3,-53
28.438,28.438,6.25,8.875,1.8125,-0.875,0.875,-3.625,11.875,10.938,2.1875,-2.375,-14.875,-13.313,-20.563,-0.75,9.4375,1.875,-6.0625,-6.625,-3.25,-0.6875,2.0625,1.3125,-4.0625,-37.125,-52.875,-88.875,-102.56,-100.19,-59,-50.688,-50.688,-52.688,7.0625
28.438,28.438,6.25,8.875,1.8125,-0.875,0.875,-3.625,11.875,10.938,2.1875,-2.375,-14.875,-13.313,-20.563,-0.75,9.4375,1.875,-6.0625,-6.625,-3.25,-0.6875,2.0625,1.3125,-4.0625,-37.125,-52.875,-88.875,-102.56,-100.19,-59,-50.688,-50.688,-52.688,7.0625
28.438,28.438,6.25,8.875,1.8125,-0.875,0.875,-3.625,11.875,10.938,2.1875,-2.375,-14.875,-13.313,-20.563,-0.75,9.4375,1.875,-6.0625,-6.625,-3.25,-0.6875,2.0625,1.3125,-4.0625,-37.125,-52.875,-88.875,-102.56,-100.19,-59,-50.688,-50.688,-52.688,7.0625
7.8066,7.8066,7.7618,7.684,7.6497,7.6798,7.7522,7.8582,7.9215,7.8905,7.7359,7.6621,7.6664,7.704,7.7734,7.8615,7.8576,7.8185,7.8048,7.8105,7.823,7.8298,7.8296,7.8051,7.7156,7.4232,7.2632,6.9995,6.681,6.4363,6.3256,6.2981,6.2981,6.3031,6.4269
6.3811,6.3811,6.4617,6.3795,6.2729,6.2682,6.3354,6.4422,6.5168,6.6061,6.5759,6.5029,6.4195,6.423,6.4663,6.5403,6.5643,6.5627,6.5628,6.5648,6.5662,6.5666,6.569,6.5716,6.5442,6.3886,6.2464,5.9428,5.4135,4.8577,4.3769,4.057,4.057,3.5286,3.2912
7.67,7.67,7.5334,7.4217,7.373,7.4235,7.5291,7.6731,7.7387,7.6618,7.4742,7.3906,7.4348,7.5187,7.65,7.774,7.7536,7.7023,7.6951,7.7172,7.7418,7.7518,7.7529,7.7216,7.6194,7.3323,7.1915,6.9923,6.7765,6.6426,6.4966,6.3896,6.3896,6.1066,5.9199
0.88281,0.88086,0.87549,0.87158,0.87695,0.92334,0.98779,1.0073,0.71729,0.26025,-0.085938,-0.22217,-0.43457,-0.49268,-0.46338,-0.54785,-0.61426,-0.61426,-0.7251,-0.88867,-0.72998,-0.63965,-0.68945,-0.75586,-0.89014,-0.8374,-0.75391,-0.71875,-0.6748,-0.83984,-0.8374,-0.86475,-0.7666,-0.83887,-0.80029
0.31152,0.31201,0.31787,0.31055,0.31348,0.36719,0.36182,0.56934,0.76611,0.86816,0.78906,0.87793,0.72754,0.64209,0.50586,0.43164,0.59814,0.59814,0.80127,0.73145,0.53906,0.49268,0.479,0.62305,0.81348,0.69434,0.60889,0.49121,0.51172,0.56299,0.65332,0.72803,0.60938,0.59229,0.52979
0.31152,0.31787,0.30078,0.31055,0.30859,0.21729,0.15674,0.46094,0.77148,0.81396,0.7959,0.66797,0.64648,0.20996,0.064453,-0.025391,-0.086426,-0.086426,-0.10645,-0.15771,-0.23975,-0.16943,-0.13721,0.0073242,-0.03125,-0.1377,-0.16309,-0.11572,-0.10205,-0.00097656,-0.049316,-0.13672,-0.18115,-0.16406,-0.092285
-1,-1,-2,1,-3,3,-2,-27,13,-16,-3,30,-8,-27,-1,-15,2,-1,-2,-3,6,17,-2,2,7,7,0,7,-1,1,4,-8,-3,2,4
-2,-2,-1,-1,-9,-6,1,-29,-11,-8,7,-7,-8,-7,4,-2,-14,5,14,-6,13,-5,-9,1,-14,-4,-1,2,11,29,11,-17,1,6,3
-1,1,0,0,0,-31,-9,-14,-13,9,12,-5,2,-3,3,-7,-16,5,10,-5,5,-2,-3,0,-10,-10,1,-2,22,20,13,-8,-5,0,7
-3,0,-1,-1,-2,-13,-4,-23,-11,-3,-7,1,-4,-1,1,-5,-16,4,7,6,2,-1,-8,-1,-7,-10,2,-5,18,15,8,-4,-17,0,4
-1,-1,-2,-2,-2,-11,-7,8,1,-2,-18,8,-4,-3,0,-7,-15,13,2,8,-1,-6,-10,6,8,1,0,-7,14,13,6,-3,-11,9,-4
-2,0,-3,0,-1,-6,-2,13,-8,-2,-16,14,-15,-5,7,0,-11,13,4,10,-5,-5,12,10,-2,-3,2,-17,1,1,2,-1,1,5,-6
0,1,-1,-1,-2,-2,-13,10,-4,3,-5,26,-6,-6,-2,-2,-7,10,-8,1,-2,4,4,0,-10,2,5,-6,-6,-19,6,-3,4,3,-3
0,-2,0,-2,-1,1,-11,9,-5,4,0,12,13,2,-15,-25,-13,-7,-73,49,24,14,-2,-6,-38,-60,43,7,4,-12,-7,-42,6,6,3
2.125,1.3125,0.3125,2,1,0.5625,-10.125,13.063,45.125,48.438,124.25,131.31,108.31,92.688,75.438,41.75,8.5625,8.5625,-5.75,-12.25,27.875,24.75,3.125,6.625,-10.688,-4,10.188,19.813,6.0625,-6.875,-22.063,-14.875,14.188,17.625,-4
2.125,1.3125,0.3125,2,1,0.5625,-10.125,13.063,45.125,48.438,124.25,131.31,108.31,92.688,75.438,41.75,8.5625,8.5625,-5.75,-12.25,27.875,24.75,3.125,6.625,-10.688,-4,10.188,19.813,6.0625,-6.875,-22.063,-14.875,14.188,17.625,-4
2.125,1.3125,0.3125,2,1,0.5625,-10.125,13.063,45.125,48.438,124.25,131.31,108.31,92.688,75.438,41.75,8.5625,8.5625,-5.75,-12.25,27.875,24.75,3.125,6.625,-10.688,-4,10.188,19.813,6.0625,-6.875,-22.063,-14.875,14.188,17.625,-4
6.2745,6.274,6.2737,6.2732,6.2732,6.2818,6.2939,6.2646,6.2378,6.2942,6.4342,6.5878,6.9486,7.3968,7.6801,7.8358,7.8334,7.8334,7.7516,7.8025,7.9353,7.9513,7.8601,7.7205,7.6492,7.737,7.8119,7.8748,7.789,7.7012,7.6786,7.7662,7.8679,7.8836,7.8495
3.245,3.2449,3.2444,3.2444,3.2451,3.2502,3.2681,3.4326,3.8284,4.424,4.9541,5.2924,5.8371,6.1954,6.3326,6.4079,6.3753,6.3753,6.1547,6.2285,6.3989,6.5255,6.5242,6.4052,6.1851,6.3298,6.4305,6.5542,6.5168,6.4121,6.3338,6.4021,6.4882,6.5045,6.5055
6.3468,6.3487,6.3497,6.3521,6.3538,6.3524,6.3353,6.3712,6.5059,6.6105,6.719,6.819,7.085,7.4458,7.6708,7.7652,7.6987,7.6987,7.5651,7.6626,7.8011,7.7488,7.6281,7.4285,7.3647,7.5284,7.6175,7.6433,7.5263,7.4227,7.4367,7.6474,7.7712,7.7782,7.7054
0.87549,0.87793,0.87891,0.88037,0.87012,0.88428,0.87305,0.94971,1.084,0.94092,0.55908,0.37207,-0.39307,-0.65625,-0.4458,-0.47412,-0.51416,-0.61426,-0.77637,-0.69922,-0.81201,-0.77881,-0.70508,-0.67285,-0.79785,-0.81787,-0.81201,-0.79395,-0.72754,-0.69189,-0.84912,-0.87305,-0.81592,-0.80469,-0.76807
0.32861,0.3208,0.32959,0.33398,0.32373,0.32861,0.32764,0.44971,0.51465,0.7749,0.8501,0.81641,0.89746,0.72314,0.51465,0.40967,0.4248,0.54443,0.63086,0.76514,0.73633,0.62793,0.53027,0.57275,0.69092,0.78125,0.72021,0.67529,0.56104,0.52686,0.59375,0.66553,0.63818,0.52393,0.50146
0.31055,0.3125,0.30566,0.30273,0.30762,0.32617,0.31299,0.16016,0.32275,0.72998,0.84619,0.87842,0.63184,0.51807,0.21582,0.060059,0.0048828,-0.060059,-0.072266,-0.070313,-0.086426,-0.17578,-0.10303,-0.10498,0.018066,0.0092773,-0.087891,-0.10498,-0.077148,-0.0029297,-0.018555,-0.089355,-0.12793,-0.14355,-0.09668
-2,0,-2,0,0,0,-2,7,-15,12,-12,-12,-8,3,-15,12,-13,1,5,2,4,-1,14,-11,-3,6,-15,2,13,-13,-3,1,-3,-12,-10
-2,-2,-2,-1,1,0,-2,10,13,-8,12,-4,-20,4,-3,-9,-4,-4,-5,-9,-2,-16,8,-1,-13,8,-9,-2,10,-7,-9,-6,-6,-5,-15
-2,1,1,0,0,-2,-3,-5,-14,17,16,-20,-22,-4,-6,-5,-4,-5,4,-3,-3,2,2,8,-13,6,-6,4,9,-10,-5,-2,2,5,-9
-1,0,-1,0,1,-2,1,-11,-6,-10,13,-3,-7,4,-9,-2,5,-6,3,3,-2,2,4,12,-13,-3,-4,0,6,-1,-2,-8,3,1,-5
0,-1,-1,-1,-2,1,2,-1,45,34,17,-8,-12,15,-9,-2,1,-9,-1,1,0,-2,6,20,-11,4,-1,0,1,-6,-3,-4,2,3,4
-1,-1,0,-2,-1,0,-1,0,19,-10,14,-11,-7,8,-2,-2,-1,-3,8,-6,0,7,-14,25,-4,-4,-2,2,28,-6,1,-1,1,5,-2
-3,-1,1,-3,0,-1,-1,-1,-4,-3,-7,11,-7,-3,5,-7,-5,0,12,11,1,13,4,2,-9,-25,-1,11,-5,-13,-4,4,4,-1,1
0,-1,0,-1,-1,0,-2,7,-6,-2,-6,-3,-11,1,25,2,-18,-2,11,10,-9,21,-3,-27,40,1,5,87,-11,-18,-59,14,70,-25,4
1.75,1.0625,-0.4375,0.0625,0.8125,1.1875,1.5625,-2.6875,12.188,18,29.25,32.375,153.81,145,96.5,68.938,60.125,6.0625,-11.75,-1.5625,-7.875,1.9375,8.8125,3.75,4.1875,-10.188,-9,-4.375,13.438,13.625,-17.5,-22.75,-10.375,4.375,3.9375
1.75,1.0625,-0.4375,0.0625,0.8125,1.1875,1.5625,-2.6875,12.188,18,29.25,32.375,153.81,145,96.5,68.938,60.125,6.0625,-11.75,-1.5625,-7.875,1.9375,8.8125,3.75,4.1875,-10.188,-9,-4.375,13.438,13.625,-17.5,-22.75,-10.375,4.375,3.9375
1.75,1.0625,-0.4375,0.0625,0.8125,1.1875,1.5625,-2.6875,12.188,18,29.25,32.375,153.81,145,96.5,68.938,60.125,6.0625,-11.75,-1.5625,-7.875,1.9375,8.8125,3.75,4.1875,-10.188,-9,-4.375,13.438,13.625,-17.5,-22.75,-10.375,4.375,3.9375
6.3062,6.3057,6.305,6.3056,6.305,6.3046,6.3049,6.3171,6.3192,6.2749,6.2546,6.2596,6.5695,6.924,7.5083,7.8427,7.9059,7.8697,7.7693,7.7011,7.7058,7.7714,7.7856,7.684,7.6092,7.5936,7.6478,7.6761,7.7559,7.6772,7.6412,7.6962,7.7557,7.8262,7.8228
3.2588,3.259,3.2591,3.2591,3.2588,3.2593,3.2591,3.2732,3.3934,3.6414,4.0465,4.2141,5.4434,5.9453,6.3155,6.4272,6.4499,6.4147,6.3119,6.2065,6.2245,6.3573,6.5067,6.4535,6.3141,6.2301,6.3243,6.3677,6.524,6.4758,6.4359,6.481,6.5156,6.5492,6.5524
6.3021,6.3063,6.3067,6.3061,6.3068,6.3075,6.3095,6.3069,6.3063,6.4049,6.494,6.5181,6.797,7.0703,7.569,7.8426,7.8839,7.7521,7.6417,7.5677,7.6116,7.7069,7.6773,7.5411,7.4275,7.4331,7.5375,7.5775,7.6454,7.5168,7.4947,7.6231,7.7147,7.8034,7.7815
0.87549,0.87744,0.87305,0.88184,0.88818,0.92041,0.98682,0.96729,0.65186,0.23828,-0.0058594,-0.063477,-0.2168,-0.55615,-0.51074,-0.5293,-0.54102,-0.60938,-0.74707,-0.77832,-0.80029,-0.74316,-0.74316,-0.73926,-0.84033,-0.84521,-0.80566,-0.80371,-0.68164,-0.66797,-0.80029,-0.85498,-0.83301,-0.78516,-0.75342
0.32764,0.32471,0.32617,0.32422,0.33789,0.36133,0.47559,0.58984,0.85986,0.78418,0.8457,0.88232,0.75,0.63086,0.54102,0.43066,0.41357,0.55371,0.74268,0.77393,0.63965,0.5,0.5,0.57959,0.8042,0.80469,0.71924,0.67041,0.51074,0.48779,0.64111,0.70947,0.69434,0.61963,0.521
0.30859,0.30908,0.30762,0.31006,0.29492,0.25488,0.20361,0.56055,0.72998,0.7251,0.68164,0.67383,0.39648,0.23828,0.048828,-0.075684,-0.10547,-0.1499,-0.095703,-0.11377,-0.21094,-0.12939,-0.12939,-0.021484,-0.088867,-0.074707,-0.11377,-0.11133,-0.13574,-0.0087891,-0.078125,-0.091309,-0.16943,-0.18506,-0.10742
0,-2,-2,1,-2,14,-5,-7,1,-16,8,8,3,11,13,-2,-1,3,6,-9,5,18,-13,8,3,-4,3,-5,-1,0,-6,4,-2,0,-2
-2,-2,0,-2,-2,17,-1,-6,-12,2,-6,-6,-2,-5,11,-1,2,9,-1,-11,13,18,-8,11,-7,-2,-16,2,6,-6,-15,-2,-6,-7,-2
-1,-1,-1,0,-1,5,18,-19,12,9,-9,-9,12,-2,23,1,3,5,2,-4,0,15,-1,6,-9,2,-7,-2,16,-8,3,4,-1,3,-4
-3,-1,1,-1,0,2,-3,2,-12,-2,3,3,-9,-8,13,6,5,6,-3,0,-5,2,7,7,-5,6,-4,2,28,-3,-1,1,-1,1,1
-1,0,-2,-1,0,-2,-3,-11,-30,-4,1,1,-4,-5,7,0,1,11,-3,2,-1,7,9,7,6,-3,-4,4,33,0,-3,0,-3,-5,6
0,1,0,1,-1,-1,0,-2,-11,5,4,4,-4,1,5,3,2,-2,0,2,-3,3,-3,4,5,0,-4,2,3,-6,-8,-2,-1,-3,2
-1,-1,0,-2,-1,4,-6,3,6,6,-1,-1,-1,5,-5,1,5,-24,3,1,-5,3,-6,12,2,1,-1,1,-3,-3,-6,-10,-4,0,-4
0,-2,-2,-2,-1,6,-2,-4,6,3,-3,-3,-10,12,-8,22,0,-8,17,20,-21,-8,24,-1,18,-41,-8,23,12,-8,-4,-29,-12,-3,-1
1.0625,2.125,2.375,3.4375,5.0625,13.563,19.688,13.438,31.625,63.125,110.88,114.06,113,84.188,69.938,35.688,16.313,-14.75,-7,-7.0625,8.125,21,21,2.75,-8.5625,-6.4375,-4.25,1.875,8.5625,7.625,-21.938,-34.125,-12.188,3.5625,4.3125
1.0625,2.125,2.375,3.4375,5.0625,13.563,19.688,13.438,31.625,63.125,110.88,114.06,113,84.188,69.938,35.688,16.313,-14.75,-7,-7.0625,8.125,21,21,2.75,-8.5625,-6.4375,-4.25,1.875,8.5625,7.625,-21.938,-34.125,-12.188,3.5625,4.3125
1.0625,2.125,2.375,3.4375,5.0625,13.563,19.688,13.438,31.625,63.125,110.88,114.06,113,84.188,69.938,35.688,16.313,-14.75,-7,-7.0625,8.125,21,21,2.75,-8.5625,-6.4375,-4.25,1.875,8.5625,7.625,-21.938,-34.125,-12.188,3.5625,4.3125
6.2974,6.2971,6.2984,6.3004,6.305,6.3107,6.3534,6.3187,6.31,6.3585,6.5082,6.5714,7.0618,7.381,7.7208,8.0076,8.0468,7.8943,7.751,7.7396,7.8416,7.9032,7.9032,7.6963,7.6492,7.6827,7.7321,7.7665,7.8822,7.8108,7.7319,7.7373,7.8162,7.8696,7.8753
3.2428,3.2438,3.2451,3.2468,3.2503,3.2559,3.3124,3.5478,3.8706,4.4611,4.9482,5.1024,5.875,6.148,6.326,6.4516,6.4808,6.4124,6.2357,6.204,6.3691,6.5035,6.5035,6.3769,6.2026,6.2218,6.2971,6.3445,6.536,6.4691,6.3528,6.3638,6.4371,6.4728,6.4809
6.2962,6.3,6.3043,6.3069,6.3103,6.3183,6.3392,6.4071,6.5007,6.5884,6.6829,6.7204,7.0555,7.3281,7.6368,7.8814,7.9037,7.7289,7.5596,7.5664,7.7132,7.7394,7.7394,7.459,7.407,7.4661,7.5456,7.5909,7.67,7.5751,7.5166,7.5899,7.7349,7.8026,7.7791
0.87793,0.88379,0.88672,0.87842,0.91064,1.0156,1.0566,0.94531,0.5249,0.31396,-0.37207,-0.38574,-0.38623,-0.50488,-0.52832,-0.58838,-0.74707,-0.7793,-0.85449,-0.74219,-0.67432,-0.78809,-0.75977,-0.87402,-0.72607,-0.74316,-0.73438,-0.76367,-0.82861,-0.8667,-0.79395,-0.76123,-0.77979,-0.80273,-0.84131
0.31836,0.32373,0.32129,0.33203,0.34961,0.37646,0.51904,0.77344,0.82471,0.77881,0.87109,0.70801,0.63721,0.41455,0.42529,0.57959,0.72754,0.79053,0.6875,0.5957,0.56396,0.66455,0.74951,0.76904,0.61279,0.49316,0.49609,0.5625,0.67822,0.75195,0.67676,0.52832,0.51318,0.53418,0.57471
0.29053,0.29736,0.29346,0.29248,0.25439,0.10596,0.4458,0.74072,0.84326,0.87695,0.62012,0.40967,0.32715,0.025879,-0.04541,-0.092773,-0.087891,-0.11084,-0.14258,-0.19775,-0.12256,-0.014648,-0.043457,-0.074707,-0.11816,-0.13086,-0.13525,-0.035645,-0.074219,-0.083984,-0.19434,-0.13916,-0.11523,-0.097168,-0.14844
-3,-2,-2,1,1,3,0,4,11,-10,-12,9,-4,9,-2,-12,-2,9,-17,6,6,-12,-7,9,-14,10,17,8,12,-4,-9,-1,-2,6,0
-1,-3,0,-1,8,15,-4,13,-13,-11,-7,-8,-10,-1,1,-10,-8,1,-3,0,-3,-35,13,14,-17,-1,-1,1,20,5,-7,-6,5,-1,12
-1,0,-1,-1,-13,1,-38,3,27,-2,-10,-18,-5,-2,3,-3,0,-8,4,-1,-5,-1,1,-3,-2,-2,-4,2,12,-7,-8,-6,-1,-1,5
0,-3,1,-1,2,-24,-2,2,-11,1,-17,-13,0,1,5,-3,-4,-11,3,-5,-6,3,1,-1,4,0,8,-2,-8,0,-6,-3,-6,-2,3
6,-9,0,0,-3,7,3,11,-27,21,-18,-23,-4,-7,2,-3,-4,-1,-5,-4,-23,-8,5,2,0,-7,-1,-5,-5,0,0,2,-12,-6,1
0,0,1,0,-4,5,13,2,-26,-13,-3,-21,0,0,0,-2,0,-4,-3,-1,-14,-4,-1,1,-1,0,-6,-8,-3,3,2,2,-1,1,-3
0,1,-2,-1,0,-2,2,-12,-2,-13,-9,-5,4,0,0,-20,-3,-1,-6,10,-11,-1,2,-4,-13,8,-3,-12,5,0,2,7,5,2,-8
0,-2,-2,0,-4,5,9,13,-6,-13,-12,23,-52,6,14,-33,-11,-77,28,26,2,-4,-88,-11,-31,7,5,-26,15,-21,13,-4,9,12,-3
0.875,0,0.4375,-0.3125,4.8125,-5.5625,7.8125,47.875,15.75,29.5,134.88,124.94,111.31,68.313,29.438,8.1875,-3,-6.0625,-1.125,13.438,3.125,8.1875,-4.1875,-15.438,6.0625,14.875,18.063,2.375,-23.75,-27.938,-2.125,17.5,7.75,-3.5,-4.4375
0.875,0,0.4375,-0.3125,4.8125,-5.5625,7.8125,47.875,15.75,29.5,134.88,124.94,111.31,68.313,29.438,8.1875,-3,-6.0625,-1.125,13.438,3.125,8.1875,-4.1875,-15.438,6.0625,14.875,18.063,2.375,-23.75,-27.938,-2.125,17.5,7.75,-3.5,-4.4375
0.875,0,0.4375,-0.3125,4.8125,-5.5625,7.8125,47.875,15.75,29.5,134.88,124.94,111.31,68.313,29.438,8.1875,-3,-6.0625,-1.125,13.438,3.125,8.1875,-4.1875,-15.438,6.0625,14.875,18.063,2.375,-23.75,-27.938,-2.125,17.5,7.75,-3.5,-4.4375
6.3258,6.3258,6.3258,6.3266,6.3321,6.3513,6.3027,6.2765,6.2455,6.2466,6.5786,7.1593,7.2891,7.8474,7.9481,7.8492,7.7676,7.7572,7.8127,7.8684,7.7915,7.6958,7.6542,7.6814,7.806,7.8653,7.8733,7.7279,7.7002,7.7204,7.8512,7.9287,7.9061,7.8832,7.8854
3.23,3.23,3.23,3.2309,3.2328,3.2548,3.4474,3.6317,4.0513,4.2218,5.3973,6.0811,6.1637,6.4129,6.465,6.3731,6.2302,6.1755,6.2692,6.3756,6.4688,6.319,6.1833,6.2363,6.4596,6.5476,6.5725,6.4244,6.3202,6.3258,6.4467,6.5136,6.5091,6.5063,6.5178
6.3113,6.3113,6.3113,6.3109,6.3092,6.2952,6.3429,6.4337,6.5384,6.5671,6.8264,7.2446,7.3518,7.8025,7.8489,7.6981,7.5907,7.5881,7.6824,7.7432,7.591,7.446,7.3948,7.4848,7.6508,7.7073,7.7044,7.511,7.5084,7.5971,7.8124,7.8693,7.8243,7.798,7.8104
0.39355,0.16455,-0.24805,-0.37842,-0.45117,-0.68604,-0.66797,-0.67334,-0.65723,-0.65527,-0.76025,-0.82129,-0.78955,-0.69189,-0.69629,-0.81055,-0.81592,-0.86426,-0.83398,-0.75293,-0.70508,-0.78857,-0.8916,-0.93115,-0.93115,-0.75,-0.79102,-0.86963,-0.85205,-0.82813,-0.82617,-0.7959,-0.63818,-0.59863,-0.52295
0.86865,0.80176,0.81738,0.81543,0.68115,0.64404,0.63574,0.56494,0.5,0.62891,0.64502,0.71387,0.57422,0.50342,0.49072,0.59717,0.75537,0.72803,0.62354,0.47559,0.45996,0.57373,0.66162,0.69189,0.69189,0.49023,0.48633,0.54199,0.57666,0.55615,0.52344,0.50684,0.51318,0.50977,0.50195
0.66699,0.67236,0.56689,0.46436,0.30859,0.10596,-0.016113,-0.058105,-0.084473,-0.11816,-0.11377,-0.13086,-0.19824,-0.17041,-0.13428,-0.075684,-0.084961,-0.12939,-0.15967,-0.10596,-0.051758,-0.0048828,0.01123,-0.14551,-0.14551,-0.099609,-0.05957,-0.12988,-0.10889,-0.11035,-0.088379,-0.085938,-0.03418,0.083496,0.12256
-3,-7,7,2,1,6,3,-5,-5,-4,-10,-3,-2,11,13,3,12,-7,-10,8,13,-11,5,1,1,2,1,1,4,6,4,-1,0,-7,-1
-12,-19,1,-14,2,-7,18,-6,-9,-5,-9,-8,-7,2,1,7,10,6,-7,-1,9,-6,20,-2,-2,-3,-1,-1,20,-4,10,-2,-1,-5,2
-17,-19,3,-6,-8,-13,12,-3,-10,2,-10,-7,1,1,5,-7,-14,-3,1,-1,7,-4,14,3,3,-7,2,-2,8,1,5,1,-3,-2,-1
10,-37,-1,12,26,-18,5,0,-3,2,-3,-2,1,-1,3,-9,-18,2,0,-7,2,9,4,8,8,-9,1,0,10,2,0,2,-10,-3,-2
-4,-12,11,23,11,-7,-5,-4,-5,8,2,2,4,-4,12,-4,-9,-2,5,-6,9,3,6,-7,-7,-4,-3,-3,2,0,-2,4,-4,-1,-4
-12,-2,0,3,-1,-3,0,-1,-2,9,2,2,5,4,-3,2,-11,0,2,6,9,1,3,4,4,0,-2,-3,1,-5,0,0,0,0,2
-2,3,-3,2,-7,-5,3,-7,3,-4,4,1,0,4,-9,0,-9,5,2,11,-9,-33,-1,2,2,-6,8,-14,6,-9,1,0,1,-2,1
-7,1,4,-1,2,5,-16,-58,-3,9,-1,0,3,6,-14,3,-15,42,47,17,-6,-11,-11,4,4,-9,5,5,-2,6,-4,2,2,-1,0
42.375,41.313,78.75,86.125,71.125,41.313,38.375,35.063,36.438,15.5,-4.25,-0.6875,22.5,24.563,1.875,-7.8125,-11.625,-6.75,8.375,32.688,-5.3125,-8.8125,-25.625,-29.75,-29.75,13.5,0.875,-6.25,-1.625,1.9375,0.875,1.6875,-8.0625,-24.875,-28.5
42.375,41.313,78.75,86.125,71.125,41.313,38.375,35.063,36.438,15.5,-4.25,-0.6875,22.5,24.563,1.875,-7.8125,-11.625,-6.75,8.375,32.688,-5.3125,-8.8125,-25.625,-29.75,-29.75,13.5,0.875,-6.25,-1.625,1.9375,0.875,1.6875,-8.0625,-24.875,-28.5
42.375,41.313,78.75,86.125,71.125,41.313,38.375,35.063,36.438,15.5,-4.25,-0.6875,22.5,24.563,1.875,-7.8125,-11.625,-6.75,8.375,32.688,-5.3125,-8.8125,-25.625,-29.75,-29.75,13.5,0.875,-6.25,-1.625,1.9375,0.875,1.6875,-8.0625,-24.875,-28.5
6.4681,6.5042,6.6964,6.8924,7.1217,7.4632,7.6928,7.8222,7.9215,7.8942,7.8492,7.871,7.9598,8.0141,7.8917,7.7684,7.7143,7.7506,7.8173,7.8893,7.714,7.6384,7.6273,7.6999,7.6999,7.8618,7.8372,7.8233,7.8123,7.8091,7.8052,7.7925,7.6938,7.5238,7.4487
4.4035,4.6441,5.3167,5.6897,5.9805,6.2226,6.3323,6.409,6.4888,6.4566,6.2901,6.2643,6.4123,6.5559,6.532,6.3811,6.2574,6.3361,6.4481,6.6108,6.5861,6.4553,6.382,6.436,6.436,6.5661,6.5589,6.5706,6.5816,6.5836,6.5779,6.5773,6.5473,6.4819,6.4458
6.5264,6.5564,6.7186,6.8712,7.0972,7.4622,7.6961,7.8178,7.8965,7.8189,7.7601,7.7998,7.89,7.8989,7.7253,7.578,7.5344,7.6279,7.709,7.7423,7.5123,7.4208,7.4651,7.6294,7.6294,7.7948,7.7556,7.7541,7.7466,7.7422,7.7314,7.7164,7.616,7.4524,7.3811
0.05957,-0.068359,-0.082031,-0.44727,-0.56885,-0.57764,-0.55322,-0.56201,-0.58154,-0.69629,-0.76465,-0.7793,-0.73047,-0.65479,-0.72705,-0.83154,-0.85205,-0.75244,-0.78271,-0.68652,-0.82227,-0.79346,-0.81104,-0.75879,-0.74072,-0.62549,-0.84424,-0.87891,-0.85205,-0.78564,-0.77051,-0.82764,-0.80322,-0.79297,-0.75146
0.76172,0.86182,0.86865,0.84863,0.70215,0.63867,0.54541,0.51709,0.59863,0.7251,0.74316,0.64063,0.59961,0.53857,0.56348,0.71777,0.75439,0.5874,0.52148,0.53516,0.62451,0.69482,0.70166,0.61914,0.52783,0.52686,0.55322,0.67188,0.64844,0.56641,0.51904,0.53125,0.54297,0.5708,0.54492
0.65771,0.62256,0.57031,0.26025,0.18066,0.038574,-0.066406,-0.09375,-0.1748,-0.15674,-0.17969,-0.27881,-0.28857,-0.12646,-0.16016,-0.15186,-0.15625,-0.21973,-0.15869,-0.10938,-0.081055,-0.11475,-0.19434,-0.18311,-0.23633,-0.097656,-0.078613,-0.14941,-0.21582,-0.1958,-0.17676,-0.18066,-0.17822,-0.16797,-0.12842
-10,2,-3,0,3,1,3,-8,3,6,2,-20,1,12,0,-1,11,-4,-28,11,4,4,12,10,-7,2,-7,-16,10,0,1,6,0,0,4
0,-1,-8,6,-13,0,-2,1,-5,13,15,0,-3,-3,2,-2,-3,4,4,9,-6,11,13,-7,-3,6,7,-18,3,11,0,6,4,-6,-9
-4,8,-15,0,-11,-1,-4,-4,-2,10,0,-3,1,-6,-3,10,-3,0,5,8,-1,3,10,2,7,-2,9,-14,-5,0,-4,2,9,0,-7
-7,0,-6,-1,-5,1,-2,-2,-3,11,0,0,-1,-11,-3,9,-5,1,-4,10,5,-8,11,2,6,-9,9,-14,0,-10,-4,3,10,6,-4
-12,-7,0,2,4,4,-1,7,-17,1,2,-5,1,-20,2,9,0,0,4,9,3,1,2,-3,-10,-2,7,-12,0,-2,-3,0,21,-2,-8
-4,-15,-10,3,1,1,-4,8,-8,1,2,6,1,28,0,1,3,-2,-1,21,-11,8,5,0,14,-1,1,-5,-3,2,-2,0,3,0,-1
-4,-12,-7,8,-1,2,-8,6,-17,-1,1,-6,5,11,1,4,4,-2,-2,6,-2,9,-14,-3,6,-3,-13,3,4,-12,-2,4,-13,1,-2
-4,-2,-1,43,5,9,10,3,5,17,-43,29,16,-43,4,1,5,-12,-10,26,-18,40,40,1,-2,-10,-21,-35,-39,-11,-10,4,-2,-1,-3
77.938,89.5,101.19,94.5,74.125,58.625,37.313,25.313,-7.6875,-1.8125,-3.75,12.063,26.188,12,-1.25,-17.188,-7.875,14.75,21.313,16.438,4.1875,-13.5,-9.25,-6.5,7.5,21.813,-17.813,-27.375,-11.188,2.375,6,0,-4.4375,-0.5625,-3.6875
77.938,89.5,101.19,94.5,74.125,58.625,37.313,25.313,-7.6875,-1.8125,-3.75,12.063,26.188,12,-1.25,-17.188,-7.875,14.75,21.313,16.438,4.1875,-13.5,-9.25,-6.5,7.5,21.813,-17.813,-27.375,-11.188,2.375,6,0,-4.4375,-0.5625,-3.6875
77.938,89.5,101.19,94.5,74.125,58.625,37.313,25.313,-7.6875,-1.8125,-3.75,12.063,26.188,12,-1.25,-17.188,-7.875,14.75,21.313,16.438,4.1875,-13.5,-9.25,-6.5,7.5,21.813,-17.813,-27.375,-11.188,2.375,6,0,-4.4375,-0.5625,-3.6875
6.4583,6.5418,6.763,6.9836,7.4177,7.68,7.9272,7.9646,7.9942,7.9205,7.9243,8.0063,8.04,8.0217,7.8979,7.8188,7.8459,7.9546,7.9899,7.877,7.8204,7.8093,7.872,7.934,7.9766,7.9124,7.8192,7.8541,7.9427,8.0198,8.0376,8.0213,8.0019,7.9772,7.9268
4.6159,4.8894,5.4003,5.7162,6.091,6.2369,6.3511,6.3652,6.3287,6.1741,6.1558,6.2984,6.3581,6.5109,6.4097,6.2283,6.2308,6.4222,6.5012,6.4411,6.3264,6.2462,6.3329,6.4197,6.5395,6.52,6.4516,6.4606,6.4886,6.504,6.5031,6.5075,6.5129,6.5145,6.5086
6.5846,6.6496,6.8182,6.9912,7.3847,7.6298,7.8405,7.8737,7.8924,7.8031,7.8353,7.9421,7.9675,7.8585,7.7129,7.6234,7.6838,7.8185,7.8319,7.6514,7.5647,7.5758,7.7172,7.8081,7.844,7.7353,7.6414,7.7332,7.8798,7.9786,7.9822,7.9609,7.944,7.9169,7.866
0.87646,0.86572,0.86084,0.8667,0.87451,0.93408,0.979,0.854,0.604,0.35059,-0.24902,-0.42725,-0.42432,-0.4624,-0.54834,-0.70459,-0.67383,-0.75586,-0.771,-0.80029,-0.72217,-0.63867,-0.66211,-0.72168,-0.85742,-0.85352,-0.71484,-0.65234,-0.78711,-0.8335,-0.86182,-0.74121,-0.80225,-0.7334,-0.85596
0.3457,0.34424,0.33984,0.35645,0.35254,0.46875,0.57764,0.77588,0.90088,0.97949,0.83105,0.82813,0.61914,0.49609,0.42285,0.4917,0.61475,0.66016,0.76172,0.66064,0.56738,0.47266,0.52051,0.7832,0.90576,0.729,0.52686,0.52393,0.62305,0.71143,0.71289,0.62207,0.58545,0.51514,0.56592
0.3291,0.32617,0.32178,0.31934,0.29736,0.2373,0.39844,0.59424,0.74854,0.7627,0.65869,0.50146,0.32373,0.081543,-0.045898,-0.089844,-0.089844,-0.081055,-0.13477,-0.19092,-0.18457,-0.079102,-0.026367,0.035156,0.038086,-0.15723,-0.14648,-0.10303,0.0078125,-0.04248,-0.1333,-0.20605,-0.19531,-0.07373,-0.074707
-2,0,0,5,-1,-5,3,0,-21,-23,1,-7,21,1,6,1,-3,4,3,1,8,3,2,-8,-3,-10,-17,0,-5,-1,6,-7,-3,10,-2
-1,-2,-1,-1,-3,-13,-16,2,-17,3,15,-19,-7,-9,-10,2,6,1,-14,-1,6,2,13,-13,4,8,-4,-3,-5,5,-1,-17,12,8,2
-2,-1,0,-2,-8,-8,-58,36,-52,4,-12,-30,-7,-3,-8,3,3,-4,-9,-1,3,4,0,-15,7,1,-1,-8,4,3,2,-21,14,0,1
1,-2,-1,0,-7,-18,-7,-3,9,5,-3,-16,6,1,-4,-2,-4,2,-1,0,0,1,-4,-13,8,1,-9,-12,-3,5,-4,-14,3,0,-2
0,0,-1,-2,-2,-2,-20,-17,-2,-2,-19,-34,-12,-3,-3,-1,-5,1,2,-2,-8,1,5,-5,3,-6,-2,-5,-8,4,6,-9,15,0,3
0,-1,-1,-1,-2,1,-7,-10,-19,7,-1,-11,-10,0,-1,3,-3,1,3,-3,0,8,-7,-6,-1,-1,-3,-10,-2,3,7,-2,1,5,1
-1,-1,-1,-3,-2,1,-9,11,1,-1,5,-5,-2,4,-8,-5,4,-3,-2,0,-3,-4,-1,-4,-1,-1,-4,6,-4,1,12,-1,-2,11,-4
-1,0,1,-33,6,6,-7,11,2,2,-3,-20,-8,-2,14,-12,2,-16,36,-11,8,-1,14,10,-3,15,-9,8,-11,-25,24,18,-12,13,-12
0.625,-0.4375,0.25,-1.5625,-2.4375,-10.688,17.375,59.875,53,36.875,119.25,130.75,105,76.375,51.563,17.438,-2.0625,-6.875,-16.625,3.4375,30.938,10.375,-7.4375,-21,-29.125,-1.375,23.938,28.875,4.3125,-15.75,-27.313,2.3125,12.063,10.125,-19.5
0.625,-0.4375,0.25,-1.5625,-2.4375,-10.688,17.375,59.875,53,36.875,119.25,130.75,105,76.375,51.563,17.438,-2.0625,-6.875,-16.625,3.4375,30.938,10.375,-7.4375,-21,-29.125,-1.375,23.938,28.875,4.3125,-15.75,-27.313,2.3125,12.063,10.125,-19.5
0.625,-0.4375,0.25,-1.5625,-2.4375,-10.688,17.375,59.875,53,36.875,119.25,130.75,105,76.375,51.563,17.438,-2.0625,-6.875,-16.625,3.4375,30.938,10.375,-7.4375,-21,-29.125,-1.375,23.938,28.875,4.3125,-15.75,-27.313,2.3125,12.063,10.125,-19.5
6.3059,6.3054,6.3054,6.3069,6.309,6.3263,6.3419,6.357,6.3904,6.4139,6.6017,6.8744,7.3408,7.6997,7.9441,7.9766,7.8668,7.8072,7.7887,7.8601,7.9114,7.8171,7.7104,7.5649,7.5479,7.6676,7.7848,7.7931,7.6676,7.6524,7.7211,7.843,7.8668,7.8092,7.7579
3.2983,3.2985,3.2982,3.2991,3.3033,3.3424,3.4983,3.7173,4.0445,4.336,5.25,5.7485,6.1956,6.3649,6.4525,6.4774,6.3818,6.2876,6.2065,6.3404,6.479,6.4869,6.3877,6.1541,6.154,6.3742,6.5183,6.5377,6.3535,6.2792,6.3816,6.5048,6.5294,6.5299,6.4983
6.3718,6.3719,6.3719,6.3694,6.3641,6.3379,6.3428,6.4406,6.5452,6.5946,6.795,6.9898,7.358,7.6701,7.862,7.8292,7.6866,7.6194,7.6442,7.7638,7.7719,7.5995,7.4673,7.3068,7.358,7.5836,7.7006,7.6703,7.4749,7.4732,7.6389,7.7994,7.8187,7.7044,7.6742
0.86621,0.86377,0.86133,0.86621,0.86182,0.86621,0.90479,0.95557,1.063,0.98389,0.74121,0.20557,-0.22461,-0.40674,-0.47021,-0.36865,-0.51904,-0.58789,-0.74512,-0.81152,-0.66553,-0.65186,-0.80615,-0.83838,-0.8457,-0.77979,-0.71729,-0.77197,-0.81055,-0.83887,-0.7832,-0.65918,-0.7207,-0.84033,-0.87402
0.35205,0.34082,0.34424,0.3418,0.34033,0.34863,0.35645,0.42529,0.49707,0.64307,0.89648,0.81689,0.88281,0.70996,0.57715,0.43408,0.48242,0.64014,0.67822,0.66504,0.50244,0.53125,0.5957,0.70996,0.70654,0.56396,0.58203,0.604,0.65088,0.71191,0.61279,0.5249,0.5,0.54932,0.57324
0.31396,0.32227,0.32422,0.32373,0.31934,0.31934,0.29297,0.20459,0.26221,0.53467,0.80127,0.87012,0.76172,0.44531,0.28174,0.052734,0.0014648,-0.040527,-0.07959,-0.20703,-0.16016,-0.1123,-0.10059,-0.13037,-0.16943,-0.20801,-0.1377,0.018066,-0.041016,-0.12207,-0.23389,-0.11816,-0.096191,-0.13574,-0.19238
0,-1,-1,1,0,-1,3,2,0,0,1,5,-7,0,-30,-29,8,0,3,-2,1,-1,1,-9,4,-3,-11,3,-14,-12,0,-3,-4,7,-6
0,-2,1,0,1,0,-1,19,4,26,-2,29,9,-10,-8,-6,6,0,3,4,3,-8,31,-27,0,-23,6,-20,-24,-25,2,-6,4,24,-12
-1,-1,0,-2,-2,-1,5,47,34,19,14,64,21,-13,-4,-2,4,5,21,-1,1,-8,-12,1,-1,-2,8,-9,-7,-12,-8,-3,0,8,-8
-1,-1,-2,-1,-1,-2,-1,12,0,17,9,46,15,-11,-2,-4,14,-3,16,3,3,0,-15,4,1,3,12,-5,3,-5,-6,-11,-4,9,2
0,0,-2,-1,-2,0,1,12,-18,-1,11,41,6,-3,-3,8,-5,-11,8,-1,1,11,-27,10,-1,2,15,21,0,1,-4,-4,4,3,-6
-2,-3,-1,-1,-1,0,1,6,-32,19,2,26,12,-3,0,11,-25,0,3,-1,-1,-22,-18,0,-3,-3,-4,7,-12,-2,1,-4,-1,0,-4
0,1,-2,-1,0,-1,1,8,3,-1,3,0,5,0,-7,8,-8,-3,14,-3,-4,-7,-12,-3,1,-2,-9,9,-2,-2,4,3,-2,2,-4
0,-2,-2,0,0,-3,0,14,-3,5,3,3,1,15,-14,-6,66,-5,-41,10,1,-23,3,-28,-33,22,-63,-26,16,13,2,-3,-3,8,-7
-0.625,0.3125,-0.125,0.5,-0.0625,0.8125,2.0625,-4.5625,-19.438,39.75,42.688,29.25,119.94,135.13,126.13,85.25,26.563,34.125,2.125,5.1875,19.938,0.1875,-4.125,-19.563,-15.875,13.25,2.5625,11,-11.063,-23.5,8.125,16.875,-1.9375,-14.375,-11.313
-0.625,0.3125,-0.125,0.5,-0.0625,0.8125,2.0625,-4.5625,-19.438,39.75,42.688,29.25,119.94,135.13,126.13,85.25,26.563,34.125,2.125,5.1875,19.938,0.1875,-4.125,-19.563,-15.875,13.25,2.5625,11,-11.063,-23.5,8.125,16.875,-1.9375,-14.375,-11.313
-0.625,0.3125,-0.125,0.5,-0.0625,0.8125,2.0625,-4.5625,-19.438,39.75,42.688,29.25,119.94,135.13,126.13,85.25,26.563,34.125,2.125,5.1875,19.938,0.1875,-4.125,-19.563,-15.875,13.25,2.5625,11,-11.063,-23.5,8.125,16.875,-1.9375,-14.375,-11.313
6.3227,6.3227,6.3229,6.3229,6.3223,6.3219,6.3235,6.3276,6.3276,6.2934,6.2861,6.285,6.4025,7.0409,7.3353,7.8079,7.8379,7.8028,7.782,7.9074,8.0194,7.9286,7.8014,7.753,7.8198,7.9071,7.8126,7.7288,7.7125,7.7739,7.9319,7.9511,7.9175,7.9101,7.9442
3.2959,3.2957,3.2957,3.2957,3.2957,3.2956,3.2971,3.312,3.3929,3.5809,3.9078,4.3742,4.9565,5.97,6.1798,6.3873,6.3888,6.2869,6.189,6.2977,6.4874,6.5083,6.3931,6.2535,6.3093,6.4601,6.4887,6.3645,6.2927,6.3372,6.484,6.5329,6.5259,6.5263,6.5412
6.3877,6.3877,6.3884,6.3884,6.389,6.3891,6.39,6.3875,6.3634,6.4469,6.558,6.6499,6.7782,7.2569,7.5056,7.8432,7.7987,7.6853,7.643,7.8289,7.9121,7.7859,7.6431,7.6024,7.749,7.8527,7.7113,7.5758,7.5689,7.7133,7.9342,7.9249,7.8767,7.9012,7.9701
0.87549,0.86914,0.87158,0.87305,0.88477,0.92383,0.98633,0.9834,0.8667,0.52393,0.10547,-0.26611,-0.22119,-0.17529,-0.45313,-0.43896,-0.58252,-0.65918,-0.74121,-0.79688,-0.71777,-0.60498,-0.75342,-0.78223,-0.77686,-0.78027,-0.66504,-0.67188,-0.76904,-0.81689,-0.77979,-0.68359,-0.71436,-0.81348,-0.83057
0.32422,0.33496,0.33301,0.33301,0.33398,0.37256,0.42529,0.50781,0.72607,0.81299,0.83984,0.89697,0.88037,0.76025,0.52979,0.43213,0.45996,0.68945,0.75928,0.66162,0.55664,0.50391,0.6084,0.7251,0.74512,0.59131,0.55518,0.56494,0.66992,0.76758,0.61914,0.51953,0.53564,0.53711,0.64111
0.30762,0.31592,0.30322,0.31006,0.29395,0.25684,0.20654,0.37891,0.64551,0.74561,0.75,0.65332,0.48926,0.36084,0.10791,-0.036133,-0.10156,-0.15967,-0.1499,-0.26709,-0.28223,-0.20068,-0.12842,-0.22656,-0.15869,-0.25537,-0.18457,-0.16943,-0.12598,-0.18701,-0.24072,-0.20117,-0.17822,-0.11621,-0.18115
-2,-1,0,2,0,-7,7,6,-8,21,3,-2,2,9,-4,-15,-8,-5,13,1,-10,-3,7,0,8,-1,-25,3,-2,-5,10,-9,1,-4,8
-3,0,-1,-2,3,-17,-9,40,-12,7,-2,-14,-6,-6,-2,6,1,-15,-12,-9,-2,-8,1,-12,6,1,3,1,-1,-12,11,-8,1,-17,6
-1,-2,0,0,0,-7,4,42,0,-17,-21,3,-4,-5,-2,2,2,-6,-4,-2,-1,-5,-7,5,-2,1,-2,8,-5,-8,5,-10,1,-11,3
-1,-1,-2,-1,1,-14,4,13,-7,6,-7,5,-14,-4,2,0,15,-7,-4,0,-2,-7,-1,5,0,-7,4,-5,-7,-9,-1,-8,3,-5,4
-1,-2,-1,0,-1,-3,-3,20,-15,15,2,-10,2,0,-3,-1,6,4,1,-6,4,-5,-22,0,3,-4,10,-17,-4,-14,3,-20,-2,-6,-5
0,0,-1,-1,-2,-1,-7,0,-8,21,5,-16,5,-1,-1,-1,0,9,1,-8,5,-13,-26,3,-3,3,-5,-5,-5,-3,0,-13,-2,-1,2
1,0,1,0,0,-2,0,-6,-8,-2,-2,-4,12,0,-2,2,4,-4,-13,0,2,-5,2,4,0,-3,-5,-7,5,2,3,2,-7,7,-2
-1,-2,-1,-1,2,-5,-3,3,-1,6,-3,-5,3,-4,-2,10,5,-12,-31,24,-14,23,-14,-10,20,-8,-30,-5,-25,-14,10,-14,-5,27,12
0.125,0.25,1,2,5.0625,10.5,-0.125,11.188,31.25,46.625,64.375,131.56,143.94,138.44,103.19,73,24.063,9.0625,-2.625,8.3125,28.25,19.563,-2.75,-18.5,-6.1875,14.375,9,-4.5625,-1.75,-13.063,5.375,20.813,9.125,-13.688,-18.75
0.125,0.25,1,2,5.0625,10.5,-0.125,11.188,31.25,46.625,64.375,131.56,143.94,138.44,103.19,73,24.063,9.0625,-2.625,8.3125,28.25,19.563,-2.75,-18.5,-6.1875,14.375,9,-4.5625,-1.75,-13.063,5.375,20.813,9.125,-13.688,-18.75
0.125,0.25,1,2,5.0625,10.5,-0.125,11.188,31.25,46.625,64.375,131.56,143.94,138.44,103.19,73,24.063,9.0625,-2.625,8.3125,28.25,19.563,-2.75,-18.5,-6.1875,14.375,9,-4.5625,-1.75,-13.063,5.375,20.813,9.125,-13.688,-18.75
6.3017,6.3012,6.3026,6.3034,6.3053,6.3135,6.3247,6.3126,6.298,6.3102,6.374,6.6072,6.9055,7.159,7.7205,8.0121,8.0729,7.9467,7.9147,8.0322,8.1232,8.1361,7.9585,7.9153,7.9437,8.0234,8.0186,7.957,7.8577,7.8937,8.0047,8.083,8.0125,7.9464,7.9408
3.2648,3.2649,3.2652,3.2654,3.2676,3.2781,3.3232,3.4356,3.7274,4.0688,4.5145,5.2145,5.6839,5.9305,6.2111,6.3079,6.358,6.2304,6.1569,6.258,6.3564,6.4478,6.2976,6.1858,6.2236,6.3642,6.4447,6.4171,6.2425,6.2108,6.3435,6.468,6.4812,6.4216,6.4002
6.4149,6.4155,6.4151,6.4171,6.4215,6.4333,6.4359,6.4677,6.5785,6.6564,6.7269,6.8942,7.1128,7.3278,7.815,8.0374,8.0389,7.8449,7.8109,7.9882,8.0761,8.0385,7.8138,7.793,7.8529,7.9539,7.916,7.8401,7.7006,7.805,7.9603,8.0184,7.9085,7.836,7.8695
0.86377,0.85938,0.8667,0.86328,0.8667,0.86621,0.86328,0.86426,0.90967,1.0044,1.0649,1.0288,0.31689,-0.25684,-0.36279,-0.35352,-0.32764,-0.37744,-0.67236,-0.74805,-0.83301,-0.71484,-0.67236,-0.73633,-0.86816,-0.8584,-0.79443,-0.75195,-0.74561,-0.81152,-0.85059,-0.84082,-0.86084,-0.73779,-0.80029
0.34717,0.35254,0.354,0.34668,0.35059,0.3418,0.34961,0.34668,0.35596,0.44141,0.55566,0.70508,0.89063,0.87793,0.9082,0.57813,0.35889,0.37207,0.66357,0.73291,0.69092,0.53027,0.48633,0.56689,0.65234,0.69385,0.604,0.55078,0.57568,0.71533,0.729,0.62891,0.51221,0.47559,0.50342
0.32715,0.31641,0.32764,0.32031,0.32617,0.33105,0.32275,0.32617,0.27148,0.20459,0.33984,0.55615,0.82861,0.82129,0.6499,0.37256,0.20068,0.10254,-0.025391,-0.15381,-0.25684,-0.24756,-0.20264,-0.12842,-0.13281,-0.16602,-0.21777,-0.18555,-0.12061,-0.093262,-0.073242,-0.1543,-0.19531,-0.12354,-0.11035
0,-1,-1,1,-1,-4,-1,-1,-1,0,-16,-2,12,14,11,-24,-4,-22,-6,-4,-3,4,22,-10,-6,11,-1,5,-2,-5,-1,4,-4,0,6
0,-2,-1,-1,-1,0,1,-1,-4,9,10,17,4,15,-3,-2,-4,-5,4,-9,-3,10,-7,-12,-22,11,-3,2,-6,-11,-3,6,-9,6,6
0,-2,0,-1,0,-1,1,-2,-10,24,110,59,19,-9,20,-6,-2,3,7,-8,0,9,-6,-4,-15,-4,-3,4,-8,-4,-1,3,-9,1,-10
-1,-1,2,-1,0,0,-1,-1,-8,10,-50,5,27,-3,12,6,-3,4,4,4,4,4,-3,-11,-28,4,1,-7,-6,2,-4,-6,-12,-2,-3
-1,0,2,-2,0,-1,-2,0,-5,5,-7,-3,27,-14,5,5,-6,-5,6,-2,11,2,-14,-1,-5,0,-3,3,-5,1,-10,-4,-8,-2,4
1,0,-1,-1,-2,0,-1,-1,-2,0,4,29,-3,-4,-7,9,-13,-7,2,-13,5,-1,-3,-4,-6,3,-4,-1,17,0,-4,1,-5,0,3
-1,-3,-1,-1,-2,0,-1,-1,-3,13,3,9,2,1,-8,-1,-2,1,-2,-4,6,0,-5,4,1,3,-2,-1,12,8,-6,9,5,-7,5
-2,0,-2,-2,-1,-2,1,1,-4,4,0,1,-1,-1,6,60,-10,-28,-7,-1,54,8,5,-14,-9,68,5,2,-52,-11,-25,-5,-12,4,1
0.125,-0.75,-0.6875,-0.625,-0.1875,0.375,-1,0.5625,2.9375,-15.688,12.75,43.5,17.188,128.94,162.25,165.69,104.81,51.313,13.25,-0.25,8.625,40.875,40.25,-11.563,-18.063,-16,-3.3125,11.125,14.5,-2.25,-3.875,-8.6875,14.688,17.375,-3.1875
0.125,-0.75,-0.6875,-0.625,-0.1875,0.375,-1,0.5625,2.9375,-15.688,12.75,43.5,17.188,128.94,162.25,165.69,104.81,51.313,13.25,-0.25,8.625,40.875,40.25,-11.563,-18.063,-16,-3.3125,11.125,14.5,-2.25,-3.875,-8.6875,14.688,17.375,-3.1875
0.125,-0.75,-0.6875,-0.625,-0.1875,0.375,-1,0.5625,2.9375,-15.688,12.75,43.5,17.188,128.94,162.25,165.69,104.81,51.313,13.25,-0.25,8.625,40.875,40.25,-11.563,-18.063,-16,-3.3125,11.125,14.5,-2.25,-3.875,-8.6875,14.688,17.375,-3.1875
6.3163,6.3154,6.3137,6.3137,6.3133,6.3133,6.3128,6.3128,6.3135,6.317,6.3104,6.2861,6.2741,6.376,6.5593,7.3105,7.7484,7.8495,7.813,7.8298,7.9668,8.1019,8.1089,7.9129,7.8251,7.8513,7.9289,7.9686,7.7843,7.7152,7.7526,7.8623,8.0102,8.0154,7.9574
3.3029,3.3014,3.3,3.3,3.3003,3.3001,3.3006,3.3003,3.3037,3.337,3.4467,3.5838,4.225,4.847,5.3014,6.1727,6.3783,6.4121,6.2733,6.2206,6.3068,6.4402,6.4769,6.466,6.3122,6.3108,6.4364,6.526,6.4637,6.2851,6.2962,6.4139,6.5343,6.5783,6.5549
6.4512,6.4517,6.4535,6.4535,6.4536,6.4537,6.4537,6.4542,6.4571,6.4491,6.4718,6.5567,6.7467,6.8787,7.0075,7.5586,7.8768,7.9281,7.8184,7.8453,8.0297,8.123,8.1032,7.8525,7.7513,7.8232,7.9482,7.9832,7.7431,7.637,7.6997,7.873,8.0381,7.9958,7.9285
0.86084,0.86768,0.86279,0.88965,0.90137,0.92578,1.0161,0.66992,0.28662,-0.16309,-0.44727,-0.39551,-0.31836,-0.50977,-0.62256,-0.66553,-0.82568,-0.78906,-0.65918,-0.72363,-0.8042,-0.85986,-0.77539,-0.6333,-0.7085,-0.81543,-0.82959,-0.77344,-0.66846,-0.7417,-0.80273,-0.8418,-0.8584,-0.8208,-0.75732
0.34766,0.34277,0.34961,0.35645,0.36035,0.38135,0.64014,0.93018,0.89209,0.8999,0.89258,0.56055,0.40479,0.39795,0.64404,0.73486,0.67773,0.57422,0.5542,0.61279,0.69824,0.69775,0.56592,0.53418,0.54932,0.73047,0.80859,0.6001,0.51709,0.49219,0.58643,0.64893,0.66016,0.55322,0.50342
0.31934,0.32568,0.32715,0.31445,0.29492,0.25879,0.36426,0.84717,0.81885,0.80957,0.55029,0.28369,0.079102,-0.032227,-0.16455,-0.1123,-0.20557,-0.23779,-0.13135,-0.10547,-0.087891,-0.14648,-0.22949,-0.047852,-0.10059,-0.041504,-0.10254,-0.18213,-0.11279,-0.12646,-0.062988,-0.095215,-0.1875,-0.1875,-0.14502
-1,-1,-1,-1,2,3,-5,-14,-12,-21,15,-15,-1,-18,-2,-1,0,6,6,1,11,-2,26,-6,5,0,6,9,-20,-3,-4,-1,2,2,2
1,0,-1,0,-2,11,14,-6,-7,-20,0,-22,3,2,0,-18,2,2,-7,5,16,-15,17,-1,13,-15,21,3,-7,2,-14,-18,3,3,-3
-1,1,0,1,-4,13,67,-20,-6,-44,-4,-26,5,-1,-5,-11,-3,-1,-5,-9,-12,-2,5,0,26,-5,9,3,-8,-3,-5,-8,-1,8,-3
-2,-1,-1,-5,-2,11,-25,1,7,-28,10,-6,1,-4,5,1,-3,1,-5,-6,-4,2,1,4,15,3,2,4,-12,-7,-7,-1,8,8,1
0,-2,0,-3,-4,6,-1,9,18,-32,-4,-7,-8,-10,-17,1,-4,3,-5,-13,-4,10,1,0,25,5,10,-8,11,-3,1,-1,6,4,4
-1,-2,-1,0,-1,2,-7,-2,-21,-24,10,-5,-2,2,-4,18,-5,2,-12,-1,-3,6,1,2,17,10,6,3,24,-5,0,1,5,1,2
-1,-2,-1,1,2,-1,-29,-6,-12,-3,-1,-3,-8,-3,10,8,-4,3,-6,-1,3,1,5,1,3,-1,-2,-2,5,-12,-1,6,-3,-1,4
0,1,0,-1,1,-1,-12,-13,-1,-6,-4,20,12,-11,-28,6,-53,23,11,-13,8,-2,-3,2,6,2,19,-36,14,-11,-45,-10,9,8,3
0.875,0.75,-0.1875,1.3125,4.125,1.8125,33.125,30.875,51.188,84.188,155.69,122.69,76.5,45.438,14.438,15.188,-0.3125,25.813,16.563,-1.6875,-9.75,-14.813,21.375,-3.375,-17.75,2.1875,-7.375,8.75,17.188,3.25,-11.75,-22.625,-17.938,15.688,6.5625
0.875,0.75,-0.1875,1.3125,4.125,1.8125,33.125,30.875,51.188,84.188,155.69,122.69,76.5,45.438,14.438,15.188,-0.3125,25.813,16.563,-1.6875,-9.75,-14.813,21.375,-3.375,-17.75,2.1875,-7.375,8.75,17.188,3.25,-11.75,-22.625,-17.938,15.688,6.5625
0.875,0.75,-0.1875,1.3125,4.125,1.8125,33.125,30.875,51.188,84.188,155.69,122.69,76.5,45.438,14.438,15.188,-0.3125,25.813,16.563,-1.6875,-9.75,-14.813,21.375,-3.375,-17.75,2.1875,-7.375,8.75,17.188,3.25,-11.75,-22.625,-17.938,15.688,6.5625
6.307,6.3065,6.3066,6.308,6.3075,6.3128,6.3176,6.3178,6.3436,6.4093,6.7409,7.4657,7.8753,8.0058,7.9246,7.9004,7.9268,8.0053,7.9418,7.817,7.7658,7.8387,7.9545,7.8717,7.7837,7.7145,7.7314,7.8635,7.9241,7.8359,7.7714,7.7691,7.8687,7.9826,7.9775
3.2999,3.2997,3.3,3.3013,3.3069,3.3207,3.4817,3.9802,4.3121,4.712,5.548,6.2195,6.3486,6.3728,6.2534,6.2187,6.262,6.4107,6.4721,6.3768,6.2584,6.3167,6.4683,6.5141,6.4321,6.2688,6.2299,6.4252,6.5722,6.5114,6.4141,6.3894,6.4502,6.5123,6.5056
6.5044,6.505,6.5051,6.5062,6.5115,6.5123,6.5809,6.736,6.7842,6.8455,7.0761,7.6841,8.0525,8.1538,8.0092,7.9658,8.0217,8.0824,7.9509,7.8027,7.7473,7.8993,8.0379,7.9016,7.8176,7.7124,7.7748,7.9582,7.9749,7.8689,7.7911,7.8194,8.0102,8.1306,8.1046
0.89111,0.89014,0.89014,0.89063,0.88574,0.88965,0.93701,1.0884,1.0078,0.90088,0.33496,-0.19141,-0.31934,-0.48291,-0.33447,-0.50732,-0.479,-0.50635,-0.67432,-0.65088,-0.59619,-0.55859,-0.7207,-0.7207,-0.72754,-0.62158,-0.58398,-0.75928,-0.77246,-0.7749,-0.79053,-0.69922,-0.77734,-0.83105,-0.74951
0.33447,0.33301,0.33301,0.33154,0.32666,0.34277,0.35156,0.46631,0.63184,0.88477,0.73682,0.75439,0.84961,0.66699,0.48779,0.42432,0.64893,0.75586,0.85693,0.64551,0.55371,0.54932,0.74463,0.74463,0.75244,0.61426,0.64063,0.78613,0.76563,0.72266,0.61914,0.5459,0.62061,0.62988,0.63037
0.24561,0.23779,0.23779,0.24365,0.24268,0.24854,0.16943,0.11475,0.47461,0.70508,0.84961,0.80469,0.65479,0.35645,0.17432,0.05957,0.0097656,0.050781,0.030273,-0.20996,-0.16406,-0.14258,-0.014648,-0.014648,-0.17188,-0.23291,-0.054688,-0.043945,-0.09082,-0.19385,-0.23096,-0.10449,-0.10986,-0.1416,-0.1626
-4,0,-1,2,-1,0,2,1,-21,-3,8,-4,8,-21,13,0,7,-2,3,-3,4,10,1,1,2,-13,-1,-4,4,7,-2,1,-5,-7,-1
-4,-1,1,-1,0,0,-6,-2,-15,3,10,1,18,5,-1,-2,-1,-12,4,0,3,-14,14,14,16,4,-4,1,-13,0,7,7,0,3,5
-2,-2,-1,-1,-1,0,-10,-30,-82,41,31,-7,32,-5,-6,-1,-6,5,7,13,3,-23,2,2,1,6,-6,-5,11,0,-7,8,-6,-5,9
-1,-1,0,-1,-3,0,-2,6,-12,4,25,-4,18,1,-3,-1,19,4,4,7,-2,-9,-4,-4,-3,9,-9,-2,2,6,-5,8,4,-5,-1
5,4,-5,-3,-5,-3,0,1,-35,26,-12,0,7,-2,-2,-16,1,-4,-1,-4,2,-26,-9,-9,-5,11,-12,6,-12,11,-7,18,2,-8,11
0,1,2,-1,-2,2,0,1,0,30,5,3,-10,4,1,-21,4,4,0,-7,-4,14,-6,-6,-1,0,-35,-1,-14,5,-3,7,-1,-4,1
2,-2,-3,-2,-3,0,0,3,0,1,2,-3,-3,2,3,-2,-2,-3,-2,-8,-8,2,6,6,1,-5,-14,-3,-3,2,1,-7,3,-9,0
18,-5,-11,-1,6,3,8,-1,-9,-4,-3,4,7,27,37,-12,-15,-128,37,3,-30,5,-4,-4,-59,24,-14,13,5,-3,-11,2,13,-19,8
-1.4375,-0.625,-0.625,-0.4375,-0.625,3.8125,5.75,-18.188,27.5,32.625,-6.25,82.438,138.38,128.06,112,50.75,29.375,21.625,12.313,23.438,29.938,13,-2.375,-2.375,-8.6875,13.25,10.563,3.125,-19.563,-17.75,12.813,2.6875,-7.6875,-9.6875,1.8125
-1.4375,-0.625,-0.625,-0.4375,-0.625,3.8125,5.75,-18.188,27.5,32.625,-6.25,82.438,138.38,128.06,112,50.75,29.375,21.625,12.313,23.438,29.938,13,-2.375,-2.375,-8.6875,13.25,10.563,3.125,-19.563,-17.75,12.813,2.6875,-7.6875,-9.6875,1.8125
-1.4375,-0.625,-0.625,-0.4375,-0.625,3.8125,5.75,-18.188,27.5,32.625,-6.25,82.438,138.38,128.06,112,50.75,29.375,21.625,12.313,23.438,29.938,13,-2.375,-2.375,-8.6875,13.25,10.563,3.125,-19.563,-17.75,12.813,2.6875,-7.6875,-9.6875,1.8125
6.512,6.5113,6.5113,6.5084,6.4969,6.4956,6.4842,6.4659,6.4129,6.3978,6.3117,6.3485,6.6622,7.1641,7.5347,7.6873,7.6588,7.6433,7.6539,7.8545,7.921,7.8991,7.725,7.725,7.7844,7.8353,7.7291,7.6861,7.698,7.7975,7.8887,7.8711,7.842,7.8502,7.873
3.1871,3.1871,3.1871,3.1873,3.188,3.1885,3.1935,3.2758,3.4637,3.6628,4.2427,4.8071,5.5149,5.9869,6.1887,6.2817,6.206,6.0834,5.9858,6.1698,6.3268,6.3448,6.1669,6.1669,6.1609,6.2893,6.3032,6.1311,6.1145,6.268,6.3787,6.4004,6.3913,6.3999,6.4161
6.2937,6.2943,6.2943,6.2972,6.3083,6.3143,6.3316,6.3452,6.4285,6.4997,6.63,6.7752,7.0683,7.4972,7.7712,7.8389,7.7279,7.6707,7.6713,7.9467,7.9567,7.9174,7.7007,7.7007,7.8661,7.9278,7.7168,7.6326,7.6789,7.8819,7.9919,7.931,7.9138,7.9389,7.9796
-0.33594,-0.49658,-0.50928,-0.51367,-0.5415,-0.6709,-0.71436,-0.7251,-0.74512,-0.71826,-0.77197,-0.81396,-0.74121,-0.62646,-0.76855,-0.76025,-0.72363,-0.6792,-0.71533,-0.73291,-0.73486,-0.7583,-0.70166,-0.80762,-0.80273,-0.82568,-0.78223,-0.80273,-0.80713,-0.80713,-0.77441,-0.45313,-0.4248,-0.38477,-0.49609
0.78369,0.65283,0.62012,0.57471,0.56641,0.63818,0.59375,0.50391,0.62207,0.7168,0.76514,0.72852,0.56592,0.52002,0.71826,0.71094,0.54297,0.55566,0.67432,0.76172,0.79346,0.64355,0.59863,0.52002,0.60059,0.61426,0.54639,0.5415,0.53369,0.53369,0.54395,0.50293,0.52734,0.60498,0.76855
0.44629,0.17432,0.01416,-0.099609,-0.1333,-0.15527,-0.15625,-0.18652,-0.22607,-0.063477,-0.091309,-0.23389,-0.24023,-0.1001,-0.083008,-0.2373,-0.23486,-0.23682,-0.02832,-0.095215,-0.083008,-0.24854,-0.18652,-0.10986,-0.11182,-0.24121,-0.17236,-0.15234,-0.1543,-0.1543,-0.16064,0,0.125,0.35205,0.51367
3,-5,-6,-3,0,0,-15,14,5,-5,2,1,4,-3,6,9,-12,32,5,-6,-13,0,3,-9,7,-4,-6,6,-4,1,-1,-1,-1,-5,-1
-3,1,-7,-11,7,-6,-1,1,-1,16,-3,-9,-2,6,-13,-3,-7,21,7,-9,6,-1,6,1,-13,-7,-5,8,-15,-2,-2,-2,-2,-2,-1
-14,-2,-7,-15,4,-4,1,6,-4,12,7,2,-2,6,-8,0,-3,20,-1,-5,6,1,4,1,-7,-14,-2,5,-5,-4,-3,-1,-3,-3,-1
-12,-4,-5,-10,-9,-1,3,1,5,7,-1,-3,1,2,-12,0,-2,10,-4,0,1,-11,3,20,-4,-12,-4,0,-1,-3,-1,0,-5,-4,2
-9,-3,-1,-4,-1,-3,7,6,14,6,-7,-3,0,13,-9,-3,-2,8,-8,-5,-5,-16,-1,5,-3,-11,2,0,-2,-4,-11,1,-5,11,-2
0,-6,3,-4,-1,-2,2,-2,-8,4,-10,-3,-4,29,-3,-4,-1,17,5,-5,-3,-8,6,-16,4,-3,0,2,-1,-5,-12,0,-1,3,2
9,-7,4,-2,1,-3,2,5,9,-4,-10,4,4,1,13,-3,-1,3,7,-5,3,0,-2,-9,3,6,1,6,1,-6,2,3,1,-1,0
3,-42,48,13,-4,-13,-11,6,-16,-12,-34,-20,3,4,-2,9,7,-13,18,-10,19,-8,28,-15,-33,24,-1,13,-1,-5,-4,-7,-1,-2,-1
121.75,81.063,60.688,50.875,29.063,17.25,5.0625,-4.3125,-11.375,18.25,-15.688,-6.8125,38.875,14.938,-0.75,-6.375,19.938,23.25,18.313,-6.3125,-16.438,-4.4375,26.625,4.375,-0.125,-1,10.938,4.25,-0.8125,-0.8125,-5.625,-25.813,-56.688,-99.25,-125.63
121.75,81.063,60.688,50.875,29.063,17.25,5.0625,-4.3125,-11.375,18.25,-15.688,-6.8125,38.875,14.938,-0.75,-6.375,19.938,23.25,18.313,-6.3125,-16.438,-4.4375,26.625,4.375,-0.125,-1,10.938,4.25,-0.8125,-0.8125,-5.625,-25.813,-56.688,-99.25,-125.63
121.75,81.063,60.688,50.875,29.063,17.25,5.0625,-4.3125,-11.375,18.25,-15.688,-6.8125,38.875,14.938,-0.75,-6.375,19.938,23.25,18.313,-6.3125,-16.438,-4.4375,26.625,4.375,-0.125,-1,10.938,4.25,-0.8125,-0.8125,-5.625,-25.813,-56.688,-99.25,-125.63
7.0497,7.5174,7.7473,7.9165,7.9678,7.9989,8.0024,8.0081,7.8571,7.8025,7.779,7.8705,7.9847,7.9424,7.8109,7.8938,7.9601,7.9531,7.759,7.7623,7.7959,7.9255,7.9644,7.9055,7.8509,7.9568,7.9801,7.9692,7.9633,7.9633,7.9496,7.7624,7.4946,7.1625,6.8348
5.7212,6.0171,6.1286,6.2211,6.2695,6.3536,6.3763,6.4431,6.3543,6.2478,6.1228,6.2457,6.4146,6.4526,6.225,6.2529,6.4207,6.4562,6.2704,6.1726,6.18,6.3655,6.4482,6.435,6.3981,6.4723,6.5017,6.5019,6.4998,6.4998,6.4982,6.451,6.3088,6.0297,5.6152
7.3388,7.7379,7.9454,8.0667,8.0905,8.0773,8.0724,8.0786,7.9388,7.843,7.8312,8.016,8.106,7.999,7.8361,8.0129,8.0725,8.0448,7.762,7.7668,7.8767,8.1142,8.1197,8.0246,7.9552,8.1457,8.1503,8.1245,8.1181,8.1181,8.1099,7.9364,7.6981,7.4149,7.1704
0.88623,0.88281,0.88281,0.87939,0.88281,0.89307,1.0176,1.0596,0.8667,0.59814,-0.11768,-0.26074,-0.37256,-0.54639,-0.43018,-0.56982,-0.61523,-0.69678,-0.71338,-0.81689,-0.77979,-0.72803,-0.63965,-0.71924,-0.75781,-0.78418,-0.70264,-0.72461,-0.83887,-0.77051,-0.82617,-0.73535,-0.70264,-0.7373,-0.7583
0.32959,0.31934,0.31934,0.31787,0.32227,0.33105,0.40723,0.49463,0.76367,0.83838,0.78223,0.8457,0.87842,0.76855,0.44629,0.45068,0.48584,0.70508,0.8291,0.84473,0.66797,0.4668,0.54346,0.59082,0.77148,0.70557,0.54199,0.54248,0.66455,0.75781,0.7749,0.56201,0.5127,0.52393,0.47266
0.28613,0.29248,0.29248,0.30029,0.28711,0.27002,0.13965,0.18164,0.67725,0.7002,0.78125,0.62842,0.54736,0.42773,0.083496,-0.0078125,-0.02002,-0.091309,-0.073242,-0.087891,-0.20264,-0.17529,-0.10889,-0.125,-0.080566,-0.18359,-0.22852,-0.086914,-0.088867,-0.11865,-0.086426,-0.17578,-0.14502,-0.052734,-0.028809
-3,-1,-1,-2,1,-1,2,-9,9,-9,1,18,22,-16,-9,2,-17,-2,-16,-29,0,8,5,2,-5,4,-24,-5,6,2,-10,-4,4,1,16
-2,-2,-2,-5,2,-3,-1,-2,16,4,25,4,12,-7,-17,5,-11,-2,-7,-4,2,1,4,0,-34,2,-14,-12,9,-2,7,-20,1,-14,-2
0,-2,-2,-1,-1,-43,0,23,52,32,65,12,3,-10,-14,0,-3,-10,0,-8,4,-6,-1,5,-16,3,-10,-19,12,-3,6,-5,-10,-9,-9
1,-2,-2,-2,0,1,12,13,-7,3,35,1,-12,4,-5,-1,15,-11,-1,-2,7,-3,14,1,-5,-1,-4,-13,5,-1,5,-2,-8,-7,-8
-1,0,0,-1,1,0,4,-5,2,-33,24,-4,5,-2,-5,1,26,-15,-8,-1,1,-6,13,14,-10,6,-2,-13,17,-13,2,-5,-14,-5,-13
0,-1,-1,0,0,1,-1,-4,-19,-32,17,-4,4,1,-2,3,-6,10,-8,-3,2,-1,-5,1,-1,0,-2,-10,11,10,12,1,-1,-15,0
-3,-1,-1,-1,0,0,-2,-2,0,-6,-1,-7,4,-10,-5,-4,-6,16,-16,-6,0,2,3,2,5,-9,3,7,10,9,-24,17,-5,-20,-5
6,0,0,2,3,-16,0,-4,1,-2,2,6,20,-27,-6,28,4,-8,-4,-62,3,18,-4,27,32,16,-12,-2,-10,19,111,-30,15,6,25
0.0625,0.25,0.25,0.75,-0.0625,-0.1875,-3.5625,-25.063,62.938,23.75,79.188,134.56,139.81,128.63,88.625,61.688,-2.9375,0.375,-4,0.1875,17.125,36.313,-24.063,-11.938,3.875,-14.875,13.938,-10.563,10.875,-8.5,-12.688,5.3125,26.563,-15.625,-1.3125
0.0625,0.25,0.25,0.75,-0.0625,-0.1875,-3.5625,-25.063,62.938,23.75,79.188,134.56,139.81,128.63,88.625,61.688,-2.9375,0.375,-4,0.1875,17.125,36.313,-24.063,-11.938,3.875,-14.875,13.938,-10.563,10.875,-8.5,-12.688,5.3125,26.563,-15.625,-1.3125
0.0625,0.25,0.25,0.75,-0.0625,-0.1875,-3.5625,-25.063,62.938,23.75,79.188,134.56,139.81,128.63,88.625,61.688,-2.9375,0.375,-4,0.1875,17.125,36.313,-24.063,-11.938,3.875,-14.875,13.938,-10.563,10.875,-8.5,-12.688,5.3125,26.563,-15.625,-1.3125
6.3356,6.3356,6.3356,6.335,6.335,6.3369,6.361,6.351,6.2848,6.2931,6.3318,6.5345,6.8218,7.0522,7.7183,7.8767,7.8526,7.7206,7.681,7.7187,7.8465,7.9583,7.8168,7.78,7.7418,7.8161,7.904,7.8209,7.7189,7.706,7.7367,7.8562,7.8684,7.7466,7.717
3.2268,3.2268,3.2268,3.2268,3.2268,3.2269,3.2479,3.3072,3.6456,4.0161,4.6686,5.2085,5.687,5.9523,6.3688,6.4477,6.4738,6.3407,6.1288,6.1217,6.2708,6.4472,6.4152,6.358,6.1774,6.2234,6.4046,6.4587,6.328,6.2123,6.243,6.4492,6.5785,6.5462,6.5198
6.5671,6.5671,6.5671,6.5678,6.5678,6.5665,6.5459,6.54,6.7014,6.7944,6.928,7.0772,7.2693,7.4448,8.0012,8.115,8.0277,7.8855,7.7849,7.8579,8.0213,8.1007,7.9101,7.8706,7.7964,7.9706,8.0775,7.9423,7.8089,7.7779,7.8509,8.0349,8.0061,7.8612,7.827
0.87891,0.87354,0.90869,0.94482,0.96924,0.89063,0.6665,0.33936,-0.14697,-0.34863,-0.45166,-0.39551,-0.40479,-0.55176,-0.59082,-0.79053,-0.72949,-0.72461,-0.64404,-0.78564,-0.81494,-0.78809,-0.6709,-0.61621,-0.73486,-0.79053,-0.75781,-0.82324,-0.68945,-0.70459,-0.82617,-0.83008,-0.83008,-0.7334,-0.73633
0.33887,0.33789,0.35254,0.41992,0.50146,0.68408,0.99902,0.90088,0.87939,0.80859,0.66357,0.4834,0.37305,0.59424,0.80664,0.81055,0.65771,0.55225,0.58691,0.70557,0.73975,0.65771,0.56055,0.5459,0.72803,0.75391,0.7373,0.51855,0.53125,0.53662,0.60986,0.62256,0.62256,0.53662,0.52246
0.31055,0.30029,0.27246,0.22266,0.34326,0.59131,0.70703,0.81494,0.65332,0.47705,0.30713,0.054688,-0.030273,-0.16748,-0.16943,-0.18701,-0.27539,-0.26855,-0.13428,-0.10986,-0.14746,-0.23828,-0.24023,-0.15234,-0.09668,-0.19727,-0.15771,-0.22363,-0.19531,-0.13037,-0.17139,-0.21484,-0.21484,-0.18018,-0.14111
-2,1,-5,10,5,19,31,21,-14,21,7,-25,-10,-4,-3,4,-1,-42,15,6,4,-8,-7,-12,-4,-6,-3,9,3,-7,-4,11,3,7,10
-1,0,-3,-5,-1,-8,7,15,-5,-4,0,21,6,-14,-7,12,-1,-6,3,-10,-9,-4,6,4,-13,20,2,5,-5,-19,10,12,5,9,-4
-1,-1,1,1,11,-14,47,-9,-6,-13,-5,8,-1,-19,3,1,-4,-2,0,-2,-13,-4,2,5,-15,20,-6,4,-4,7,6,11,1,6,-6
-2,-1,1,4,0,27,4,29,-9,-5,2,3,1,-22,8,3,-9,-2,14,3,-3,-1,-5,-1,-8,7,-3,4,-10,13,-3,15,3,4,-2
0,0,-1,1,2,-27,-7,31,-8,-7,1,0,11,-14,12,3,-7,-1,7,-6,-3,-5,-5,9,14,2,-6,-6,0,9,-4,26,3,5,-5
-1,-1,1,-1,0,-7,-8,11,-1,-3,6,-2,7,-11,12,2,-6,0,11,3,-3,-5,-4,11,9,8,-6,0,-13,3,-1,4,1,1,-3
0,0,-2,-2,-12,-12,-2,1,-3,-6,12,2,4,8,-4,-3,1,4,0,17,-1,-7,3,-1,2,8,5,-2,-22,-7,3,2,-1,-1,1
6,-1,1,-1,-4,-3,-4,6,-9,2,13,3,-3,3,-3,-56,0,-7,-7,-1,9,-5,42,-2,21,64,-24,2,-9,-15,-60,40,-21,5,5
3.1875,2.3125,3.3125,-0.1875,6.125,37.938,50.313,40.188,152.5,162.63,135.63,103.63,54.438,-19.125,1.25,-6.9375,18,31.313,-5.9375,4.0625,-11.125,-0.75,20.875,7,11.688,-14.875,-1.8125,14.438,9.5,-1.9375,-21,-21,-21,6.6875,3.25
3.1875,2.3125,3.3125,-0.1875,6.125,37.938,50.313,40.188,152.5,162.63,135.63,103.63,54.438,-19.125,1.25,-6.9375,18,31.313,-5.9375,4.0625,-11.125,-0.75,20.875,7,11.688,-14.875,-1.8125,14.438,9.5,-1.9375,-21,-21,-21,6.6875,3.25
3.1875,2.3125,3.3125,-0.1875,6.125,37.938,50.313,40.188,152.5,162.63,135.63,103.63,54.438,-19.125,1.25,-6.9375,18,31.313,-5.9375,4.0625,-11.125,-0.75,20.875,7,11.688,-14.875,-1.8125,14.438,9.5,-1.9375,-21,-21,-21,6.6875,3.25
6.3106,6.312,6.3185,6.3372,6.3375,6.3157,6.354,6.3659,6.6333,6.9763,7.403,7.8179,8.0551,7.9922,7.8958,7.9144,8.0185,8.0826,8.0119,7.8535,7.8411,7.9645,8.034,7.9779,7.8429,7.8692,7.9178,8.0992,8.0742,7.9939,7.9629,8.0117,8.0117,8.0664,8.0285
3.2645,3.2653,3.2732,3.3104,3.406,3.6748,4.0064,4.2975,5.2198,5.726,6.0627,6.227,6.3053,6.2818,6.1197,6.1039,6.2198,6.3268,6.4209,6.26,6.1769,6.293,6.4225,6.4272,6.2241,6.1717,6.2199,6.4466,6.4955,6.4524,6.41,6.4363,6.4363,6.4764,6.4777
6.6301,6.6334,6.6343,6.6219,6.6335,6.7359,6.8253,6.8868,7.1433,7.4152,7.7611,8.1142,8.2777,8.1972,8.0439,8.0974,8.2413,8.2841,8.1482,7.9637,7.9574,8.1717,8.2214,8.1336,7.9317,7.9881,8.067,8.2957,8.2402,8.1372,8.1488,8.26,8.26,8.3172,8.2638
0.94287,0.84912,0.62891,0.37793,0,-0.18604,-0.24609,-0.45654,-0.46191,-0.52734,-0.53174,-0.66309,-0.62109,-0.73193,-0.77246,-0.81934,-0.84033,-0.77148,-0.72852,-0.8335,-0.80957,-0.82275,-0.729,-0.83008,-0.76465,-0.79004,-0.79004,-0.729,-0.75,-0.82959,-0.86523,-0.8584,-0.82617,-0.75586,-0.73828
0.52393,0.59521,0.68457,0.79004,0.87793,0.93506,0.89355,0.771,0.69141,0.61816,0.64697,0.55762,0.56592,0.65674,0.7207,0.72656,0.69238,0.55859,0.5498,0.6748,0.69922,0.6499,0.48291,0.64795,0.7168,0.73047,0.73047,0.53906,0.5127,0.57813,0.63184,0.604,0.59863,0.52441,0.52393
0.36328,0.56104,0.61816,0.66309,0.58691,0.49902,0.47412,0.26172,0.097656,-0.064941,-0.14502,-0.21045,-0.20117,-0.21777,-0.16016,-0.16455,-0.21875,-0.25244,-0.14844,-0.13477,-0.16895,-0.2085,-0.13379,-0.13086,-0.13721,-0.18896,-0.18896,-0.17871,-0.14307,-0.07666,-0.15625,-0.1792,-0.20459,-0.20752,-0.1709
10,2,-6,3,16,-52,-20,-2,-11,-8,13,-8,-15,7,0,3,3,-6,3,6,-1,-5,21,0,14,-6,16,3,-2,-3,-6,5,-2,-15,-4
5,-2,6,1,10,-18,-7,10,0,7,17,-4,7,5,20,31,0,-9,0,-3,8,-6,0,-10,-5,-11,9,-1,-3,-16,6,6,7,6,-6
2,-24,21,-12,17,-44,-13,7,0,9,4,-6,11,-4,-2,9,1,-8,4,-10,-12,-10,-4,-5,-4,-22,5,5,-5,-7,8,3,4,1,-6
2,-18,6,-8,7,-19,-10,14,0,5,2,-5,-7,-12,6,2,3,-10,15,-10,-5,-6,-6,-11,1,-12,5,4,-11,0,4,6,1,-5,-4
6,-2,-4,7,14,-13,-14,13,-3,0,2,2,2,-8,6,-1,3,-3,9,-10,-3,3,-4,-5,-10,-3,3,18,-5,-1,-6,6,-2,-4,-5
0,-2,-9,-3,6,6,3,7,4,3,-2,-1,31,-16,6,3,4,-3,3,-6,0,-1,11,-11,-2,-2,1,27,2,1,-3,0,-1,-2,-3
-21,-5,4,3,-3,-5,4,3,9,-1,-4,-5,5,5,3,9,-1,1,10,0,7,-4,12,-12,9,1,20,5,-1,-1,-7,-1,2,1,-5
0,7,2,-5,-2,-6,-1,-1,40,-11,4,-36,-7,-2,5,-21,-8,-14,-52,25,18,-52,65,20,35,-58,-3,-1,-46,4,-17,5,-2,0,-3
57,34.688,36.125,65.5,105.25,111.38,115.81,92.688,71.5,33.813,24.25,17.5,12.125,-9.875,-2.375,-8.6875,-3.8125,23.5,-18.75,-4,-5.1875,-9.6875,-8.375,12.438,-2.625,-13.813,-13.813,21.938,11.063,-12.313,-20.188,-20.563,-14.563,4.0625,-2.0625
57,34.688,36.125,65.5,105.25,111.38,115.81,92.688,71.5,33.813,24.25,17.5,12.125,-9.875,-2.375,-8.6875,-3.8125,23.5,-18.75,-4,-5.1875,-9.6875,-8.375,12.438,-2.625,-13.813,-13.813,21.938,11.063,-12.313,-20.188,-20.563,-14.563,4.0625,-2.0625
57,34.688,36.125,65.5,105.25,111.38,115.81,92.688,71.5,33.813,24.25,17.5,12.125,-9.875,-2.375,-8.6875,-3.8125,23.5,-18.75,-4,-5.1875,-9.6875,-8.375,12.438,-2.625,-13.813,-13.813,21.938,11.063,-12.313,-20.188,-20.563,-14.563,4.0625,-2.0625
6.3705,6.3439,6.3593,6.4411,6.6105,6.7923,6.9334,7.3395,7.5987,7.8591,7.9666,8.0576,8.0532,7.9734,7.8845,7.9187,7.9486,8.0566,7.9503,7.8893,7.895,7.9708,7.9759,7.8602,7.8309,7.8875,7.8875,8.021,7.9965,7.8563,7.8771,7.9453,8.0073,8.0732,8.0336
3.3338,3.6606,3.9298,4.362,4.8484,5.2017,5.4126,5.8405,6.0222,6.1578,6.2052,6.3106,6.3333,6.3358,6.1761,6.2035,6.2449,6.4014,6.4518,6.3408,6.2905,6.3698,6.5052,6.3761,6.2449,6.2926,6.2926,6.5478,6.5531,6.4419,6.4411,6.4727,6.4938,6.5114,6.5066
6.7749,6.9062,6.9651,7.0238,7.1131,7.212,7.294,7.611,7.8637,8.1291,8.2288,8.2846,8.2697,8.1821,8.0245,8.0898,8.135,8.2404,8.0849,8.0126,8.0392,8.1628,8.1157,7.9635,7.9276,8.0429,8.0429,8.1829,8.1461,7.9715,8.0392,8.1701,8.2644,8.3475,8.2988
0.85889,0.75146,0.52246,0.27637,0.057129,-0.28516,-0.46484,-0.55664,-0.45801,-0.51221,-0.55029,-0.77734,-0.80176,-0.8208,-0.65186,-0.6416,-0.78613,-0.80957,-0.80713,-0.72803,-0.69385,-0.8335,-0.82617,-0.76563,-0.74902,-0.70361,-0.6792,-0.80908,-0.84766,-0.81641,-0.81934,-0.72461,-0.72656,-0.6665,-0.56006
0.57471,0.75586,0.80127,0.78906,0.85205,0.88477,0.79004,0.62842,0.49463,0.43262,0.5249,0.72852,0.77246,0.69092,0.50342,0.48779,0.66943,0.76221,0.73145,0.5415,0.49463,0.57568,0.71875,0.75732,0.65186,0.57568,0.55029,0.54248,0.58154,0.60742,0.57471,0.57422,0.54541,0.5625,0.55908
0.49365,0.60596,0.68945,0.73193,0.70898,0.55469,0.39453,0.1416,-0.062988,-0.092773,-0.1167,-0.14502,-0.15283,-0.21729,-0.22217,-0.18896,-0.13135,-0.15381,-0.14648,-0.21924,-0.19385,-0.14063,-0.09082,-0.12158,-0.16992,-0.19922,-0.12646,-0.099121,-0.10254,-0.16211,-0.18066,-0.15039,-0.07959,-0.014648,0.052734
-9,10,2,-6,9,-13,7,-2,1,-4,-3,6,15,-24,-4,8,-2,3,-6,-6,9,3,1,15,6,-3,4,1,-5,-9,-5,0,-9,-5,-1
-13,-5,2,2,7,1,20,-9,8,-4,-4,2,6,22,1,2,-13,-8,-12,-1,8,1,20,-14,-7,1,3,-5,-1,5,0,10,-11,-4,0
-19,-11,0,0,8,-16,16,-31,6,-2,1,-9,-1,12,4,0,6,7,-9,-4,9,7,1,-13,-5,6,-1,0,1,-4,4,5,-4,-1,2
-20,-8,1,-10,-14,-19,18,-23,7,-2,-8,-14,4,6,0,-1,5,7,-1,-3,4,7,1,-7,-7,6,-2,2,-4,-3,-1,4,1,-6,2
-7,-23,16,3,-8,-20,11,-15,3,0,-10,-16,-1,2,10,-4,1,3,1,-2,2,17,3,-3,-9,2,7,-2,-3,-5,-1,0,-9,-4,4
10,-3,-15,-11,8,-7,7,0,1,-3,-3,-5,3,0,15,8,0,0,-2,3,2,4,15,0,-7,1,1,0,-2,-3,-1,-2,0,0,0
0,3,0,5,4,-7,-3,-1,-6,4,1,4,0,-9,6,7,-14,4,-8,6,4,0,29,-15,-6,-3,-5,4,-9,-6,-2,-15,1,-2,1
-6,0,2,1,2,-5,-12,20,-15,-5,-13,9,87,-48,1,0,-18,42,-33,-60,-17,3,4,10,-56,-28,2,12,-6,-9,-7,-17,0,-4,0
19.188,49.813,48.813,54.563,97.188,108.31,110.75,85.688,60.438,29.438,-6.5625,0.6875,-6.4375,-1.4375,15.875,13.063,-4.3125,-11.875,-6,5.6875,13.438,-11.188,8.3125,-6.1875,-11.375,-1.8125,12.813,-5.625,-17.75,-17.625,-2.8125,0.375,-3.375,-14.688,-27.125
19.188,49.813,48.813,54.563,97.188,108.31,110.75,85.688,60.438,29.438,-6.5625,0.6875,-6.4375,-1.4375,15.875,13.063,-4.3125,-11.875,-6,5.6875,13.438,-11.188,8.3125,-6.1875,-11.375,-1.8125,12.813,-5.625,-17.75,-17.625,-2.8125,0.375,-3.375,-14.688,-27.125
19.188,49.813,48.813,54.563,97.188,108.31,110.75,85.688,60.438,29.438,-6.5625,0.6875,-6.4375,-1.4375,15.875,13.063,-4.3125,-11.875,-6,5.6875,13.438,-11.188,8.3125,-6.1875,-11.375,-1.8125,12.813,-5.625,-17.75,-17.625,-2.8125,0.375,-3.375,-14.688,-27.125
6.3005,6.3096,6.3494,6.399,6.5172,6.6965,7.1464,7.5959,7.9145,8.0801,8.0374,7.8998,7.8775,7.9526,8.0919,8.0891,7.8585,7.8282,7.8757,7.9944,8.028,7.8272,7.7682,7.7956,7.8942,7.9573,7.9361,7.8586,7.832,7.8763,7.9009,7.8961,7.8095,7.6773,7.5234
3.5268,3.7671,4.082,4.4631,4.903,5.3431,5.8858,6.1634,6.288,6.3615,6.3762,6.2556,6.2048,6.2781,6.4451,6.4718,6.3236,6.2233,6.2864,6.4331,6.508,6.4274,6.2891,6.2226,6.325,6.4097,6.5183,6.4941,6.4712,6.4836,6.4908,6.4888,6.4691,6.4391,6.377
6.6575,6.739,6.8106,6.8696,6.954,7.0888,7.4361,7.861,8.1645,8.2957,8.2323,8.0612,8.0468,8.1665,8.3136,8.3009,8.038,8.0153,8.1052,8.2629,8.2848,8.0421,7.9456,7.9928,8.1647,8.2527,8.1904,8.1026,8.0969,8.1985,8.2438,8.2376,8.1304,7.9951,7.8519
0.92383,0.96289,0.98584,0.89795,0.79199,0.60547,0.39795,0.18701,-0.059082,-0.30273,-0.45703,-0.38477,-0.36084,-0.60645,-0.70752,-0.7373,-0.77734,-0.67285,-0.62158,-0.65723,-0.88965,-0.80127,-0.72217,-0.73633,-0.73389,-0.81543,-0.71729,-0.77686,-0.76221,-0.729,-0.75342,-0.85059,-0.84277,-0.80225,-0.75684
0.33154,0.35547,0.43115,0.50537,0.58984,0.71777,0.76807,0.86865,0.88525,0.85938,0.7417,0.61572,0.5332,0.63477,0.74854,0.771,0.72461,0.58008,0.43408,0.52051,0.76025,0.73584,0.56934,0.47949,0.55469,0.75684,0.74463,0.71289,0.60938,0.521,0.46436,0.57373,0.63184,0.60059,0.5542
0.24561,0.17725,0.24854,0.44775,0.57666,0.65137,0.68506,0.70361,0.64111,0.71338,0.32178,0.10205,-0.04248,-0.1377,-0.1001,-0.10986,-0.1875,-0.24951,-0.2334,-0.15771,-0.18555,-0.1665,-0.25098,-0.22998,-0.14795,-0.040527,-0.13916,-0.19434,-0.24561,-0.21924,-0.11035,-0.087402,-0.15771,-0.15771,-0.14404
-1,1,0,2,-6,-4,2,0,-6,-5,9,-6,-15,-6,7,-16,3,7,-10,14,-14,-1,-10,18,22,6,-3,-8,-13,-10,-9,-3,-13,4,-1
-1,-7,-3,7,-12,-9,0,10,1,0,17,-6,-6,1,-18,-11,-5,8,-7,6,1,12,-9,-14,4,16,6,-5,7,-9,-3,-2,-3,7,2
15,-11,-2,9,-41,-2,-23,30,-1,7,10,-7,-2,6,-26,-10,-3,6,-5,-9,-2,10,-9,-9,-2,16,8,2,4,-2,-12,9,-1,8,2
2,-1,-3,-3,6,2,-6,7,-5,-8,5,-8,1,17,-17,-3,-7,4,-3,-7,-3,6,-5,-6,-1,21,12,-4,4,-1,-11,3,-3,4,8
0,0,-6,-3,-4,-8,-4,7,19,-3,6,-7,1,16,-15,-7,5,2,-2,-13,-5,0,-2,-11,5,6,6,-1,0,0,-4,2,0,8,12
1,-1,0,-2,-3,-2,-1,-5,0,-5,-1,-2,0,-1,-2,-2,1,2,-3,-7,-4,0,-2,1,-2,15,3,1,0,2,0,8,0,3,3
0,-2,2,-3,-4,-1,-4,-3,-10,-1,-14,8,-5,0,-2,0,0,0,1,-2,6,-8,6,7,27,25,10,2,0,4,2,-11,2,-4,4
-1,-7,-2,-4,-5,1,-7,-1,2,-3,-2,8,20,-13,31,3,44,-35,-1,-5,-4,-61,9,30,27,39,-20,87,-23,0,5,-8,-3,3,-8
0.4375,4.25,-3.4375,4.0625,8,38.375,32.813,82.938,96.188,109.63,96.875,63.813,42.25,20.5,27.875,12,16.375,22.75,30.188,-18.5,-5.25,-0.9375,-3.375,15.813,-19.25,16.5,-7.8125,-23.188,-2.9375,21.875,-1,-6.375,-11.5,-5.5625,4.375
0.4375,4.25,-3.4375,4.0625,8,38.375,32.813,82.938,96.188,109.63,96.875,63.813,42.25,20.5,27.875,12,16.375,22.75,30.188,-18.5,-5.25,-0.9375,-3.375,15.813,-19.25,16.5,-7.8125,-23.188,-2.9375,21.875,-1,-6.375,-11.5,-5.5625,4.375
0.4375,4.25,-3.4375,4.0625,8,38.375,32.813,82.938,96.188,109.63,96.875,63.813,42.25,20.5,27.875,12,16.375,22.75,30.188,-18.5,-5.25,-0.9375,-3.375,15.813,-19.25,16.5,-7.8125,-23.188,-2.9375,21.875,-1,-6.375,-11.5,-5.5625,4.375
6.3831,6.3725,6.3554,6.3075,6.2734,6.2905,6.3244,6.3772,6.5677,6.8456,7.217,7.6417,7.8573,7.9001,7.8344,7.8576,7.9644,8.0796,8.1969,8.0444,7.8949,7.9283,8.0195,8.0674,7.8848,7.8198,7.8572,7.9337,8.038,8.0856,8.0077,7.8627,7.869,7.8939,7.9092
3.2039,3.2217,3.2853,3.4646,3.6767,3.9347,4.2459,4.4733,4.9668,5.4596,5.8861,6.1919,6.3044,6.319,6.1796,6.1166,6.1889,6.2877,6.4685,6.4347,6.2562,6.2269,6.3643,6.5008,6.4302,6.3001,6.2197,6.2782,6.4202,6.5549,6.5459,6.4886,6.4897,6.494,6.4929
6.6371,6.6577,6.6863,6.7575,6.8064,6.8507,6.8966,6.9388,7.0682,7.2886,7.6293,8.0546,8.2484,8.2446,8.0956,8.0875,8.2206,8.3521,8.4083,8.2224,8.0483,8.1083,8.2496,8.2828,8.0737,7.9759,8.0335,8.1749,8.3323,8.3631,8.2622,8.1113,8.1731,8.2128,8.2272
