0.85059,0.85791,0.85693,0.84863,0.84814,0.85693,0.86133,0.94727,0.90771,1.0098,0.68359,0.61084,0.17529,0.16797,-0.027832,-0.39404,-0.29248,-0.23047,-0.36377,-0.36719,-0.58252,-0.35449,-0.5835,-0.76709,-0.42627,-0.50098,-0.53027,-0.52246,-0.48975,-0.46729,-0.49219,-0.47705,-0.47754,-0.46973,-0.4751,-0.47607,-0.47803,-0.46094,-0.48389,-0.43408
0.47412,0.45752,0.46826,0.46484,0.46924,0.46582,0.47949,0.48926,0.6709,0.7666,0.89453,0.9624,0.76318,1.0049,0.96436,0.84619,0.77637,0.76465,0.81543,0.86572,0.90967,0.79639,0.66211,1.1606,0.68213,0.81836,0.90381,0.90625,0.88379,0.87061,0.89404,0.88574,0.88184,0.87305,0.88867,0.87061,0.86572,0.88428,0.87207,0.87451
-0.18652,-0.18652,-0.19189,-0.17822,-0.18848,-0.18408,-0.17773,-0.1665,-0.10742,-0.032715,0.013184,0.11621,0.018066,0.104,0.25732,0.069824,0.15381,0.18262,0.095215,0.069336,0.019043,0.08252,-0.14404,-0.039551,-0.034668,-0.11084,-0.046387,-0.058105,-0.056641,-0.067871,-0.060059,-0.069824,-0.071289,-0.060547,-0.04541,-0.064453,-0.064453,-0.058105,-0.05957,-0.047363
2,-4,-1,-1,-2,-10,0,3,1,-14,3,-2,1,-4,-3,-8,9,10,-24,-23,-53,-24,-34,-12,-16,-59,27,12,58,-6,52,-36,11,-8,38,-21,-14,22,-21,-15
0,1,-1,-1,-1,-2,-2,-1,2,1,-6,-1,-10,2,-2,-6,0,6,-10,-19,-72,1,-43,33,-30,-19,-8,5,-2,-7,2,-2,-8,0,-6,-4,-13,-1,-1,-5
-2,1,0,1,-3,-1,-1,-1,-3,-3,-3,-5,5,2,-5,-8,0,5,-9,-12,-19,-22,-44,19,-10,8,-12,-5,-13,-2,3,-2,0,6,-4,1,-10,-2,-5,-4
1,-1,-1,0,-2,0,1,-1,-5,-5,1,0,-2,0,-5,-13,-1,1,-10,-14,-9,-34,-10,4,9,24,-8,-10,-18,5,-3,-2,-6,15,-2,5,-7,2,-5,0
0,0,-2,-2,-1,-1,1,0,-4,-4,1,-1,3,-1,-2,-2,-16,-20,-11,-3,-12,-13,-7,-2,1,17,-5,-7,-4,-3,1,0,-3,3,-2,2,-1,1,-2,-1
-2,-2,-1,-1,-1,-2,0,-2,-2,-1,1,-2,2,-2,-3,-31,1,46,-29,-2,-2,-6,-3,-11,-3,2,-7,-4,1,-1,-5,0,1,0,-2,0,-1,4,-2,-1
-4,-2,-1,1,1,0,-1,-2,2,2,-4,-3,-5,-10,2,-12,1,15,-8,-2,5,4,-24,-1,-12,-5,-10,-2,7,-3,-5,5,4,0,-1,0,-1,7,-8,-1
2,-2,-2,-3,-2,-10,3,3,-4,-5,-1,-4,-12,-13,-13,-3,11,37,-34,-11,-25,2,27,46,-59,-57,-18,-48,53,-9,5,-6,30,-4,22,-6,-13,17,-24,-11
-0.0625,-0.875,-0.875,0.625,-1.125,0.375,-0.625,-5.5625,43.5,21.938,32.375,-16.625,-33.188,-17.812,-25.875,9.5,21.438,12.688,11.75,8.6875,-12.188,8.375,37,56.375,31.812,1.4375,0.3125,4.5,0,-1.875,-2.9375,3.25,1.875,1,2.4375,-1.125,-2.3125,-2.3125,-2.625,-6.8125
-0.0625,-0.875,-0.875,0.625,-1.125,0.375,-0.625,-5.5625,43.5,21.938,32.375,-16.625,-33.188,-17.812,-25.875,9.5,21.438,12.688,11.75,8.6875,-12.188,8.375,37,56.375,31.812,1.4375,0.3125,4.5,0,-1.875,-2.9375,3.25,1.875,1,2.4375,-1.125,-2.3125,-2.3125,-2.625,-6.8125
-0.0625,-0.875,-0.875,0.625,-1.125,0.375,-0.625,-5.5625,43.5,21.938,32.375,-16.625,-33.188,-17.812,-25.875,9.5,21.438,12.688,11.75,8.6875,-12.188,8.375,37,56.375,31.812,1.4375,0.3125,4.5,0,-1.875,-2.9375,3.25,1.875,1,2.4375,-1.125,-2.3125,-2.3125,-2.625,-6.8125
8.1307,8.117,8.1088,8.1014,8.0996,8.0975,8.0934,8.0201,7.9079,7.715,7.5601,7.3841,7.2744,7.2046,7.1534,7.1689,7.2571,7.3232,7.38,7.4207,7.4332,7.4335,7.4799,7.5534,7.601,7.6178,7.6282,7.6269,7.6188,7.6125,7.6114,7.6126,7.6133,7.6142,7.6152,7.6132,7.6105,7.609,7.6,7.591
3.3371,3.3392,3.3414,3.3422,3.3434,3.3433,3.3441,3.3607,3.4214,3.5697,3.8037,4.1878,4.5084,4.8591,5.0962,5.3478,5.6347,5.724,5.7554,5.7742,5.8076,5.8292,5.8154,5.8092,5.8425,5.8075,5.7704,5.7638,5.7679,5.7664,5.7662,5.7676,5.7681,5.77,5.7718,5.7768,5.7785,5.7788,5.7801,5.778
9.2368,9.2489,9.2596,9.2674,9.2688,9.2699,9.2752,9.3501,9.543,9.8247,0.11184,0.37871,0.53778,0.68998,0.81169,0.94099,1.0812,1.2065,1.3098,1.3632,1.3941,1.3925,1.4315,1.4111,1.3408,1.3039,1.2782,1.2587,1.2413,1.2348,1.2376,1.2409,1.2388,1.2345,1.2322,1.2351,1.2365,1.2352,1.2313,1.2224
0.89258,0.89404,0.89551,0.89062,0.89062,0.89941,0.89941,0.95557,1.001,1.0967,0.87207,0.43896,0.2085,-0.091797,-0.24512,-0.26025,-0.27734,-0.36865,-0.36084,-0.50488,-0.2998,-0.50439,-0.46777,-0.48535,-0.53125,-0.48926,-0.46631,-0.46777,-0.46533,-0.47607,-0.48975,-0.47803,-0.47754,-0.47559,-0.47266,-0.44727,-0.38086,-0.23828,-0.20703,-0.20508
0.4043,0.4126,0.40625,0.41357,0.40039,0.40283,0.39551,0.40674,0.4375,0.82422,0.93359,1.0493,0.9165,0.76025,0.83496,0.78027,0.76172,0.7915,0.75146,0.54346,1.2583,0.79297,0.91553,0.84619,0.8623,0.88428,0.85742,0.8833,0.87793,0.87939,0.86621,0.88086,0.86914,0.88281,0.88672,0.86914,0.88232,0.81152,0.71973,0.77246
-0.1377,-0.1416,-0.1377,-0.14844,-0.14404,-0.14209,-0.14014,-0.15527,-0.12402,-0.12012,0.11816,0.11328,0.15186,0.11719,0.20605,0.20752,0.15283,0.14258,0.063477,-0.17578,-0.14453,-0.11865,-0.079102,-0.081543,-0.063477,-0.066895,-0.067871,-0.064941,-0.0625,-0.068359,-0.078125,-0.056152,-0.058105,-0.04834,-0.034668,-0.038086,-0.023438,0.048828,0.023926,0.080078
0,0,1,1,0,-2,0,-5,0,0,-10,0,-4,-1,-3,4,0,29,16,-6,-11,-90,-34,-28,8,7,-15,11,9,-16,-18,17,15,-52,25,9,-7,-20,4,-5
-2,2,-1,0,-1,-2,-1,-4,0,8,-26,5,10,-15,0,1,0,-51,47,27,-7,-7,-18,-3,6,-8,-6,5,-1,0,-8,-1,-7,-16,-12,-1,-9,-11,6,-7
-2,-1,-1,-3,-2,-1,-1,-7,0,7,-20,1,11,-17,-5,-2,-2,1,48,28,-7,0,-8,5,0,-5,0,1,4,-6,-3,-1,-6,-8,-5,-2,-4,-3,3,-6
-1,-1,-1,-1,0,-1,-2,-4,-1,11,-1,-19,-3,-1,-8,-4,-10,2,27,5,2,6,-8,15,4,0,-10,-9,2,-3,-3,-1,-2,-4,-2,-1,-1,-3,1,-3
0,-1,-1,-1,0,-2,-2,-3,-1,0,2,2,-4,5,-15,-11,-2,-4,4,-10,-1,6,-3,4,0,1,-5,-3,0,-4,-4,0,-3,-2,-1,-1,-1,-2,1,-2
0,0,-3,-1,-1,-1,-1,0,0,2,-4,11,-7,-4,-9,5,2,-11,-5,-8,-10,4,-5,1,2,0,-6,-2,0,-3,-5,-2,-5,-7,1,-1,-2,-2,1,-3
-4,-1,0,-1,-4,-1,-3,-11,11,4,2,-13,7,-9,-20,-6,-20,-13,-4,-12,-15,-3,-6,4,4,-1,-14,3,-6,-3,-2,-6,-4,-9,3,0,-5,-1,-3,0
-2,-1,1,1,-4,-4,-2,-3,20,1,2,-7,7,-3,-1,11,-7,-40,4,-36,-21,-63,11,10,14,7,-15,5,-30,-21,1,-14,2,-27,9,0,-14,-13,-1,0
-0.625,0.625,-2.75,2.1875,0.875,0.4375,1.5625,-2.25,0.125,-30.812,12.625,-17.062,-37.75,-24.188,29.875,19.312,20.062,22.812,17.062,-8.3125,58.062,-14.75,16.25,0.3125,-4.1875,-0.125,0.5625,-4.0625,-1,-0.5625,-0.9375,3.1875,2,-1.75,-2,-5.875,-12.125,-30.25,-33.875,-22.062
-0.625,0.625,-2.75,2.1875,0.875,0.4375,1.5625,-2.25,0.125,-30.812,12.625,-17.062,-37.75,-24.188,29.875,19.312,20.062,22.812,17.062,-8.3125,58.062,-14.75,16.25,0.3125,-4.1875,-0.125,0.5625,-4.0625,-1,-0.5625,-0.9375,3.1875,2,-1.75,-2,-5.875,-12.125,-30.25,-33.875,-22.062
-0.625,0.625,-2.75,2.1875,0.875,0.4375,1.5625,-2.25,0.125,-30.812,12.625,-17.062,-37.75,-24.188,29.875,19.312,20.062,22.812,17.062,-8.3125,58.062,-14.75,16.25,0.3125,-4.1875,-0.125,0.5625,-4.0625,-1,-0.5625,-0.9375,3.1875,2,-1.75,-2,-5.875,-12.125,-30.25,-33.875,-22.062
8.0605,8.0578,8.0527,8.0508,8.0498,8.0503,8.0497,8.047,7.9416,7.7612,7.4415,7.3128,7.1982,7.1261,7.1817,7.2682,7.3574,7.4598,7.5178,7.5515,7.6842,7.6471,7.6495,7.6423,7.6352,7.6262,7.6184,7.6152,7.6102,7.605,7.605,7.6067,7.6074,7.606,7.6019,7.5904,7.5678,7.4875,7.4254,7.3169
3.2055,3.2043,3.2042,3.2035,3.2038,3.207,3.2081,3.2103,3.2422,3.3765,3.7642,4.1727,4.6138,5.0393,5.4738,5.6907,5.8125,5.8919,5.9,5.8313,5.8051,5.8006,5.7646,5.7366,5.7378,5.7515,5.7604,5.7607,5.7564,5.7582,5.767,5.7717,5.776,5.7769,5.7785,5.7775,5.768,5.6944,5.6032,5.2685
9.728,9.731,9.7339,9.7375,9.7396,9.7416,9.7442,9.749,9.8518,0.043384,0.40739,0.61151,0.76774,0.9042,1.0962,1.249,1.3891,1.5262,1.5896,1.6443,1.5694,1.5301,1.5095,1.4934,1.4744,1.4476,1.4376,1.434,1.4312,1.4244,1.4204,1.4157,1.4113,1.4101,1.4085,1.4064,1.3936,1.3355,1.2756,1.1246
0.89014,0.89404,0.89453,0.89111,0.89014,0.89453,0.88672,0.89209,0.89551,0.89893,0.87744,0.87256,0.89062,0.90039,0.89941,1.0747,1.2031,0.76758,0.31738,0.054688,-0.21582,-0.25928,-0.34424,-0.4585,-0.46289,-0.51465,-0.61035,-0.4292,-0.46094,-0.54346,-0.49219,-0.49902,-0.47803,-0.46973,-0.47754,-0.49414,-0.48438,-0.4834,-0.48682,-0.47607
0.41455,0.41016,0.41357,0.41992,0.41846,0.41357,0.42139,0.41162,0.40479,0.41406,0.43701,0.42627,0.41748,0.40869,0.4165,0.56934,0.80908,1.2446,0.93359,0.67334,0.73926,0.729,0.7373,0.69971,0.69824,0.5332,0.77686,0.60449,0.9292,0.9126,0.90479,0.84912,0.87354,0.90918,0.84619,0.86328,0.89355,0.8623,0.87109,0.87793
-0.1333,-0.12988,-0.13184,-0.12891,-0.13281,-0.12793,-0.12793,-0.12939,-0.13721,-0.13477,-0.11914,-0.11768,-0.13525,-0.1416,-0.1416,-0.16406,0.024902,0.13135,0.18115,0.1875,0.22217,0.28223,0.21289,0.083984,0.10742,-0.084961,-0.21924,-0.12061,-0.089844,-0.048828,-0.010254,-0.024414,-0.025879,-0.01709,-0.038086,-0.026367,-0.017578,-0.026367,-0.031738,-0.023438
1,3,-1,1,-2,2,-1,-4,1,-2,-2,1,-1,-1,1,9,-2,-7,-4,1,-1,-1,3,12,-26,36,27,-36,-21,47,31,-27,5,7,7,-32,-2,7,-8,-8
-1,-3,0,-1,-1,-1,1,-3,1,-3,-2,0,-1,-3,-2,4,0,-20,-1,3,3,-5,4,4,-69,25,18,2,15,31,6,-11,-4,-3,-2,0,-2,9,-5,-1
-2,-3,-2,0,-1,-2,-1,-2,-1,0,-1,-2,-3,-1,-3,10,0,-14,-16,-10,-2,-7,7,-5,-11,22,5,-2,-3,10,3,-13,-1,3,-1,5,10,10,-1,3
0,-1,-2,-1,-1,-1,-1,0,-1,-1,0,0,-2,0,-1,2,-2,-10,-32,-16,-11,-11,15,-14,0,-7,13,-11,-7,1,5,-14,2,3,5,4,55,1,2,8
-2,-1,-2,-1,-1,0,-1,-1,0,-1,-1,1,0,-1,-2,0,2,5,-22,-10,-16,-11,-18,-6,5,-10,5,1,-5,1,-4,-7,2,0,8,0,6,1,-2,3
0,-1,-1,-2,-1,-1,-2,-1,-1,-2,1,-1,-1,0,-1,1,-9,-2,-30,-25,4,25,-23,-5,-2,-11,2,0,-3,2,-3,-1,1,0,0,2,0,-4,-3,3
-1,3,-4,0,2,5,0,-2,-3,2,0,1,0,1,7,5,-4,-4,21,-6,25,10,5,-18,-15,-30,5,-5,-3,8,0,-4,5,-1,0,2,-1,-6,-2,3
-1,11,-4,-3,-9,4,1,-3,-4,-1,0,1,2,0,2,20,0,-2,22,15,35,24,3,-29,-3,-23,-13,-39,-19,35,12,-37,8,-17,-6,-17,-13,-14,0,2
0.0625,-0.25,0.625,1.0625,1.8125,1.625,1.5625,1.75,0.6875,0.1875,2.8125,-0.125,0.375,2.5,1.4375,-35.625,-8.5625,-22.688,-90.062,-29.5,21.562,20.625,24.875,17.188,4.1875,9.8125,54.25,-43.5,2.875,-4.125,3.625,-2,-4.25,2.5625,-1.8125,1.125,4.625,-0.9375,-0.8125,1.375
0.0625,-0.25,0.625,1.0625,1.8125,1.625,1.5625,1.75,0.6875,0.1875,2.8125,-0.125,0.375,2.5,1.4375,-35.625,-8.5625,-22.688,-90.062,-29.5,21.562,20.625,24.875,17.188,4.1875,9.8125,54.25,-43.5,2.875,-4.125,3.625,-2,-4.25,2.5625,-1.8125,1.125,4.625,-0.9375,-0.8125,1.375
0.0625,-0.25,0.625,1.0625,1.8125,1.625,1.5625,1.75,0.6875,0.1875,2.8125,-0.125,0.375,2.5,1.4375,-35.625,-8.5625,-22.688,-90.062,-29.5,21.562,20.625,24.875,17.188,4.1875,9.8125,54.25,-43.5,2.875,-4.125,3.625,-2,-4.25,2.5625,-1.8125,1.125,4.625,-0.9375,-0.8125,1.375
7.991,7.991,7.991,7.9919,7.995,7.9974,7.9993,8.0013,8.003,7.9966,7.9832,7.9711,7.9727,7.9835,7.9882,7.9069,7.5465,7.3612,7.1578,7.0373,7.0465,7.1459,7.2474,7.3452,7.4327,7.4619,7.5244,7.5622,7.5599,7.5461,7.5448,7.5368,7.5313,7.5311,7.5301,7.5355,7.5394,7.5397,7.5413,7.5412
3.2185,3.2185,3.2185,3.2188,3.2204,3.2223,3.2249,3.2257,3.2258,3.2283,3.2332,3.2383,3.2393,3.2373,3.237,3.2707,3.5162,3.8991,4.3848,4.881,5.3254,5.7399,5.9051,5.996,6.0433,6.0214,5.8868,5.8351,5.802,5.7687,5.7612,5.7649,5.7732,5.7753,5.7786,5.7791,5.7797,5.7846,5.7926,5.798
9.8818,9.8818,9.8818,9.8817,9.8812,9.8813,9.8832,9.8837,9.8837,9.8921,9.9122,9.9254,9.9239,9.9157,9.9128,9.9726,0.30979,0.55594,0.69003,0.79375,0.89145,1.0473,1.1912,1.321,1.4282,1.4599,1.4392,1.3578,1.3242,1.3073,1.2972,1.2884,1.2752,1.272,1.2727,1.2722,1.2706,1.2698,1.2713,1.2708
0.89941,0.90088,0.90088,0.90283,0.90283,0.90186,0.90381,0.90674,0.95898,0.98438,1.0264,1.0293,0.69092,0.4585,-0.018555,-0.043457,-0.12793,-0.29492,-0.37988,-0.18945,-0.41309,-0.66064,-0.4751,-0.49512,-0.49023,-0.47559,-0.46973,-0.46875,-0.44873,-0.45947,-0.44189,-0.44678,-0.46143,-0.46289,-0.45898,-0.45117,-0.45508,-0.45557,-0.45801,-0.46387
0.38184,0.3877,0.38135,0.38818,0.38379,0.38721,0.38574,0.38818,0.37061,0.43994,0.55859,0.81445,1.0522,0.99756,0.86865,0.79443,0.81787,0.70752,0.77295,0.68506,0.45361,0.81787,0.76074,0.89209,0.93018,0.85059,0.88574,0.87793,0.86426,0.88672,0.88037,0.90332,0.90283,0.88184,0.8999,0.87256,0.89795,0.88379,0.8916,0.86768
-0.13135,-0.13623,-0.1377,-0.13672,-0.1377,-0.1333,-0.12646,-0.13477,-0.13574,-0.14551,-0.125,-0.034668,0.11035,0.16846,0.16309,0.20264,0.28711,0.10742,0.097168,0.23096,-0.1416,-0.38281,-0.060059,-0.12402,-0.08252,-0.055664,-0.047852,-0.065918,-0.06543,-0.05957,-0.052246,-0.043945,-0.04834,-0.048828,-0.047363,-0.056152,-0.039062,-0.049805,-0.041504,-0.048828
-1,-1,1,-3,0,-1,0,-2,-1,-3,-5,-6,-11,-3,-8,15,-14,-2,-71,3,44,-56,-25,-23,8,-44,-20,5,-42,11,20,12,-20,-8,0,8,-3,-10,17,3
-1,-1,0,-2,4,-3,0,-4,-6,-4,-4,-13,-11,-3,-15,6,-5,3,-62,-10,41,-30,5,-28,-2,27,-39,-8,-20,19,28,0,-4,-12,11,10,-2,-5,-23,-1
-2,-1,0,0,1,0,-1,-2,-3,-2,0,-14,-8,-1,-15,2,-4,1,-22,-6,10,-21,25,-29,-19,19,-11,-5,-5,6,13,-4,-3,-8,6,8,-2,-1,-11,0
0,0,-1,0,-4,-2,0,-1,-2,0,1,-7,2,-7,-12,2,-2,1,-9,-3,4,-4,15,-17,-15,23,5,-4,0,4,3,-10,-3,7,-1,16,3,-2,-12,5
-2,0,0,0,-1,-2,-1,-3,-1,0,-2,-2,12,2,-14,6,6,-13,-2,-5,3,4,2,-5,-5,4,0,-2,0,2,-1,-4,-2,1,-1,5,0,-1,-6,0
-3,-2,0,0,-2,-2,-3,0,0,-2,-3,-13,-11,21,-7,14,48,-35,3,-1,7,0,2,-2,-4,1,-1,0,-2,1,-3,-4,-1,2,-1,0,0,0,-2,-1
-3,-2,-1,-2,-3,-1,1,0,4,-11,-8,-10,-11,-10,-6,-7,-18,-11,6,-5,-2,-33,-2,4,-4,-5,-2,0,-2,6,-4,-3,-3,7,1,-1,-1,-2,-5,0
-5,-1,-1,-1,0,1,-1,3,-9,-1,-13,-11,-20,-15,-12,45,-41,-15,-19,37,2,-51,-13,-5,-7,-31,6,-11,-7,22,-1,11,-17,1,4,-16,-8,-14,19,5
4.75,3.75,0.875,-1.125,-1.1875,-2,-3.125,-1.1875,-5.75,18.188,9.1875,13.25,5.0625,-24.188,-19.625,-22.938,22.875,26.438,17,22.438,19.062,42.375,-26.125,7.75,-0.75,-1.9375,-3,-1.375,-1.4375,1.375,2.125,4.375,1.4375,-1.125,1.875,0.5,0.1875,-0.1875,-0.4375,0.0625
4.75,3.75,0.875,-1.125,-1.1875,-2,-3.125,-1.1875,-5.75,18.188,9.1875,13.25,5.0625,-24.188,-19.625,-22.938,22.875,26.438,17,22.438,19.062,42.375,-26.125,7.75,-0.75,-1.9375,-3,-1.375,-1.4375,1.375,2.125,4.375,1.4375,-1.125,1.875,0.5,0.1875,-0.1875,-0.4375,0.0625
4.75,3.75,0.875,-1.125,-1.1875,-2,-3.125,-1.1875,-5.75,18.188,9.1875,13.25,5.0625,-24.188,-19.625,-22.938,22.875,26.438,17,22.438,19.062,42.375,-26.125,7.75,-0.75,-1.9375,-3,-1.375,-1.4375,1.375,2.125,4.375,1.4375,-1.125,1.875,0.5,0.1875,-0.1875,-0.4375,0.0625
8.0168,8.0216,8.0299,8.0356,8.0386,8.0366,8.0325,8.0268,8.0087,7.9517,7.8141,7.6091,7.371,7.2388,7.142,7.1166,7.1721,7.2938,7.386,7.4383,7.5271,7.5951,7.6569,7.6257,7.6265,7.6187,7.611,7.6012,7.5953,7.5927,7.5928,7.5892,7.5876,7.5848,7.5865,7.5858,7.5865,7.5877,7.5885,7.5873
3.1913,3.185,3.1779,3.1749,3.1738,3.1744,3.1754,3.1755,3.1774,3.1963,3.2691,3.4363,3.841,4.2517,4.858,5.1243,5.5606,5.8477,5.9607,5.992,5.9127,5.8247,5.8137,5.7699,5.7435,5.7358,5.7344,5.7372,5.7408,5.7408,5.7407,5.736,5.7365,5.7412,5.7471,5.752,5.7549,5.7574,5.7591,5.7613
9.8151,9.818,9.8133,9.8073,9.8,9.7988,9.798,9.7991,9.8133,9.8947,0.067539,0.32908,0.68233,0.8537,1.0242,1.0893,1.2237,1.3825,1.4801,1.5448,1.6606,1.6654,1.5402,1.5135,1.5044,1.499,1.4845,1.4721,1.462,1.4512,1.4489,1.4401,1.4351,1.4324,1.4311,1.4305,1.4305,1.4322,1.4321,1.4319
0.91064,0.91309,0.91113,0.9082,0.91113,0.91211,0.91016,0.93701,1.1221,1.0527,0.97998,0.46826,0.27393,-0.048828,-0.063477,-0.15527,-0.36475,-0.41748,-0.46631,-0.38135,-0.43945,-0.42773,-0.43018,-0.42139,-0.41943,-0.38867,-0.39746,-0.40186,-0.41504,-0.40869,-0.39795,-0.40186,-0.41016,-0.39111,-0.30371,-0.26562,-0.25244,-0.21582,-0.086426,0.27295
0.36572,0.37354,0.3667,0.36719,0.37207,0.3667,0.35889,0.3623,0.43506,0.74219,1.022,1.001,0.83301,0.78467,0.78662,0.60693,0.44629,1.4248,0.70508,0.86084,0.94092,0.9751,0.91211,0.90088,0.89355,0.89209,0.90771,0.92188,0.92383,0.90137,0.91846,0.9165,0.91064,0.90137,0.92139,0.88232,0.73584,0.6958,0.57861,0.83398
-0.13965,-0.13281,-0.14453,-0.14844,-0.14209,-0.14062,-0.13721,-0.14404,-0.19629,-0.058105,0.18896,0.14648,0.13184,0.33398,0.2832,0.10645,-0.098145,-0.027832,-0.14551,-0.08252,-0.081543,-0.02832,-0.04248,-0.042969,-0.047852,-0.04834,-0.036133,-0.028809,-0.032715,-0.032715,-0.033691,-0.037109,-0.050781,-0.022461,-0.04834,0.0078125,0.010742,0.1001,0.043457,0.052246
-3,-2,-1,-1,-2,-2,3,0,-1,-8,0,-10,-2,-1,-83,-29,-78,-60,-30,-22,-24,-3,10,7,78,-46,55,12,-23,-40,15,-21,18,0,-14,1,-1,-1,-1,-2
0,-2,-2,-2,0,-1,3,5,-1,12,-13,-9,1,0,-45,-34,-87,-7,-29,-8,-14,-25,0,17,15,-9,10,3,-24,-14,0,11,32,-4,-9,-1,-2,0,-3,0
-1,0,-1,-1,-2,-1,2,3,0,-5,-28,-15,0,1,-21,-12,-46,-3,-14,-10,0,-5,-4,14,2,-3,1,-1,-17,-6,-4,8,20,-3,-5,-1,-2,0,-3,-2
0,-1,-1,-2,0,-2,0,0,-3,-7,6,-11,-3,5,-12,-16,-28,-8,2,4,19,2,-5,3,1,6,2,-5,-12,-4,-3,3,5,-3,0,0,-2,-1,-4,2
-1,-1,-1,-2,0,-1,-2,-1,0,-5,-14,6,-11,8,-6,-7,-2,0,-4,3,7,1,-2,-1,-3,0,-1,-2,-3,-2,-1,2,0,-1,-1,-2,-2,-1,-1,0
0,-1,0,-3,-1,-1,-1,-4,0,-6,37,2,8,14,-2,-3,1,-1,-7,1,2,-6,-1,-1,-2,-2,0,-2,-2,-2,0,2,0,-3,-2,-2,0,-2,-2,1
-2,-1,-1,-1,0,1,-10,-2,-3,-10,12,0,23,-11,-11,-7,-34,-3,0,2,-3,-8,-1,0,1,-2,-6,-4,-4,-3,1,1,-5,-1,-7,-3,0,-4,-15,-1
0,-1,-3,-2,0,0,-8,-2,-8,-17,5,-8,6,-42,-11,-5,-58,-44,-23,-3,-7,-7,15,4,34,-12,-2,-11,-28,-27,26,-18,-16,-2,-16,5,-2,5,-5,0
0.25,0.4375,-0.25,-1.0625,-1.125,-0.0625,-0.0625,-4.25,-8,22.062,9.125,-49.125,-38.812,8.4375,48.938,35.875,27.625,75.625,-57.812,3.6875,-16.688,0.5625,-2.5,-5.375,-2.3125,-1.1875,0.9375,2.1875,5.25,2.875,1.0625,-1.5625,-0.375,-3.375,-9.25,-17.375,-17,-12.188,9.9375,33.812
0.25,0.4375,-0.25,-1.0625,-1.125,-0.0625,-0.0625,-4.25,-8,22.062,9.125,-49.125,-38.812,8.4375,48.938,35.875,27.625,75.625,-57.812,3.6875,-16.688,0.5625,-2.5,-5.375,-2.3125,-1.1875,0.9375,2.1875,5.25,2.875,1.0625,-1.5625,-0.375,-3.375,-9.25,-17.375,-17,-12.188,9.9375,33.812
0.25,0.4375,-0.25,-1.0625,-1.125,-0.0625,-0.0625,-4.25,-8,22.062,9.125,-49.125,-38.812,8.4375,48.938,35.875,27.625,75.625,-57.812,3.6875,-16.688,0.5625,-2.5,-5.375,-2.3125,-1.1875,0.9375,2.1875,5.25,2.875,1.0625,-1.5625,-0.375,-3.375,-9.25,-17.375,-17,-12.188,9.9375,33.812
8.0663,8.0664,8.0749,8.0788,8.0855,8.092,8.092,8.084,7.9799,7.6962,7.4694,7.2658,7.1326,7.0894,7.2038,7.3622,7.5515,7.6631,7.6318,7.5999,7.5915,7.5873,7.5768,7.5692,7.567,7.5586,7.5587,7.5593,7.5598,7.5619,7.563,7.5605,7.5572,7.5471,7.5271,7.4745,7.4149,7.3497,7.3272,7.3981
3.1619,3.1605,3.1548,3.1529,3.1513,3.1499,3.1496,3.1517,3.1887,3.3385,3.6299,4.0213,4.4832,5.2146,5.5706,5.7895,5.7953,5.7103,5.7395,5.7072,5.6655,5.639,5.6369,5.6384,5.6398,5.6486,5.6501,5.6513,5.6553,5.6608,5.6634,5.6645,5.6662,5.6712,5.6683,5.6393,5.5478,5.3405,4.8803,4.404
9.7193,9.7192,9.7101,9.7046,9.6955,9.687,9.6872,9.6924,9.8028,0.15386,0.46283,0.67881,0.82294,1.0447,1.2047,1.4134,1.6197,1.618,1.5991,1.5806,1.5745,1.5775,1.5736,1.5675,1.5642,1.5501,1.5441,1.5364,1.5255,1.5185,1.5119,1.5088,1.5066,1.4956,1.4706,1.4154,1.3188,1.1763,0.981,0.81534
0.87891,0.87402,0.87549,0.88135,0.88525,0.9043,0.9541,1.0347,1.0278,0.69238,0.21484,-0.067871,-0.056152,-0.063477,-0.27539,-0.48389,-0.32031,-0.36768,-0.37012,-0.45508,-0.45117,-0.39307,-0.41162,-0.41748,-0.41553,-0.41602,-0.41309,-0.41357,-0.40137,-0.3584,-0.37842,-0.48438,-0.19971,-0.15967,0.10547,0.24805,0.68018,0.76855,0.93164,1.0312
0.42578,0.43457,0.44189,0.43506,0.43457,0.42285,0.54443,0.66211,1.042,1.1821,0.93994,0.5874,0.7002,0.69336,0.41553,0.16162,1.6943,0.95752,0.896,0.83447,0.9668,0.85693,0.8291,0.91406,0.92139,0.91602,0.87598,0.896,0.90234,0.84229,0.97656,0.72461,0.61523,0.67627,0.76953,1.0283,0.9751,0.91504,0.72168,0.55518
-0.13379,-0.13672,-0.13525,-0.13721,-0.1377,-0.14746,-0.1875,-0.14111,0.0625,0.10449,0.28369,0.37842,0.32861,0.39648,-0.0053711,-0.38721,-0.37354,-0.1748,-0.23242,-0.19189,-0.1665,-0.16309,-0.14355,-0.15137,-0.15332,-0.14111,-0.14893,-0.14893,-0.13574,-0.094727,-0.12939,-0.085449,0.02832,0.07666,0.071777,-0.0019531,0.032227,0.021484,-0.10596,-0.17188
-2,-3,-1,0,0,-2,-2,4,-5,4,2,0,-4,127,-30,3,20,13,-21,27,-19,-21,1,-32,7,-42,-9,-40,6,-7,-2,-17,6,1,-1,0,1,-1,-1,-2
-3,-1,-1,0,-1,-3,-4,9,-7,-1,3,5,0,127,-21,-44,5,-3,-6,12,12,-5,5,16,1,-8,-4,-29,1,-4,-4,-20,7,2,-1,-1,-1,-3,-4,-1
-2,-2,0,-2,0,-1,-5,-5,12,-5,-1,6,-1,127,2,-40,-18,-9,-16,7,10,-5,-1,12,3,-6,-1,-18,1,-2,-4,-9,6,-1,-1,2,0,-3,-3,-3
-2,-4,0,-2,-1,1,-4,0,6,-38,-5,-23,-6,68,12,-17,-36,-18,-29,12,1,-7,3,0,4,-14,-3,-8,0,-6,-10,-3,3,-2,5,-2,-2,-1,-2,-2
-2,-1,-2,-1,-2,0,-3,-5,2,-10,-4,-43,0,44,9,-25,-8,-6,-8,3,-3,-5,1,-1,-1,-7,-3,-8,0,-3,-3,-5,-2,-4,5,-3,-2,0,-2,-2
-1,1,-2,-1,0,-1,-3,1,2,-6,14,-76,18,26,0,-25,1,-2,-10,9,-3,-1,-1,-1,2,-5,-4,-9,-2,-2,-1,-7,-11,5,-3,0,-1,0,-2,0
-1,-2,-2,-1,-2,-1,-2,-2,3,2,-1,-27,3,25,-2,-33,1,-2,-15,19,-8,-1,-3,-3,3,-12,-4,-16,4,-8,-6,-7,-17,-1,-2,-3,0,-1,-1,-2
0,-3,1,-3,-1,0,2,-1,3,-4,12,-1,-33,30,35,-46,44,29,-49,47,-58,-25,-21,-42,14,-83,0,-70,9,-11,-4,-12,2,1,2,-4,4,0,0,-2
-0.8125,-1.0625,-1.125,-3.625,-1.5,-3.25,-14.562,-32.188,-5.6875,-59.75,-83.562,4.5,49.5,108.19,52.062,40.25,55.062,0.5625,-1.3125,-8.5,4.125,10.25,-2.6875,-1.6875,1.75,1.6875,0.5,-0.5625,-3.4375,-16.938,-38.312,-20.688,-1.625,-8,19.625,7.5625,-29.125,-15.375,-30.875,-5.875
-0.8125,-1.0625,-1.125,-3.625,-1.5,-3.25,-14.562,-32.188,-5.6875,-59.75,-83.562,4.5,49.5,108.19,52.062,40.25,55.062,0.5625,-1.3125,-8.5,4.125,10.25,-2.6875,-1.6875,1.75,1.6875,0.5,-0.5625,-3.4375,-16.938,-38.312,-20.688,-1.625,-8,19.625,7.5625,-29.125,-15.375,-30.875,-5.875
-0.8125,-1.0625,-1.125,-3.625,-1.5,-3.25,-14.562,-32.188,-5.6875,-59.75,-83.562,4.5,49.5,108.19,52.062,40.25,55.062,0.5625,-1.3125,-8.5,4.125,10.25,-2.6875,-1.6875,1.75,1.6875,0.5,-0.5625,-3.4375,-16.938,-38.312,-20.688,-1.625,-8,19.625,7.5625,-29.125,-15.375,-30.875,-5.875
7.9632,7.9751,7.9889,8.0006,8.0126,8.015,7.9742,7.6993,7.4727,7.2719,7.0189,6.9517,7.0471,7.3409,7.6184,7.704,7.8627,7.7836,7.7752,7.7812,7.793,7.7843,7.7737,7.7739,7.7737,7.7747,7.7718,7.7704,7.7608,7.7288,7.6751,7.5707,7.5024,7.453,7.4389,7.4869,7.5087,7.5773,7.7505,7.9349
3.2763,3.267,3.2559,3.2499,3.2441,3.2425,3.2607,3.4035,3.647,4.0388,4.6458,5.0893,5.4717,5.8238,5.9379,5.7995,5.7373,5.7202,5.6842,5.6527,5.6489,5.6569,5.664,5.6657,5.6666,5.6693,5.6732,5.6771,5.6815,5.6846,5.6862,5.7157,5.655,5.4281,4.9251,4.497,4.0939,3.7867,3.4617,3.2944
0.13649,0.12355,0.10322,0.085045,0.066206,0.057162,0.088447,0.30816,0.57077,0.79062,0.97667,1.1063,1.2554,1.5082,1.754,1.8567,1.7973,1.7606,1.7684,1.7928,1.7949,1.7752,1.7472,1.7332,1.7298,1.727,1.7245,1.7222,1.7136,1.6999,1.6845,1.6047,1.4698,1.3664,1.2681,1.181,1.0463,0.88875,0.59105,0.34151
0.89453,0.89844,0.8999,0.89746,0.90039,0.89795,0.90137,0.89893,0.90967,0.99512,1.0366,0.93359,0.6001,0.27686,-0.055176,-0.24805,-0.2627,-0.24219,-0.26172,-0.81641,-0.38721,-0.57764,-0.56348,-0.54004,-0.55859,-0.53955,-0.55078,-0.52393,-0.5293,-0.53516,-0.53076,-0.5293,-0.53174,-0.50928,-0.47363,-0.36182,-0.41895,-0.41016,-0.13135,0.053223
0.40088,0.40234,0.40186,0.4043,0.39697,0.39941,0.396,0.40283,0.40576,0.59521,0.70703,1.0332,1.0874,0.98682,0.7124,0.78174,0.76611,0.70605,0.46582,0.61865,0.95166,0.94092,0.87988,0.76221,0.77686,0.83789,0.82373,0.81445,0.79639,0.80518,0.81738,0.80029,0.80127,0.82031,0.80566,0.78271,0.71387,0.74121,0.5835,0.7583
-0.12451,-0.12939,-0.1333,-0.13037,-0.12451,-0.12451,-0.13086,-0.12549,-0.12695,-0.21387,-0.043457,0.14062,0.2041,0.25439,0.28613,0.26514,0.31689,0.31006,0.10547,-0.396,-0.28906,-0.21387,-0.26025,-0.25781,-0.22656,-0.25244,-0.23828,-0.23047,-0.22607,-0.22559,-0.23535,-0.23535,-0.23975,-0.21582,-0.1792,-0.15137,-0.088867,-0.04541,0.12207,-0.0097656
-2,-5,0,0,2,-1,-4,0,-7,-10,5,5,-1,-6,-6,-3,-6,-87,-116,5,-80,-6,1,-11,17,-13,-33,46,-46,-18,9,10,-27,-16,7,-3,0,0,-13,-1
-2,-2,-4,0,0,-1,-1,-1,-4,-15,1,-1,-1,-9,-6,-2,-11,-60,-89,33,-36,8,-8,-5,11,2,-3,13,-6,1,-6,7,-8,-4,-3,-3,-2,-1,0,-3
-1,-2,-2,-1,-2,0,-1,-2,-1,-7,-1,10,10,-13,-4,-2,-11,-32,-64,18,-23,-14,-10,-5,3,5,6,10,-2,8,-8,1,-2,-4,-2,-3,-1,-1,0,-4
-1,-2,-1,-1,-1,1,-1,-2,-3,0,10,3,8,-9,-5,1,-7,-11,-19,-7,-8,-26,4,15,-11,4,11,21,-3,14,-11,6,-1,-1,-2,-2,-2,-4,-3,-4
0,-1,-1,-1,0,-1,-2,-1,-2,0,1,-2,3,0,4,15,-9,-8,-8,-13,-4,-5,-1,-2,-4,2,3,1,0,3,-4,-1,-1,1,-1,-3,-1,-1,-3,1
-1,0,0,-1,0,0,-1,-2,-1,-1,-2,-5,5,-19,23,25,2,-6,-10,6,-7,1,7,-17,1,3,0,-2,2,1,1,1,-1,-1,-1,-1,0,0,-1,-31
0,1,-1,-1,0,-4,0,0,-2,-3,-2,-3,-3,-13,-6,9,-3,-4,-14,35,-19,3,5,-3,5,10,-2,-8,0,1,-2,3,-4,0,3,-2,-2,-4,-3,-14
-3,2,-3,-4,-2,-10,-3,-1,-10,6,3,5,1,-28,6,21,4,-47,-20,38,-53,-13,-5,-11,-5,73,-19,-2,-21,-15,0,4,-23,-23,5,3,-2,-2,-11,-4
0.875,0.125,-0.1875,0.3125,2.125,2.125,1.4375,0.9375,-0.1875,-37.875,-37.188,-25.562,-57.375,-62.25,0.1875,30.688,27.812,77.625,82.25,168.31,-27,32.438,-3.3125,-5.1875,-11,-1,-1.1875,5,-1.6875,-0.5,-0.6875,-1.625,-3.1875,0.8125,-14.312,-62.562,-44.75,-23.25,-10.562,30.375
0.875,0.125,-0.1875,0.3125,2.125,2.125,1.4375,0.9375,-0.1875,-37.875,-37.188,-25.562,-57.375,-62.25,0.1875,30.688,27.812,77.625,82.25,168.31,-27,32.438,-3.3125,-5.1875,-11,-1,-1.1875,5,-1.6875,-0.5,-0.6875,-1.625,-3.1875,0.8125,-14.312,-62.562,-44.75,-23.25,-10.562,30.375
0.875,0.125,-0.1875,0.3125,2.125,2.125,1.4375,0.9375,-0.1875,-37.875,-37.188,-25.562,-57.375,-62.25,0.1875,30.688,27.812,77.625,82.25,168.31,-27,32.438,-3.3125,-5.1875,-11,-1,-1.1875,5,-1.6875,-0.5,-0.6875,-1.625,-3.1875,0.8125,-14.312,-62.562,-44.75,-23.25,-10.562,30.375
7.9812,7.9831,7.9831,7.9831,7.9841,7.9851,7.9846,7.9857,7.9858,7.9327,7.598,7.3664,7.1865,7.0355,6.9571,7.0185,7.1125,7.3309,7.6342,7.8996,8.0393,8.0122,7.9911,7.975,7.9593,7.9539,7.9505,7.9493,7.9447,7.9438,7.9417,7.9403,7.9367,7.9336,7.9091,7.7922,7.6696,7.5708,7.445,7.468
3.2004,3.2001,3.2001,3.2005,3.1997,3.1997,3.1998,3.1998,3.1996,3.2257,3.409,3.6949,4.0873,4.5279,5.1106,5.4849,5.752,6.0025,6.1224,5.9703,5.9648,5.9305,5.9191,5.9145,5.9067,5.8982,5.8924,5.8905,5.8899,5.8898,5.8842,5.8808,5.8818,5.8838,5.8802,5.8626,5.8016,5.6907,5.351,4.9486
0.14052,0.13922,0.13922,0.139,0.14087,0.14415,0.1474,0.14842,0.14847,0.17759,0.41137,0.65433,0.81391,0.91613,1.0254,1.1288,1.2541,1.4578,1.7123,1.8735,1.8318,1.8057,1.7838,1.7783,1.7719,1.7669,1.7652,1.7581,1.7509,1.7501,1.7506,1.7512,1.7492,1.7412,1.7284,1.6963,1.6423,1.5227,1.3167,1.2016
0.89014,0.89307,0.8877,0.89355,0.89355,0.91943,1.1538,0.9917,0.65283,0.19971,-0.071289,-0.24902,-0.19824,-0.2373,-0.26855,-0.36865,-0.4209,-0.375,-0.69434,-0.73438,-0.53906,-0.47412,-0.59082,-0.62158,-0.63574,-0.59277,-0.5957,-0.60889,-0.63965,-0.63428,-0.61475,-0.61523,-0.61279,-0.59082,-0.57666,-0.32666,-0.30225,-0.32373,-0.31299,-0.23779
0.41064,0.41406,0.40918,0.41406,0.41406,0.49805,0.61084,0.93799,1.2246,1.0283,0.83643,0.77051,0.69238,0.66602,0.76953,0.85645,0.92236,0.90674,0.8374,0.77148,0.67969,0.80957,0.72217,0.64453,0.64795,0.73828,0.72705,0.73291,0.68359,0.72412,0.73389,0.71777,0.73926,0.73877,0.75293,0.69287,0.63965,0.65332,0.76807,0.79688
-0.14111,-0.13525,-0.13525,-0.14404,-0.13721,-0.16943,-0.17285,0.097168,0.16162,0.12402,0.2002,0.20459,0.20898,0.073242,0.024902,-0.052246,-0.10938,0.029785,-0.30273,-0.37891,-0.4375,-0.22559,-0.29834,-0.30615,-0.30322,-0.28369,-0.30176,-0.30713,-0.32666,-0.30371,-0.2876,-0.29248,-0.28711,-0.28076,-0.22998,-0.17432,-0.035156,0.018555,0.090332,0.029785
2,-1,-2,-2,3,-2,0,-6,1,-4,-17,5,2,2,3,0,78,-22,-34,55,17,-66,12,6,4,-5,0,15,27,-23,6,-3,18,-25,54,-9,8,-3,-1,0
-1,-1,-2,0,1,3,-16,9,2,-7,-8,1,3,2,-1,-1,65,-32,33,13,6,-7,-5,4,-7,2,-2,2,14,-5,-11,-9,3,-6,-1,-2,1,-3,-1,-4
0,0,-2,-3,-1,3,-11,16,2,-12,-4,3,1,4,1,0,21,-8,21,-2,0,3,-4,6,-9,-1,-6,-1,9,1,-7,-6,-1,-4,-6,1,0,-1,-1,-4
-3,-2,-1,0,-1,-1,2,10,8,-7,-11,3,2,2,1,0,3,-3,1,-6,4,4,-3,1,-4,-2,-1,-3,0,1,-1,2,-2,-1,-3,0,-1,-1,-1,-1
0,-2,-1,-1,-1,-1,-1,2,-5,5,-20,-2,-23,-1,0,-5,3,-1,2,-4,2,2,1,-4,0,0,-1,-3,-3,-1,0,1,-1,-1,-2,-1,-1,1,-1,0
0,-2,0,-1,-1,0,-2,0,-3,-5,-41,4,-60,-28,-14,-8,2,-1,2,-3,4,0,-3,-3,-2,1,0,-1,-4,-1,-1,-1,-2,0,-7,2,0,-1,-3,0
0,0,-1,-1,0,5,-4,2,-1,3,-24,9,-11,-13,-1,-11,30,-14,-5,1,11,-1,-11,-1,-8,-5,1,-3,-6,-1,-3,2,-3,-2,-2,1,-3,2,3,-4
0,-2,-1,-2,2,2,1,-17,1,9,-62,14,27,13,48,-17,32,-17,-72,1,44,1,-3,-10,-11,-5,-2,-2,-17,-23,16,5,2,-5,14,-6,-7,8,10,4
1.125,0.75,0.8125,0.875,1.1875,-12.625,-90.688,24.75,-27.562,-57.062,5.5625,32.062,39.125,26.438,23.375,17.312,12.875,50.875,32.938,47.5,54.938,22.062,17.125,5.9375,-0.6875,-1.625,-12.625,1.875,-6,1.8125,1.0625,-5.75,0.8125,-1.1875,-13.75,-51.188,-50.188,-60.812,-50.938,-24.875
1.125,0.75,0.8125,0.875,1.1875,-12.625,-90.688,24.75,-27.562,-57.062,5.5625,32.062,39.125,26.438,23.375,17.312,12.875,50.875,32.938,47.5,54.938,22.062,17.125,5.9375,-0.6875,-1.625,-12.625,1.875,-6,1.8125,1.0625,-5.75,0.8125,-1.1875,-13.75,-51.188,-50.188,-60.812,-50.938,-24.875
1.125,0.75,0.8125,0.875,1.1875,-12.625,-90.688,24.75,-27.562,-57.062,5.5625,32.062,39.125,26.438,23.375,17.312,12.875,50.875,32.938,47.5,54.938,22.062,17.125,5.9375,-0.6875,-1.625,-12.625,1.875,-6,1.8125,1.0625,-5.75,0.8125,-1.1875,-13.75,-51.188,-50.188,-60.812,-50.938,-24.875
8.0063,8.0074,8.0074,8.0099,8.0111,7.9863,7.7182,7.4665,7.3115,7.1624,7.101,7.1613,7.3255,7.4682,7.5767,7.645,7.6885,7.7466,7.8589,7.9863,8.0733,8.1436,8.1646,8.1734,8.1578,8.1441,8.1211,8.1168,8.1134,8.1159,8.1083,8.1001,8.0977,8.0907,8.0685,7.9508,7.7945,7.6067,7.4323,7.3283
3.2308,3.2304,3.2304,3.2296,3.2294,3.2404,3.363,3.6077,4.0042,4.4801,5.1152,5.5038,5.8085,5.8572,5.8168,5.7678,5.7569,5.7923,5.8443,5.8923,5.9298,5.9866,6.0264,6.0506,6.0449,6.0378,6.0362,6.0388,6.0421,6.0454,6.0479,6.0562,6.0643,6.0669,6.0653,6.0544,5.9887,5.7999,5.4553,4.8311
0.14879,0.14805,0.14805,0.14708,0.14814,0.16523,0.30412,0.58409,0.80687,0.94429,1.0985,1.226,1.436,1.623,1.7742,1.8689,1.9021,1.9231,2.0034,2.0549,2.032,1.9651,1.9576,1.9472,1.9234,1.9024,1.8913,1.8922,1.895,1.8897,1.8807,1.8761,1.8724,1.8647,1.8574,1.8094,1.7058,1.5512,1.3657,1.134
0.89941,0.89551,0.89893,0.8916,0.89893,0.89893,0.91357,1.0176,1.2456,0.90723,0.38037,0.077637,-0.10303,-0.25342,-0.22607,-0.24756,-0.28906,-0.4165,-0.38379,-0.63672,-0.52246,-0.60986,-0.57471,-0.49365,-0.53516,-0.53906,-0.51465,-0.50977,-0.48047,-0.47852,-0.48535,-0.48926,-0.48682,-0.47363,-0.4873,-0.48242,-0.47949,-0.47852,-0.47803,-0.47803
0.3999,0.40625,0.40771,0.40576,0.40527,0.40527,0.40039,0.44336,0.61377,0.99072,1.1021,0.92822,0.96729,0.896,0.75244,0.62793,0.62646,0.73486,0.80957,0.78271,0.7251,0.74854,0.75928,0.96973,0.80762,0.82129,0.8667,0.8374,0.84521,0.81201,0.81348,0.80957,0.81934,0.82959,0.82617,0.85352,0.82471,0.84375,0.83057,0.83691
-0.13135,-0.13184,-0.13135,-0.12842,-0.12891,-0.1333,-0.1416,-0.16211,-0.071289,0.13721,0.14941,0.23633,0.29297,0.16504,0.13574,0.064941,-0.0083008,-0.12354,-0.041504,-0.30518,-0.25928,-0.3291,-0.29297,-0.24219,-0.26953,-0.28906,-0.26172,-0.24902,-0.23828,-0.24316,-0.25342,-0.24512,-0.24707,-0.23438,-0.24316,-0.24609,-0.24463,-0.2373,-0.23975,-0.23877
-1,-2,0,0,-1,1,-3,-2,-13,-2,-5,-4,2,-1,-4,0,16,-7,-58,-51,-4,14,9,-26,11,-3,-20,-20,-3,-10,3,4,27,-10,33,-20,-15,-26,-12,-11
-2,-2,-2,0,-1,1,-3,-6,-10,12,-7,-18,-9,-5,-2,2,2,-8,-16,-25,18,3,16,-17,4,-28,-18,24,-10,12,3,9,-11,-12,5,-4,-10,11,-8,-17
-1,-1,0,-1,-3,-1,-2,-16,-32,5,-24,-17,-14,-5,-3,-1,0,-7,-11,-14,-5,5,17,-1,-6,-11,-15,10,-8,7,5,2,-4,-5,5,-1,0,4,-5,-13
-1,-1,0,-1,-1,-1,-3,-2,-22,-7,-10,-19,-8,8,-12,4,-2,-10,-10,-20,-5,-1,12,-2,-6,0,-6,0,-3,3,5,-5,-2,0,-2,-2,0,3,0,-8
-2,0,0,-2,0,0,0,0,-6,-4,-7,-9,-6,-2,-16,7,-3,-5,-10,-15,-2,-4,5,-7,-3,3,-5,1,-2,-2,1,-3,1,-3,0,0,0,3,-1,-5
-1,-3,-1,0,0,-1,0,-2,-5,-2,-9,-1,-5,8,-39,11,-8,-2,-3,-13,-6,-6,1,-4,0,-2,-3,0,-1,-1,1,-3,0,-4,-1,1,2,3,-2,-2
-1,-1,-1,0,-2,-1,1,1,-8,-4,-9,-5,-7,9,-28,13,6,3,3,-13,-8,-4,6,1,-4,-6,-11,4,-2,-6,-5,-5,7,-4,0,0,-3,1,-2,2
-1,0,-2,-1,-1,0,-5,0,-5,-9,3,-3,0,7,-37,8,53,9,-24,28,-21,7,33,27,-6,-12,10,8,-5,-9,17,-5,-18,-4,10,-20,-11,-9,-6,11
-0.125,0.75,1,0.8125,-0.3125,-0.3125,-2.75,-1.125,-81.188,29,-47.312,-24.875,49.188,57.938,54.812,29.062,11.062,1.9375,13.312,18.438,23.062,38.188,13.75,17.375,-14.188,-6.3125,2.125,-0.25,5.6875,6.8125,-4.375,-0.625,0.75,2.125,-2.25,2.5625,-2.25,0.125,-0.1875,0.5
-0.125,0.75,1,0.8125,-0.3125,-0.3125,-2.75,-1.125,-81.188,29,-47.312,-24.875,49.188,57.938,54.812,29.062,11.062,1.9375,13.312,18.438,23.062,38.188,13.75,17.375,-14.188,-6.3125,2.125,-0.25,5.6875,6.8125,-4.375,-0.625,0.75,2.125,-2.25,2.5625,-2.25,0.125,-0.1875,0.5
-0.125,0.75,1,0.8125,-0.3125,-0.3125,-2.75,-1.125,-81.188,29,-47.312,-24.875,49.188,57.938,54.812,29.062,11.062,1.9375,13.312,18.438,23.062,38.188,13.75,17.375,-14.188,-6.3125,2.125,-0.25,5.6875,6.8125,-4.375,-0.625,0.75,2.125,-2.25,2.5625,-2.25,0.125,-0.1875,0.5
7.9914,7.9919,7.9955,7.9955,7.9955,7.9952,7.9926,7.9761,7.618,7.4157,7.2584,7.1016,7.1352,7.255,7.4746,7.6172,7.7153,7.7898,7.8193,7.8749,7.921,7.9694,7.9888,7.9967,7.9757,7.9626,7.9625,7.9589,7.9613,7.961,7.9595,7.9582,7.9564,7.9554,7.952,7.954,7.95,7.9486,7.9437,7.9437
3.2072,3.2066,3.2068,3.2068,3.2068,3.2085,3.2133,3.2259,3.4216,3.7121,4.1106,4.6986,5.1244,5.5047,5.8439,5.9649,5.9867,5.9514,5.9405,5.9561,5.9606,5.9368,5.8939,5.8547,5.8375,5.8126,5.7987,5.7974,5.8039,5.807,5.8041,5.8032,5.8019,5.8003,5.7977,5.7975,5.7986,5.7993,5.7983,5.7983
0.11564,0.11609,0.11583,0.11583,0.11583,0.11503,0.11403,0.13093,0.37455,0.6363,0.82221,0.97602,1.0896,1.2372,1.4675,1.6342,1.7682,1.8855,1.9235,1.9703,1.9732,1.9543,1.8932,1.8395,1.8223,1.8142,1.8078,1.8035,1.7983,1.7963,1.7917,1.7901,1.7802,1.7762,1.7732,1.7713,1.7702,1.7669,1.7645,1.7645
0.88135,0.88428,0.87891,0.88184,0.86719,0.86621,0.92969,1.0225,0.98242,0.73486,0.37012,0.040527,-0.096191,-0.26172,-0.31543,-0.42725,-0.40576,-0.4375,-0.57812,-0.62256,-0.44434,-0.49707,-0.49365,-0.52344,-0.55859,-0.53076,-0.51758,-0.521,-0.52832,-0.52197,-0.51123,-0.52441,-0.51709,-0.51855,-0.521,-0.50732,-0.51123,-0.5293,-0.52051,-0.51172
0.42822,0.4248,0.43848,0.44092,0.43994,0.44775,0.48242,0.61816,0.81055,1.1558,0.9834,0.87012,0.81592,0.7832,0.75488,0.7251,0.7002,0.68262,0.7041,0.66895,0.83789,0.96973,0.83203,0.81543,0.7998,0.83447,0.83057,0.83643,0.83154,0.83105,0.81445,0.83496,0.82568,0.82471,0.82373,0.82764,0.83691,0.82764,0.83301,0.82812
-0.1377,-0.146,-0.12793,-0.12598,-0.12256,-0.13818,-0.15918,-0.14697,0.0092773,0.12939,0.058594,0.15283,0.19238,0.16357,0.09082,-0.01709,0.034668,-0.12939,-0.13623,-0.31299,-0.19434,-0.23389,-0.21338,-0.18896,-0.19629,-0.20312,-0.20166,-0.19141,-0.18896,-0.18018,-0.17578,-0.18359,-0.18799,-0.18994,-0.17773,-0.18262,-0.18457,-0.18213,-0.17725,-0.18066
0,-1,-3,-1,-1,-3,-5,-5,1,-7,3,2,2,0,-1,-12,31,40,-35,-22,24,37,43,-2,-49,43,24,29,8,-53,-15,0,46,-46,5,-24,10,2,3,-36
-1,0,-1,0,-2,-1,-4,3,-1,-7,-8,-2,5,3,-4,-4,30,22,7,-43,7,28,-13,-5,4,23,18,0,-2,-3,-2,-4,9,-7,-2,-12,0,6,11,-6
0,0,-1,1,-2,-3,-3,-2,5,-9,-12,-2,4,6,-2,-1,13,11,7,-39,0,5,-10,-2,8,11,7,4,-2,3,-2,1,3,-4,-3,-5,-4,2,1,-3
0,1,-2,-2,-1,-2,-5,2,4,-13,-8,-1,-2,2,-3,2,1,-1,17,-35,8,-6,-4,-1,7,-4,5,9,1,4,-8,-3,1,-7,-5,-5,-3,2,-3,-6
-2,-1,-2,-2,-3,-2,-3,0,1,12,-13,7,0,10,-8,-1,1,-3,9,-5,5,-7,-7,1,1,3,3,1,1,1,-3,-1,-2,-4,-1,-1,-1,1,0,-5
1,-3,-1,0,0,-1,-4,0,8,-23,3,13,-17,17,-49,13,-3,0,4,-3,6,-4,-7,-3,-2,1,2,0,3,-1,-3,-3,0,-2,-2,0,-5,-2,0,-3
0,0,1,-3,1,2,-2,5,11,-1,12,-14,-6,11,0,4,3,-4,-4,1,4,-1,-12,-5,-5,2,5,0,3,-2,-2,-3,3,-3,-1,0,-3,-2,3,-5
1,3,6,-4,-1,-1,-8,-15,11,5,-1,-9,-43,-9,10,-6,12,1,-27,32,43,15,-26,-41,-57,14,30,32,28,-25,-26,-10,27,-15,-7,-28,-2,-24,18,-17
-2.375,-3.75,2.6875,-5.75,3,0.25,-2,-18.188,-17.25,0.9375,-45.438,-19.625,-17.875,21.75,23.25,17.312,25.688,18.188,10.562,23.75,20.25,-7.625,10.062,3.375,-10.062,-4.625,5.6875,-0.375,2.625,2.8125,-1.25,-2.25,1.875,-0.9375,-1.75,1.0625,-1.5,0.8125,-1.375,-1.75
-2.375,-3.75,2.6875,-5.75,3,0.25,-2,-18.188,-17.25,0.9375,-45.438,-19.625,-17.875,21.75,23.25,17.312,25.688,18.188,10.562,23.75,20.25,-7.625,10.062,3.375,-10.062,-4.625,5.6875,-0.375,2.625,2.8125,-1.25,-2.25,1.875,-0.9375,-1.75,1.0625,-1.5,0.8125,-1.375,-1.75
-2.375,-3.75,2.6875,-5.75,3,0.25,-2,-18.188,-17.25,0.9375,-45.438,-19.625,-17.875,21.75,23.25,17.312,25.688,18.188,10.562,23.75,20.25,-7.625,10.062,3.375,-10.062,-4.625,5.6875,-0.375,2.625,2.8125,-1.25,-2.25,1.875,-0.9375,-1.75,1.0625,-1.5,0.8125,-1.375,-1.75
7.9781,7.9706,7.9659,7.9556,7.9484,7.9482,7.9466,7.8563,7.5746,7.4552,7.3171,7.2287,7.2034,7.309,7.3841,7.5321,7.6444,7.7219,7.7401,7.7868,7.868,7.8793,7.8739,7.8671,7.8514,7.8451,7.8455,7.8465,7.8485,7.8493,7.8446,7.8427,7.8432,7.8465,7.846,7.845,7.8442,7.841,7.839,7.8367
3.2372,3.244,3.2514,3.2613,3.2696,3.2784,3.2945,3.3525,3.6016,3.9285,4.3373,4.7737,5.1795,5.6937,5.8296,5.9831,6.0447,6.0418,6.0141,5.9488,5.9172,5.8791,5.8639,5.849,5.8475,5.8511,5.854,5.8519,5.8509,5.8527,5.8536,5.856,5.8582,5.8605,5.8669,5.871,5.8706,5.8697,5.8678,5.8673
0.21469,0.21745,0.22421,0.23098,0.23806,0.24157,0.24881,0.3295,0.58448,0.7708,0.92309,1.0633,1.2083,1.4687,1.5767,1.7708,1.8911,1.9582,1.9631,1.9462,1.8552,1.8492,1.8525,1.8359,1.821,1.8049,1.7998,1.7955,1.7904,1.7853,1.7801,1.7775,1.7782,1.7809,1.7806,1.7793,1.7783,1.7788,1.7775,1.7764
0.95703,0.9585,0.95605,0.94873,0.95312,0.96143,0.9751,1.0244,1.1191,1.0913,0.93359,0.55908,0.21973,0.052734,-0.10449,-0.1792,-0.30713,-0.32422,-0.36035,-0.66797,-0.020508,-0.23389,-0.36377,-0.27148,-0.21582,-0.24219,-0.22461,-0.20947,-0.25342,-0.26953,-0.27051,-0.28223,-0.27344,-0.28223,-0.23584,0.048828,0.099121,0.1123,0.2417,0.7085
0.25586,0.25537,0.22119,0.24609,0.24854,0.25293,0.28369,0.3667,0.30566,0.60059,0.64893,0.88721,0.82422,0.82666,0.78955,0.72949,0.76709,0.8584,0.89062,0.95312,0.97119,0.66553,1.0156,1.0664,0.93604,0.92236,0.94434,0.96143,0.97314,0.94775,0.93457,0.96387,0.94141,0.93213,0.91064,0.8501,0.62793,0.57129,0.72754,0.87061
0.0083008,-0.010254,-0.0014648,0.0029297,0.0058594,0.01123,0.0058594,-0.036133,0.028809,0.18701,0.34082,0.36865,0.25146,0.23145,0.23096,0.19971,0.1626,0.15869,0.16602,0.030273,0.2334,0.091797,0.23975,0.16162,0.229,0.14746,0.1665,0.16943,0.15479,0.17725,0.16357,0.17285,0.17822,0.18262,0.1792,0.25146,0.49219,0.40332,0.2915,0.15527
0,-2,-2,0,0,-2,-1,2,-20,-8,1,18,19,-107,49,-28,-68,39,-22,-18,26,-71,-1,54,-20,44,-25,-11,26,-7,-4,-9,0,4,7,6,0,18,0,10
-1,-2,-2,-1,-2,-2,0,-2,-9,-12,-8,10,3,-52,-4,-3,-52,18,3,-8,-12,-3,6,8,25,15,-9,2,1,-12,6,4,0,5,1,-6,5,8,-10,-2
-1,-2,-2,0,-1,1,2,-2,-4,-15,-5,3,3,-26,-13,-36,-25,-12,-7,-11,6,0,-5,6,12,7,-7,-7,2,-7,0,13,2,4,3,-4,3,3,-3,-3
0,-1,-1,-1,-2,-1,0,0,-1,-8,4,-6,6,5,-15,-17,-8,-2,1,5,18,8,1,-6,7,4,-5,-5,2,-8,-3,8,-2,4,2,-4,2,2,-3,-2
-2,0,0,-2,-1,0,-1,2,0,-8,5,-2,39,-15,13,-16,43,2,1,3,-25,-43,32,-31,-6,10,11,-3,24,-22,-7,-8,2,6,-3,-1,2,-2,1,0
-3,-3,2,-1,1,0,-2,-1,-2,-1,6,1,7,4,2,-36,5,7,11,11,11,-78,-6,9,45,48,6,-20,-12,-16,1,-4,-2,11,14,-2,1,-2,4,-1
0,-2,2,1,3,-2,0,0,-10,7,12,-2,1,-5,-6,-53,31,32,-2,1,29,-22,-15,9,-1,22,-21,-15,8,-27,6,-5,1,16,-4,-6,3,-6,1,0
3,-3,2,6,-6,-11,26,-6,-19,5,10,4,20,-59,-21,-45,-85,8,-15,7,-6,2,-1,0,-14,9,-32,-40,57,14,21,6,49,-7,-16,-5,3,-12,-5,7
10.312,3.3125,5.375,1.1875,1.5625,2.25,-13.688,-14.438,-47.312,6.5625,16.312,25.875,39.062,29.5,31.25,15.938,-4.1875,-7.0625,-1.0625,-4.8125,4.625,42.562,7.25,12.25,-8.8125,-4.0625,-8.75,-4.1875,-0.5,-1.6875,0.9375,3.875,0,-1.875,-3.125,-11.188,-20.938,-32.375,-23,-38.812
10.312,3.3125,5.375,1.1875,1.5625,2.25,-13.688,-14.438,-47.312,6.5625,16.312,25.875,39.062,29.5,31.25,15.938,-4.1875,-7.0625,-1.0625,-4.8125,4.625,42.562,7.25,12.25,-8.8125,-4.0625,-8.75,-4.1875,-0.5,-1.6875,0.9375,3.875,0,-1.875,-3.125,-11.188,-20.938,-32.375,-23,-38.812
10.312,3.3125,5.375,1.1875,1.5625,2.25,-13.688,-14.438,-47.312,6.5625,16.312,25.875,39.062,29.5,31.25,15.938,-4.1875,-7.0625,-1.0625,-4.8125,4.625,42.562,7.25,12.25,-8.8125,-4.0625,-8.75,-4.1875,-0.5,-1.6875,0.9375,3.875,0,-1.875,-3.125,-11.188,-20.938,-32.375,-23,-38.812
7.4696,7.4699,7.4601,7.4662,7.4716,7.4743,7.4479,7.3731,7.1594,7.0046,6.9203,6.9447,6.9835,7.0284,7.0842,7.1439,7.1939,7.2061,7.2041,7.2043,7.1963,7.2376,7.2683,7.2736,7.2489,7.233,7.2219,7.2155,7.2097,7.206,7.2089,7.2122,7.2101,7.2075,7.1994,7.1638,7.114,7.0673,7.0331,7.0558
2.9149,2.918,2.9167,2.918,2.9159,2.9128,2.9161,2.943,3.0387,3.2301,3.5389,4.0811,4.6555,5.0147,5.2851,5.4644,5.5763,5.5863,5.5773,5.5923,5.5933,5.6029,5.4251,5.324,5.3338,5.3708,5.388,5.3955,5.4049,5.4136,5.4213,5.4263,5.4323,5.4356,5.4299,5.3577,5.2416,4.8665,4.4257,3.8017
0.44169,0.45861,0.47282,0.47576,0.47333,0.47357,0.48863,0.54642,0.69286,0.8593,0.96306,1.044,1.1258,1.1958,1.2896,1.3926,1.5088,1.5538,1.5733,1.5825,1.5576,1.4436,1.4463,1.4712,1.4496,1.4259,1.4232,1.4251,1.4273,1.4258,1.4241,1.4192,1.4144,1.4111,1.4002,1.3786,1.3496,1.2944,1.2391,1.0936
0.94482,0.94141,0.94922,0.94434,0.93359,0.94141,0.93555,0.93701,0.92041,0.97852,1.0781,1.085,0.93701,0.62695,0.2168,0.14697,0.033203,0.013184,-0.10547,-0.15967,-0.21484,-0.24121,-0.25586,-0.1123,-0.57471,-0.36328,0.034668,-0.068848,-0.11523,-0.1958,-0.1709,-0.17578,-0.14893,-0.15137,-0.11816,-0.056152,-0.069336,-0.10449,0.12012,0.51318
0.31299,0.30615,0.29932,0.30225,0.31299,0.31299,0.33008,0.33252,0.32812,0.33887,0.41895,0.6123,0.76416,0.98633,0.91504,0.74609,0.85938,0.81934,0.84082,0.86279,0.93799,0.95508,1.0322,0.9668,0.65381,1.7446,0.60645,1.1548,1.042,0.95605,0.96094,0.97363,0.97266,0.98682,0.92432,0.87207,0.90039,0.85205,0.67871,0.77881
-0.023926,-0.015625,-0.015625,-0.0078125,-0.013672,-0.0092773,-0.00048828,-0.0058594,0.051758,-0.032715,-0.10254,0.044922,0.19629,0.24805,0.13281,0.25146,0.18896,0.24951,0.15723,0.1582,0.11475,0.11279,0.12158,0.1626,-0.31201,-0.21045,-0.087891,0.056152,0.052246,0.053711,0.04541,0.039062,0.044434,0.057129,0.07959,0.12939,0.16211,0.096191,0.18457,0.17969
-2,-2,-1,0,-2,0,-2,-1,2,-1,14,-15,-1,1,4,8,8,-19,-38,-1,0,-8,2,16,17,-103,52,-56,24,42,38,-17,-82,-15,-19,3,3,1,-1,0
3,-1,-1,-2,-2,0,-3,-2,2,5,-4,-13,-4,11,-2,-8,1,-6,-16,0,13,-6,-7,2,3,-5,38,-20,3,16,3,-10,-7,-14,-3,6,0,3,0,-4
-1,-2,1,-1,-2,2,-2,-3,2,2,-7,10,-13,25,2,-7,0,-5,-7,4,7,-12,-7,-1,19,-22,19,-6,0,4,7,-13,0,-5,-2,3,0,2,1,-3
-4,1,-1,-1,-2,0,-1,-1,-1,11,2,-8,-8,3,1,-8,-1,-3,-3,4,6,2,-8,-5,13,-15,41,-3,-3,-4,6,-1,-4,-2,-5,3,3,1,1,-2
-7,-2,-1,0,-3,0,-1,3,12,59,59,-63,4,2,32,-27,-21,22,-28,-11,14,-2,-17,4,-2,-12,78,-36,-15,7,19,18,-1,-4,-1,6,8,-7,-1,0
4,-7,-8,-13,-5,3,1,-8,8,16,7,-56,3,-11,89,-76,12,-9,-65,-44,0,15,-12,2,5,-7,23,0,-1,7,17,0,-7,-1,-5,4,0,-8,-1,-3
-2,-1,-2,-5,-5,-2,-4,2,18,8,1,-12,-13,-7,16,3,0,-36,15,-12,7,-3,-11,-4,3,-28,19,7,-2,-6,7,-3,1,1,-1,0,-3,-2,0,-3
-1,0,0,0,-4,-1,-5,7,25,-3,25,-52,-63,14,-23,14,-18,-84,-35,-15,1,-34,-24,21,34,-59,49,-19,-10,40,22,-39,-1,-19,-23,21,3,1,0,-4
2.75,0.625,1.75,2,1.5625,-5.375,1.875,6.625,6.125,35.188,2.0625,18.562,19.875,13.312,16.312,18.188,24.938,32.875,16.25,8,0.9375,-2.1875,7.8125,-8.75,27.562,94.125,-35.312,-7.875,17.312,2.875,-5.9375,-5.3125,-3.0625,-2.4375,-8.5,-19.688,-46.312,-59.062,-44.938,18.812
2.75,0.625,1.75,2,1.5625,-5.375,1.875,6.625,6.125,35.188,2.0625,18.562,19.875,13.312,16.312,18.188,24.938,32.875,16.25,8,0.9375,-2.1875,7.8125,-8.75,27.562,94.125,-35.312,-7.875,17.312,2.875,-5.9375,-5.3125,-3.0625,-2.4375,-8.5,-19.688,-46.312,-59.062,-44.938,18.812
2.75,0.625,1.75,2,1.5625,-5.375,1.875,6.625,6.125,35.188,2.0625,18.562,19.875,13.312,16.312,18.188,24.938,32.875,16.25,8,0.9375,-2.1875,7.8125,-8.75,27.562,94.125,-35.312,-7.875,17.312,2.875,-5.9375,-5.3125,-3.0625,-2.4375,-8.5,-19.688,-46.312,-59.062,-44.938,18.812
7.5868,7.5848,7.5795,7.5723,7.5642,7.5459,7.5382,7.5364,7.5149,7.5399,7.516,7.2955,7.1644,7.1233,7.088,7.0862,7.1334,7.1808,7.23,7.2573,7.2672,7.2679,7.2833,7.2866,7.362,7.4649,7.4235,7.4476,7.4389,7.4277,7.4218,7.4182,7.4118,7.4102,7.3944,7.3599,7.2705,7.1815,7.0806,7.1208
3.0003,3.004,3.0076,3.0095,3.01,3.0123,3.013,3.0144,3.0201,3.026,3.0759,3.284,3.5729,3.9536,4.4959,4.8337,5.0721,5.2176,5.3096,5.3633,5.3795,5.3818,5.3984,5.4134,5.3192,5.238,5.255,5.2371,5.2229,5.2252,5.2291,5.2287,5.2238,5.2197,5.2032,5.1623,5.0712,4.975,4.6899,4.3383
0.24782,0.2527,0.26275,0.2737,0.28561,0.296,0.304,0.31409,0.34695,0.35107,0.41415,0.68869,0.87265,0.98685,1.0962,1.1806,1.2788,1.3675,1.4332,1.4791,1.4964,1.4995,1.511,1.5403,1.6659,1.693,1.6936,1.6519,1.6327,1.6303,1.6277,1.6266,1.6262,1.6267,1.621,1.5949,1.5093,1.3987,1.2041,1.0729
0.94287,0.94971,0.9541,0.93555,0.93799,0.93994,0.94531,0.95166,1.0176,1.0781,1.0591,0.8877,0.53418,0.35498,0.054199,0.0083008,-0.18994,-0.22852,-0.29541,-0.31934,-0.38379,-0.37354,-0.37207,-0.31934,-0.22266,-0.36279,-0.077148,-0.19482,-0.15674,-0.1748,-0.18604,-0.27832,-0.25049,-0.79785,-0.73926,0.11328,-0.75,-0.17236,-0.11914,0.1543
0.29736,0.31494,0.32227,0.31006,0.32373,0.30469,0.31104,0.32178,0.37109,0.46289,0.63867,0.84814,0.8457,0.90234,0.82373,0.85059,0.70996,0.71143,0.80469,0.88672,0.95166,0.95117,0.94434,0.91162,0.84668,0.72168,1.0645,0.91699,0.98389,0.93457,0.98145,0.98633,1.0903,0.90918,0.91992,0.91016,0.74414,0.77441,0.68359,0.73779
0.0097656,0.0078125,0.0029297,0.0058594,0.0014648,0.01416,0.012695,0.0043945,-0.017578,0.041016,0.040039,0.20996,0.31348,0.23633,0.28418,0.18945,0.18457,0.1958,0.18115,0.13867,0.11963,0.10596,0.12305,0.15918,0.2041,-0.36621,0.10254,-0.04541,-0.01416,-0.0073242,-0.01416,-0.013184,-0.30176,-0.16309,-0.47803,0.40088,-0.34717,0.14453,0.13672,0.23389
-1,-3,0,-1,-2,-1,0,-1,-5,0,4,-1,-5,15,-34,-7,-2,5,-5,5,22,4,-18,-12,6,24,-6,29,-103,-6,-5,32,9,-3,-3,2,-2,-2,2,2
-1,-2,-2,-3,-1,2,-1,-1,-10,1,4,5,-5,-8,1,-7,-17,-6,-3,0,-6,-1,-4,-1,3,3,55,-43,-32,13,-2,19,10,-4,0,0,-4,1,-2,-1
1,-2,2,0,-2,0,-2,-1,-9,-3,-2,18,5,-9,7,9,-8,-6,-4,-4,-7,-2,-5,-4,4,3,27,-34,-35,-2,1,10,-2,-1,-3,-2,-3,-1,-4,-2
-1,0,-1,-2,-2,-1,-2,6,-8,-1,-4,11,-4,-8,-2,-1,-4,-8,0,-5,-5,-1,-1,-6,-2,10,13,-38,-41,-43,-9,18,-12,-1,8,6,-5,-1,-6,-1
-2,1,0,0,-3,-1,-1,37,-20,20,-3,-4,-13,-19,1,-14,-3,-2,1,-34,5,1,2,-5,4,4,-10,-33,-30,-40,0,-5,-14,-6,-7,0,-6,2,-4,-3
8,1,0,0,-4,-6,-1,15,-34,70,-44,63,-88,-47,11,23,-23,-1,-24,47,24,-2,-2,-22,-3,6,-7,-27,-20,-8,5,2,-5,-6,-4,2,1,0,-2,-2
1,-7,2,-1,-7,1,-1,11,-17,-3,-12,30,-1,17,-2,-13,16,-7,-9,12,20,4,-17,-6,1,15,3,-58,-19,-3,13,20,-9,1,-14,8,-3,-3,0,-2
-1,-4,1,-3,-11,-6,-17,11,5,-17,16,27,-15,51,-14,-40,17,6,-19,15,85,-35,-65,3,-31,24,115,-101,-93,16,42,15,8,-25,-31,-7,-9,9,-3,0
-4,-0.1875,-2.0625,1.75,-0.0625,-0.9375,-1.875,8.3125,28,61.25,72.188,31.5,16.062,21.062,13.438,38.312,35.562,30.625,7.9375,-5.75,-12.812,-6.375,0.75,5.125,20.312,60.875,18.938,8.25,3.0625,-11.312,-10.438,-16.5,1.625,-2.375,1.6875,-10.5,-21.875,-66.688,-76.125,-39.812
-4,-0.1875,-2.0625,1.75,-0.0625,-0.9375,-1.875,8.3125,28,61.25,72.188,31.5,16.062,21.062,13.438,38.312,35.562,30.625,7.9375,-5.75,-12.812,-6.375,0.75,5.125,20.312,60.875,18.938,8.25,3.0625,-11.312,-10.438,-16.5,1.625,-2.375,1.6875,-10.5,-21.875,-66.688,-76.125,-39.812
-4,-0.1875,-2.0625,1.75,-0.0625,-0.9375,-1.875,8.3125,28,61.25,72.188,31.5,16.062,21.062,13.438,38.312,35.562,30.625,7.9375,-5.75,-12.812,-6.375,0.75,5.125,20.312,60.875,18.938,8.25,3.0625,-11.312,-10.438,-16.5,1.625,-2.375,1.6875,-10.5,-21.875,-66.688,-76.125,-39.812
7.4702,7.4618,7.448,7.4309,7.4323,7.4352,7.4452,7.4493,7.4411,7.3232,7.2024,7.1247,7.0417,7.0332,7.0424,7.102,7.1935,7.2353,7.2812,7.275,7.2397,7.2296,7.2334,7.25,7.2755,7.3954,7.5256,7.5347,7.5441,7.5346,7.5212,7.4929,7.4825,7.4871,7.5266,7.5058,7.4893,7.3321,7.181,7.0386
3.0043,3.001,2.9992,2.9973,2.9983,2.9984,3.0004,3.0011,3.0185,3.098,3.343,3.6206,4.0909,4.4802,4.8505,5.1734,5.4853,5.5621,5.5924,5.5732,5.5656,5.5648,5.5598,5.547,5.5098,5.3159,5.2729,5.2919,5.284,5.2744,5.2717,5.2831,5.2901,5.3141,5.3866,5.3512,5.3569,5.2927,5.1703,4.8176
0.25197,0.25917,0.27058,0.28797,0.28912,0.28486,0.27257,0.27415,0.31787,0.52216,0.83895,1.0317,1.2005,1.2891,1.3663,1.4348,1.5194,1.5567,1.6019,1.6042,1.5849,1.5751,1.5742,1.5945,1.6322,1.7394,1.7415,1.7598,1.7738,1.7807,1.7769,1.7617,1.7559,1.752,1.7648,1.7556,1.74,1.6361,1.477,1.2311
0.95264,0.94678,0.94922,0.96045,0.96484,0.96191,0.95557,0.94922,0.95312,0.94287,0.95068,1.0117,1.1152,1.0908,0.93213,0.57764,0.3418,-0.017578,-0.18506,-0.21191,-0.29395,-0.39648,-0.47559,-0.47656,-0.47705,-0.4751,-0.039551,-0.68506,0.22656,-0.20361,-0.22754,-0.29102,-0.3335,-0.32715,-0.3291,-0.5752,-0.41602,-0.86621,-0.34814,0.18311
0.26855,0.27539,0.2749,0.28125,0.27246,0.27393,0.26904,0.27686,0.26953,0.27588,0.29785,0.34961,0.34277,0.52734,0.79297,0.85742,0.85352,0.80811,0.69043,0.72461,0.79102,0.82764,0.81592,0.83594,0.84912,0.83252,0.62061,0.46631,1.5303,0.7915,0.96387,0.9375,0.89795,0.93115,0.93311,0.94043,1.0083,0.79004,1.0029,0.90137
-0.0073242,-0.010254,-0.0029297,0.0039062,-0.0014648,0.0029297,-0.0087891,-0.015625,-0.0024414,-0.0048828,-0.0014648,-0.028809,-0.01709,0.098633,0.25537,0.37695,0.34717,0.26855,0.27295,0.20703,0.26221,0.30371,0.27246,0.25439,0.26025,0.25537,0.19824,-0.075195,0.51074,0.16992,0.21631,0.18311,0.16846,0.15771,0.15283,0.0625,-0.15088,0.042969,-0.12744,0.6543
-2,-1,0,-1,-1,-2,-1,-1,-1,-1,1,-1,-7,-16,0,-4,18,-22,-6,-34,10,-36,-41,-27,33,-13,-8,-55,-71,25,3,24,11,52,-77,-2,-38,-10,-8,-1
-2,-2,-4,-1,0,-1,0,0,-1,1,-1,-2,-1,-11,-6,-12,11,4,-11,2,15,-6,-3,-6,6,2,-26,-29,-27,12,2,4,2,7,-9,-3,-8,5,5,0
-2,-2,-3,-2,-2,-3,-1,-2,-1,0,-1,-3,-7,3,0,-3,10,-10,-10,-3,2,3,3,-1,2,-1,-20,-37,-23,2,14,2,3,4,-6,1,-6,-1,-1,-1
-2,-3,-2,1,0,-2,-1,-1,-2,4,-2,-2,-5,4,-10,-4,-2,-10,-12,0,2,-5,-2,-2,1,-3,-21,-28,0,-6,18,-3,14,0,-8,-2,-5,-12,-3,-2
-1,0,-2,-1,0,-2,0,-1,0,3,-2,3,-15,15,39,22,31,-24,34,2,15,-17,4,-6,1,0,-22,-15,-15,-21,18,6,62,23,-7,-33,-12,-30,-12,-5
0,-1,-1,0,0,-2,-2,-1,-2,-8,-9,0,5,33,46,-6,39,-78,-55,7,0,-4,-7,-6,-5,0,-13,-13,-17,-10,15,0,-1,-4,-5,2,-9,-8,-4,-2
1,2,1,0,-1,-2,-1,-4,-6,-5,1,2,-5,0,1,-7,12,-6,0,-6,-13,3,2,-6,-4,6,7,-7,-38,14,27,-3,-10,-2,-2,-1,-11,4,-5,2
-24,3,4,7,-4,0,3,-1,11,-7,-6,35,3,-5,6,-35,19,-35,8,-39,3,35,-6,-96,38,19,-17,-40,-99,14,73,25,-39,16,-29,1,-8,26,9,13
-1.375,-1.3125,-0.5,0.9375,1.6875,3.5625,4.3125,1.75,0.4375,-1.0625,2.5,2.0625,17.688,58.438,51.312,9.3125,-5.6875,-6.3125,-8.75,-9.4375,-2.875,-4.25,-5.0625,-4.25,-0.875,2.875,23.688,58.875,81.25,7.625,-5,1.4375,-5.9375,-3.8125,-2.8125,0.75,4.6875,-3.25,3.75,-9
-1.375,-1.3125,-0.5,0.9375,1.6875,3.5625,4.3125,1.75,0.4375,-1.0625,2.5,2.0625,17.688,58.438,51.312,9.3125,-5.6875,-6.3125,-8.75,-9.4375,-2.875,-4.25,-5.0625,-4.25,-0.875,2.875,23.688,58.875,81.25,7.625,-5,1.4375,-5.9375,-3.8125,-2.8125,0.75,4.6875,-3.25,3.75,-9
-1.375,-1.3125,-0.5,0.9375,1.6875,3.5625,4.3125,1.75,0.4375,-1.0625,2.5,2.0625,17.688,58.438,51.312,9.3125,-5.6875,-6.3125,-8.75,-9.4375,-2.875,-4.25,-5.0625,-4.25,-0.875,2.875,23.688,58.875,81.25,7.625,-5,1.4375,-5.9375,-3.8125,-2.8125,0.75,4.6875,-3.25,3.75,-9
7.5101,7.5133,7.5178,7.52,7.5167,7.5105,7.5051,7.5054,7.5073,7.5162,7.5242,7.5112,7.3686,7.1797,7.086,7.0151,6.9768,6.9466,6.9471,6.9566,6.9804,6.9948,6.9955,6.9902,6.99,6.9949,7.0327,7.1159,7.2328,7.2221,7.2338,7.2258,7.2154,7.2121,7.2079,7.2154,7.2232,7.2387,7.2804,7.2386
2.9443,2.9437,2.9397,2.9375,2.9347,2.9323,2.9311,2.9327,2.9369,2.9461,2.9534,2.9765,3.0495,3.215,3.4914,4.0097,4.448,5.0247,5.3962,5.642,5.7517,5.7605,5.7629,5.7632,5.7637,5.7623,5.7028,5.5446,5.4673,5.4712,5.468,5.4735,5.4789,5.4787,5.4697,5.4862,5.4709,5.5458,5.5891,5.54
0.25616,0.25136,0.24388,0.24214,0.24753,0.259,0.27489,0.27948,0.27838,0.26712,0.26197,0.29122,0.46071,0.74162,0.96375,1.1357,1.2127,1.2818,1.3218,1.3651,1.426,1.4653,1.487,1.4936,1.4938,1.4974,1.5222,1.5746,1.5793,1.6003,1.5748,1.558,1.5517,1.5472,1.5492,1.5571,1.5571,1.5694,1.5856,1.5676
