-0.89795,-0.90283,-0.90918,-0.89795,-0.90674,-0.89551,-0.8999,-0.90186,-0.89697,-0.90186,-0.90186,-0.91699,-0.90771,-0.8877,-0.8833,-0.90283,-0.896,-0.89746,-0.90869,-0.9043,-0.90186,-0.88965,-0.89307,-0.89111,-0.89209,-0.90137,-0.896,-0.90479,-0.90186,-0.90527,-0.90332,-0.90332,-0.8999,-0.90234,-0.89404
0.13037,0.12744,0.12695,0.13232,0.12549,0.13574,0.12695,0.12891,0.125,0.12891,0.12061,0.11768,0.12109,0.12646,0.12646,0.11719,0.12695,0.12354,0.12939,0.12988,0.13037,0.13037,0.12988,0.13037,0.12646,0.125,0.12695,0.13477,0.12842,0.12305,0.12842,0.12842,0.11865,0.12305,0.125
-0.3999,-0.38818,-0.40381,-0.39404,-0.40674,-0.39551,-0.40381,-0.39648,-0.39307,-0.40576,-0.39844,-0.40576,-0.39795,-0.39893,-0.39063,-0.40039,-0.4043,-0.41162,-0.40625,-0.41504,-0.4126,-0.40674,-0.40186,-0.40088,-0.39893,-0.40869,-0.40674,-0.40527,-0.40479,-0.41357,-0.4126,-0.4126,-0.40479,-0.41064,-0.39648
-1,0,0,7,-4,8,0,-6,1,3,8,6,-5,-4,-3,-8,-12,-3,-10,6,-9,-2,-6,1,7,5,-6,-6,1,-8,5,-3,0,6,2
-3,-4,-3,2,-1,4,-2,2,-1,-2,2,3,-4,-1,-3,-4,-4,-2,0,1,-4,0,1,-1,0,5,-2,-2,-4,-5,3,-1,-1,2,1
1,-3,-3,0,1,1,-1,1,-2,-2,0,0,-1,-2,0,-3,-1,-2,0,-2,-4,1,0,1,-2,0,-1,-1,-1,-1,0,-2,-1,2,-1
2,-1,1,-1,1,0,-1,-2,1,-2,-1,2,-2,0,-2,0,-1,-2,-1,0,0,-1,-3,-2,1,-2,0,0,-2,0,-2,-1,-2,0,0
1,-2,-2,0,0,-2,1,-1,-2,-3,-1,1,-3,-3,-2,-1,-2,-3,0,-1,-3,1,-1,0,-5,-3,-2,-2,-1,-2,-3,-1,-3,-4,-1
2,1,1,-3,-3,-1,-1,-4,-3,-3,0,4,0,-10,0,-1,-2,-2,-1,1,-2,0,0,4,-3,-7,-2,-2,2,-2,-7,-2,0,-3,0
1,0,2,-3,-4,-1,-2,2,-5,-1,1,3,-2,-1,-1,-3,-2,-3,0,1,0,-1,0,-2,-2,1,-2,-2,-1,-4,-1,0,-1,0,2
-1,-1,3,-3,-6,-3,-4,1,3,-3,-1,5,-6,-1,0,-1,-4,-4,-1,0,-3,0,-3,-1,0,2,-2,-2,-1,0,-2,0,1,-1,3
-0.3125,-0.75,-0.8125,-1.125,-0.5,0.875,0.0625,0.4375,0.5625,0.5,0.5,0.3125,0.9375,-0.3125,-0.0625,-1.6875,-2.5625,-2.8125,-1.9375,-1.25,-1.4375,-0.5625,-0.875,-0.4375,-0.875,-1.5,-0.625,0.25,-0.5625,-0.375,-0.0625,-0.0625,-1.0625,-0.25,0.3125
-0.3125,-0.75,-0.8125,-1.125,-0.5,0.875,0.0625,0.4375,0.5625,0.5,0.5,0.3125,0.9375,-0.3125,-0.0625,-1.6875,-2.5625,-2.8125,-1.9375,-1.25,-1.4375,-0.5625,-0.875,-0.4375,-0.875,-1.5,-0.625,0.25,-0.5625,-0.375,-0.0625,-0.0625,-1.0625,-0.25,0.3125
-0.3125,-0.75,-0.8125,-1.125,-0.5,0.875,0.0625,0.4375,0.5625,0.5,0.5,0.3125,0.9375,-0.3125,-0.0625,-1.6875,-2.5625,-2.8125,-1.9375,-1.25,-1.4375,-0.5625,-0.875,-0.4375,-0.875,-1.5,-0.625,0.25,-0.5625,-0.375,-0.0625,-0.0625,-1.0625,-0.25,0.3125
9.4606,9.4606,9.4602,9.46,9.46,9.46,9.4607,9.4606,9.46,9.4609,9.4628,9.4646,9.4648,9.4655,9.4709,9.4732,9.4692,9.4679,9.4684,9.4698,9.4712,9.473,9.4734,9.474,9.4742,9.472,9.4728,9.4728,9.4728,9.4734,9.4738,9.4738,9.4757,9.4762,9.4762
6.8173,6.8173,6.8171,6.817,6.8166,6.817,6.8166,6.8165,6.816,6.8159,6.8155,6.8155,6.8158,6.8154,6.8147,6.8135,6.8131,6.8123,6.8123,6.8119,6.8121,6.8117,6.8117,6.811,6.8108,6.8108,6.8107,6.8107,6.8104,6.8106,6.8107,6.8107,6.8096,6.8096,6.8096
4.427,4.427,4.4272,4.4273,4.4275,4.4266,4.4275,4.4267,4.4251,4.4259,4.4271,4.4288,4.4287,4.4295,4.435,4.4397,4.4375,4.4392,4.4421,4.4444,4.4473,4.4498,4.45,4.4515,4.4517,4.4505,4.4512,4.4512,4.4514,4.4517,4.4519,4.4519,4.4542,4.4548,4.4548
-0.89307,-0.88281,-0.88086,-0.87939,-0.88867,-0.90625,-0.91992,-0.9624,-0.93994,-0.9751,-0.77881,-0.63672,-0.36279,-0.25342,-0.20361,-0.081055,-0.21924,-0.2998,-0.30518,-0.081055,0.20459,0.69336,0.39502,0.3252,0.46338,0.51123,0.46729,0.46143,0.50049,0.47266,0.44189,0.45459,0.46484,0.44727,0.46143
0.27881,0.27148,0.26807,0.2749,0.27588,0.27686,0.271,0.20752,0.21094,0.1499,0.26465,0.42139,0.47119,0.6543,0.81738,1.0015,1.103,1.2339,1.0596,1.0913,1.082,1.063,0.81982,0.73779,0.77686,0.77393,0.74414,0.7583,0.74463,0.76758,0.7627,0.75977,0.77393,0.771,0.77002
-0.354,-0.34717,-0.34131,-0.3501,-0.33887,-0.3501,-0.37354,-0.41553,-0.38525,-0.38574,-0.24902,-0.15332,0.029785,0.11572,0.24121,0.38574,0.45801,0.45605,0.33057,0.27881,0.34521,0.58008,0.43994,0.40283,0.46338,0.4668,0.43994,0.43945,0.45313,0.45215,0.46387,0.46484,0.46631,0.45557,0.45654
1,1,-4,-1,3,-3,-11,-5,0,0,-2,10,-10,-4,3,-3,-2,19,-3,5,5,-3,-5,8,0,2,-4,3,0,-13,6,2,-9,-1,13
0,4,-2,1,-3,-5,-5,-5,0,-3,-5,1,1,-9,5,-14,0,-7,-9,10,10,-8,-19,0,7,0,-3,15,3,1,-3,-2,3,5,-4
-3,-3,-1,-3,5,-5,7,-2,1,-2,-3,2,-2,1,-9,3,-12,6,-3,-8,-19,-9,-3,-1,11,-9,2,8,3,0,-6,-4,2,14,-10
-1,-2,-1,-2,3,-3,0,-3,0,-1,-1,0,0,3,-1,4,-9,-1,2,-1,-16,2,-1,1,1,-2,0,-1,-1,2,-5,-3,-4,5,-6
-2,0,-3,-2,0,-2,0,13,1,10,4,1,-2,4,2,-3,-2,-4,3,0,-3,1,0,0,-15,-2,1,0,-5,1,-3,-1,-1,0,-6
-2,1,-4,9,2,-1,-3,11,-2,4,8,8,2,5,2,-2,-3,1,6,5,-3,5,-7,-2,-3,1,-2,1,-3,3,0,-1,-5,2,-6
1,-4,0,2,-1,0,2,-3,-3,4,0,1,3,8,0,-4,-1,6,1,-1,-1,-1,-3,-2,-2,-2,2,0,0,-2,-1,-3,0,0,0
-3,2,0,2,-4,-2,4,1,-2,22,-5,1,5,30,-10,-3,-4,3,1,3,-1,-5,-3,2,-1,-5,-1,3,1,-4,2,-2,-1,-1,-1
-0.5,-0.9375,-1.75,-2.3125,-4.625,-6.5625,-3.4375,0.4375,7.75,-11.75,32.125,-12.563,2.75,-46.25,-30.625,-33.375,-47.813,-74.938,-75.188,-50.125,-11.125,14.125,-23.125,1.9375,-11.875,-4.8125,-0.1875,-5.8125,-1.4375,1.375,3.0625,-3.4375,1.375,2.6875,-0.6875
-0.5,-0.9375,-1.75,-2.3125,-4.625,-6.5625,-3.4375,0.4375,7.75,-11.75,32.125,-12.563,2.75,-46.25,-30.625,-33.375,-47.813,-74.938,-75.188,-50.125,-11.125,14.125,-23.125,1.9375,-11.875,-4.8125,-0.1875,-5.8125,-1.4375,1.375,3.0625,-3.4375,1.375,2.6875,-0.6875
-0.5,-0.9375,-1.75,-2.3125,-4.625,-6.5625,-3.4375,0.4375,7.75,-11.75,32.125,-12.563,2.75,-46.25,-30.625,-33.375,-47.813,-74.938,-75.188,-50.125,-11.125,14.125,-23.125,1.9375,-11.875,-4.8125,-0.1875,-5.8125,-1.4375,1.375,3.0625,-3.4375,1.375,2.6875,-0.6875
8.8606,8.868,8.8769,8.8822,8.874,8.8668,8.8761,8.9124,8.8935,8.7625,8.3853,7.9605,7.6313,7.3732,7.2587,7.1654,7.0872,6.9869,6.7935,6.7062,6.6836,6.6936,6.6757,6.6608,6.6595,6.6482,6.6435,6.6421,6.6355,6.6364,6.6371,6.6322,6.633,6.6364,6.6374
6.7702,6.7691,6.7689,6.7701,6.771,6.7697,6.7729,6.7827,6.805,6.8253,6.8409,6.7341,6.5273,6.1679,5.9312,5.6341,5.4265,5.2233,4.9426,4.7097,4.4717,4.2603,4.2245,4.2179,4.2119,4.2116,4.2223,4.2393,4.2418,4.2424,4.2462,4.2476,4.2486,4.2584,4.2615
5.7841,5.7933,5.8042,5.8139,5.8137,5.8156,5.8335,5.8696,5.8307,5.698,5.2319,4.7548,4.373,4.1315,4.028,3.9858,4.0148,4.0552,4.1008,4.1046,4.0992,4.0793,4.0875,4.085,4.0712,4.0618,4.0615,4.0573,4.0555,4.0608,4.0712,4.0751,4.0749,4.0764,4.0795
-0.90137,-0.90918,-0.90674,-0.90723,-0.89893,-0.89795,-0.9082,-0.91895,-0.979,-1.0332,-0.99902,-0.85742,-0.49463,-0.31592,-0.26221,-0.29883,-0.30664,-0.146,0.00097656,0.020508,0.23096,0.67871,0.50342,0.42041,0.47168,0.51318,0.46094,0.47559,0.479,0.47266,0.45459,0.46924,0.46338,0.46338,0.44287
0.27734,0.271,0.27588,0.26953,0.26465,0.26611,0.26758,0.25781,0.21729,0.17871,0.17383,0.081055,0.36865,0.54785,0.72754,0.89844,0.99951,1.145,1.0908,1.0269,1.1055,1.0728,0.95215,0.80078,0.76855,0.72754,0.74805,0.75342,0.75684,0.74512,0.75928,0.79297,0.76514,0.8042,0.76611
-0.31055,-0.31543,-0.31104,-0.30957,-0.31006,-0.29932,-0.31689,-0.31689,-0.35791,-0.39844,-0.36865,-0.19385,-0.13379,0.057129,0.22168,0.29736,0.29785,0.4248,0.43994,0.39404,0.45605,0.51953,0.43896,0.41455,0.42188,0.41504,0.42139,0.42334,0.43262,0.43018,0.43018,0.43848,0.43896,0.43359,0.41406
-3,-1,-3,2,5,0,-1,10,-4,1,-4,-5,16,-5,-10,5,1,21,-8,-5,-4,3,0,-4,-3,8,-5,1,0,3,-8,3,-3,2,-8
-2,-2,0,1,7,-1,2,7,-6,1,-3,-2,-2,-8,-6,8,5,-3,7,-11,10,-17,2,7,-8,10,16,-1,0,-11,0,3,1,-5,-6
-1,1,0,-1,1,1,1,2,-5,-3,-2,1,11,0,-4,3,-3,-7,-6,-14,0,-11,6,4,-16,14,8,-10,3,-12,-8,-3,-5,1,-7
-1,0,0,-1,1,-1,-1,-3,-1,-3,-1,1,4,-2,-2,-1,-5,-4,-6,-6,-9,-6,-1,-1,-5,5,1,-7,0,-8,-3,2,-2,2,-4
2,-2,-2,-2,-3,-1,1,-3,1,2,8,3,-1,-1,2,-1,-5,-6,-2,-2,-3,0,1,-1,-1,-1,0,-2,1,-2,-3,-1,-5,0,-1
1,-1,-1,-2,-2,0,1,3,5,8,3,13,-12,-1,-2,-5,-5,-5,-6,4,-4,2,13,-1,0,-4,7,-3,1,-4,-2,-2,-2,-4,-9
-2,-2,0,-3,1,2,-1,3,-4,-6,-4,4,-4,3,-4,-4,-1,-1,-2,1,-1,1,1,0,-3,-2,-5,-1,-1,0,-3,-2,-2,-3,-1
-3,0,2,-3,2,-1,5,1,-2,-3,-13,11,0,-4,-14,0,2,-5,-2,2,0,-3,-2,-1,-1,2,-4,2,0,-2,-3,0,0,0,-1
-1.0625,-1.9375,-1.125,-0.0625,-1,-1,-1.1875,-0.375,-0.3125,1.875,-11.938,15.188,10.625,-82.375,5,-53.25,-59.313,-62.563,-66.063,-48.438,-2.375,-1.375,-20.938,6.75,-8.5,-4.875,-3.875,3.125,-0.8125,5.5,1.625,3.25,-4.5,0.125,-0.9375
-1.0625,-1.9375,-1.125,-0.0625,-1,-1,-1.1875,-0.375,-0.3125,1.875,-11.938,15.188,10.625,-82.375,5,-53.25,-59.313,-62.563,-66.063,-48.438,-2.375,-1.375,-20.938,6.75,-8.5,-4.875,-3.875,3.125,-0.8125,5.5,1.625,3.25,-4.5,0.125,-0.9375
-1.0625,-1.9375,-1.125,-0.0625,-1,-1,-1.1875,-0.375,-0.3125,1.875,-11.938,15.188,10.625,-82.375,5,-53.25,-59.313,-62.563,-66.063,-48.438,-2.375,-1.375,-20.938,6.75,-8.5,-4.875,-3.875,3.125,-0.8125,5.5,1.625,3.25,-4.5,0.125,-0.9375
8.7816,8.7824,8.7844,8.7864,8.7896,8.7941,8.7962,8.8068,8.8277,8.8243,8.718,8.4615,7.9289,7.5773,7.32,7.2017,7.0764,6.9571,6.8479,6.7587,6.7403,6.7294,6.694,6.6838,6.6783,6.6695,6.6745,6.6796,6.688,6.6943,6.6982,6.7034,6.6963,6.6995,6.6937
6.8275,6.8263,6.8259,6.8265,6.8271,6.8281,6.8293,6.8305,6.8336,6.846,6.8756,6.9091,6.7966,6.5633,6.2087,5.9343,5.6583,5.2741,4.986,4.6968,4.4221,4.1775,4.1278,4.1422,4.1626,4.1827,4.2205,4.241,4.2578,4.261,4.2606,4.2569,4.258,4.2636,4.2678
5.716,5.7184,5.7208,5.724,5.7276,5.7322,5.7361,5.748,5.7688,5.7538,5.6564,5.3704,4.7061,4.3984,4.1683,4.0758,4.0348,4.026,4.0321,4.0565,4.0687,4.094,4.1224,4.1496,4.1525,4.1437,4.1249,4.1147,4.1027,4.0981,4.0969,4.0935,4.0908,4.0868,4.0834
-0.896,-0.90723,-0.8999,-0.9082,-0.90576,-0.91309,-0.90723,-0.90527,-0.95068,-0.99268,-0.94678,-0.94385,-0.76074,-0.41162,-0.52783,-0.48779,-0.31787,-0.26025,-0.14697,-0.072754,0.079102,0.15088,0.22852,0.32861,0.54492,0.54932,0.48096,0.50977,0.56543,0.54248,0.51416,0.53174,0.53857,0.52148,0.53369
0.24561,0.23926,0.24463,0.23291,0.23291,0.22412,0.22168,0.22021,0.20068,0.18213,0.18555,0.09375,0.18701,0.24268,0.61816,0.69971,0.79443,0.99951,1.021,1.0947,1.0225,1.0522,0.96826,0.9502,0.94824,0.86572,0.76855,0.77881,0.74023,0.72998,0.73633,0.74268,0.75146,0.7373,0.74512
-0.32422,-0.34424,-0.3374,-0.34717,-0.33057,-0.32373,-0.32129,-0.33252,-0.3335,-0.38184,-0.39551,-0.37939,-0.2168,-0.033691,-0.083008,0.15186,0.18213,0.25049,0.32764,0.42822,0.42529,0.41602,0.42334,0.41797,0.43945,0.39795,0.38037,0.39404,0.40527,0.40576,0.40234,0.41455,0.41309,0.41309,0.41504
2,2,3,-6,-1,1,6,-4,-2,4,-6,5,2,25,12,8,-3,-23,-3,-7,3,0,3,8,7,8,-5,-24,-10,-2,-1,-6,-8,-5,-5
3,2,8,-3,3,4,9,11,-2,6,-2,0,10,-6,19,2,-4,-17,9,-4,4,-1,5,11,3,-9,11,-7,-7,-10,9,1,11,-1,-6
1,-2,1,1,-2,-1,4,3,-4,2,-3,-2,3,-5,24,1,-1,0,-1,-4,-1,-8,7,8,0,-2,0,8,-8,-5,3,4,16,2,-5
-1,-2,0,1,-1,-2,-1,-1,0,-1,-3,1,2,-1,4,-2,-3,2,0,-3,-1,-3,3,7,1,-3,-3,3,-3,0,1,1,5,1,-2
-2,-3,-3,0,-4,-2,-1,1,0,-8,-2,4,0,0,-1,0,-4,0,-2,-2,-1,2,2,2,1,-3,-4,2,-1,4,-2,-3,3,-3,-2
-9,-7,0,6,1,-3,-2,-2,0,-4,-27,3,5,-5,5,5,1,0,-6,-1,-4,4,2,4,0,-5,-7,-8,-1,7,-6,-3,0,-2,1
0,-5,16,10,8,-3,-7,-3,-1,-1,-9,1,1,4,12,0,-2,-5,-1,1,-3,3,1,1,0,-2,-6,-2,0,3,0,0,1,-1,2
0,-1,6,5,-2,-4,-2,-10,-6,-2,-6,1,15,1,8,-12,4,-12,-4,0,-4,3,0,6,0,3,-4,-10,0,0,0,3,0,-2,-6
2.125,0.375,0.5,2.6875,4.3125,0.9375,-0.3125,-1.5625,-5.125,-6.125,-0.375,0.75,12,25.563,-31.875,-39.25,-23.25,-62.5,-58.75,-47.625,-70.188,-42,-14.563,6.4375,16.25,-7.5,-2.4375,-3.5,3.8125,-1.1875,0.75,-6.6875,-4.75,9.1875,0.375
2.125,0.375,0.5,2.6875,4.3125,0.9375,-0.3125,-1.5625,-5.125,-6.125,-0.375,0.75,12,25.563,-31.875,-39.25,-23.25,-62.5,-58.75,-47.625,-70.188,-42,-14.563,6.4375,16.25,-7.5,-2.4375,-3.5,3.8125,-1.1875,0.75,-6.6875,-4.75,9.1875,0.375
2.125,0.375,0.5,2.6875,4.3125,0.9375,-0.3125,-1.5625,-5.125,-6.125,-0.375,0.75,12,25.563,-31.875,-39.25,-23.25,-62.5,-58.75,-47.625,-70.188,-42,-14.563,6.4375,16.25,-7.5,-2.4375,-3.5,3.8125,-1.1875,0.75,-6.6875,-4.75,9.1875,0.375
8.9462,8.9507,8.9508,8.966,8.9792,8.9865,8.9878,8.988,8.9898,8.9965,8.9708,8.8193,8.499,7.9815,7.7321,7.4621,7.3752,7.2146,7.103,6.9825,6.8731,6.7874,6.7224,6.7122,6.726,6.724,6.7159,6.7214,6.7257,6.7248,6.726,6.7162,6.7085,6.7129,6.7179
6.8162,6.8187,6.8216,6.8291,6.8343,6.8373,6.8383,6.8409,6.842,6.8491,6.8702,6.8826,6.8707,6.6998,6.4528,6.1119,5.9449,5.6288,5.409,5.123,4.9166,4.7171,4.4699,4.3076,4.1881,4.1206,4.1156,4.1216,4.1187,4.1201,4.1265,4.1387,4.1372,4.1335,4.1327
5.7776,5.7821,5.7814,5.7895,5.796,5.7984,5.7988,5.8017,5.81,5.8255,5.7918,5.6283,5.2611,4.646,4.3714,4.1334,4.0387,3.9269,3.8891,3.8799,3.8873,3.9147,3.977,4.0213,4.0561,4.0803,4.0853,4.0751,4.0657,4.0625,4.0591,4.0546,4.0514,4.0532,4.0548
-0.90234,-0.90869,-0.89404,-0.88574,-0.89697,-0.91162,-0.9082,-0.90283,-0.87988,-0.73242,-0.67822,-0.67969,-0.65527,-0.45508,-0.3877,-0.22852,-0.10254,0.072266,-0.37842,-0.4585,0.80078,0.54785,0.47559,0.47852,0.50537,0.51563,0.50635,0.51318,0.49463,0.50098,0.51074,0.48584,0.479,0.49609,0.48193
0.25732,0.24512,0.26025,0.271,0.25781,0.24756,0.24365,0.23096,0.19873,0.13574,0.24951,0.36475,0.68408,0.69385,0.94336,1.0718,1.0317,1.1084,0.83936,0.7583,1.0947,0.89453,0.83936,0.77637,0.7666,0.7417,0.7627,0.75195,0.78027,0.78076,0.77148,0.75977,0.7749,0.79492,0.80273
-0.33838,-0.32275,-0.34424,-0.33789,-0.33838,-0.33643,-0.34668,-0.35352,-0.36426,-0.23535,-0.15723,-0.036621,0.087402,0.32275,0.26221,0.35107,0.37354,0.1748,0.68945,0.36279,0.25391,0.52686,0.396,0.38525,0.3916,0.38135,0.39307,0.40039,0.38721,0.39844,0.39111,0.39355,0.38623,0.39014,0.37939
-4,-3,-2,-4,-6,-3,0,8,-8,-2,6,-8,-8,2,-6,12,21,14,5,-5,-10,10,14,-3,-5,8,8,-1,-5,11,-3,8,-10,-15,0
0,-6,-8,-7,-12,-1,-9,12,-11,-5,0,-6,-6,-12,-3,0,3,-2,-9,-8,-5,-6,5,3,-1,6,7,0,-5,-1,0,0,-2,-12,-1
0,-3,-1,-4,-3,1,-6,5,-18,-17,-3,-3,-8,-5,-10,3,0,-2,3,-6,-6,-6,5,3,-3,1,-7,-7,-1,-7,-2,1,-8,-6,1
-2,-1,1,-3,-2,-1,-1,2,-8,-10,-4,-3,-2,-1,-7,2,-4,-2,0,-5,1,-1,3,1,-2,-3,-6,-4,-2,-3,2,-2,-7,-3,0
1,-2,2,-2,0,-2,0,1,-5,-4,-5,-3,1,-1,-4,-4,-1,2,0,-6,1,-4,-2,1,3,-4,-4,-1,-3,1,-2,-1,-1,-3,2
0,-1,4,-1,0,-5,-7,1,-2,-11,7,0,2,-2,-3,-2,-3,-10,-4,-5,5,-3,-1,0,3,-5,1,-5,-3,1,0,2,-5,-2,-3
0,-1,1,1,-3,-1,-1,3,-2,-9,2,-3,1,2,-1,-3,-2,-1,-4,-2,0,0,-3,2,2,0,-1,-3,-2,2,0,0,-2,-2,0
2,-1,0,5,-1,-2,3,16,0,-14,4,-10,2,1,-2,1,-5,-2,0,-2,-3,0,2,2,0,-1,-2,-5,0,1,-2,-1,-6,-5,0
-0.5625,-5.125,-2.75,-1.875,-0.75,-2.6875,-3.4375,-4.5,-0.75,-1.875,-56.875,-38.313,-73.375,-61.563,-37.875,-57.875,-49.625,-37.25,-23.438,3.75,12.938,6.125,-3.0625,-1.3125,-6.875,-11.5,1.3125,-4.875,2.625,3.4375,3.0625,5.5625,2.875,1.3125,-1.5
-0.5625,-5.125,-2.75,-1.875,-0.75,-2.6875,-3.4375,-4.5,-0.75,-1.875,-56.875,-38.313,-73.375,-61.563,-37.875,-57.875,-49.625,-37.25,-23.438,3.75,12.938,6.125,-3.0625,-1.3125,-6.875,-11.5,1.3125,-4.875,2.625,3.4375,3.0625,5.5625,2.875,1.3125,-1.5
-0.5625,-5.125,-2.75,-1.875,-0.75,-2.6875,-3.4375,-4.5,-0.75,-1.875,-56.875,-38.313,-73.375,-61.563,-37.875,-57.875,-49.625,-37.25,-23.438,3.75,12.938,6.125,-3.0625,-1.3125,-6.875,-11.5,1.3125,-4.875,2.625,3.4375,3.0625,5.5625,2.875,1.3125,-1.5
8.899,8.8954,8.9054,8.9059,8.9045,8.9032,8.9078,8.9097,8.914,8.8225,8.2716,7.8135,7.4007,7.1876,7.0602,6.9656,6.8587,6.7797,6.7319,6.7374,6.7793,6.7831,6.7773,6.7733,6.7684,6.7558,6.7555,6.7531,6.7573,6.7626,6.7729,6.7761,6.783,6.7869,6.7874
6.7984,6.8025,6.802,6.8016,6.8016,6.8011,6.8013,6.8036,6.8093,6.8223,6.7792,6.6341,6.3147,6.0438,5.7641,5.4832,5.2198,4.9051,4.6875,4.4754,4.3478,4.2184,4.1916,4.1886,4.2007,4.2089,4.2163,4.2198,4.2211,4.224,4.2267,4.2294,4.2317,4.233,4.2362
5.6554,5.6566,5.6723,5.679,5.6789,5.6812,5.6915,5.701,5.7041,5.6029,5.0823,4.6504,4.3041,4.1619,4.075,4.021,3.9859,3.9687,3.9664,3.9653,3.9788,3.9997,4.0062,4.0104,3.997,3.9847,3.972,3.9629,3.9584,3.9554,3.953,3.9558,3.9573,3.9542,3.9506
-0.90186,-0.89502,-0.89551,-0.89258,-0.88818,-0.90088,-0.91943,-0.91016,-0.82373,-0.62598,-0.48242,-0.52539,-0.44385,-0.37256,-0.21631,-0.04834,0.18359,-0.54541,0.4082,0.56787,0.52588,0.45215,0.4751,0.52588,0.52295,0.51953,0.51416,0.52832,0.50439,0.50879,0.50732,0.50977,0.5166,0.50586,0.5083
0.27637,0.27344,0.27344,0.27539,0.27246,0.28223,0.22266,0.19873,0.23096,0.33984,0.47607,0.68848,0.80127,1.0059,1.0557,1.02,1.106,0.83105,0.88867,0.90527,0.8623,0.79639,0.80811,0.7666,0.73486,0.72119,0.74219,0.74805,0.74512,0.74121,0.74512,0.74414,0.76465,0.75586,0.75977
-0.32129,-0.30957,-0.31689,-0.31494,-0.31055,-0.31348,-0.36768,-0.34326,-0.24219,-0.046387,0.042969,0.15674,0.30518,0.31641,0.37549,0.37842,0.060059,0.43604,0.65137,0.48145,0.45557,0.39697,0.39844,0.39697,0.4043,0.40137,0.41699,0.43018,0.43408,0.42969,0.41992,0.40479,0.40771,0.41211,0.4126
1,-1,-7,2,3,10,-11,-5,3,0,-7,-19,5,-1,-1,-18,13,-10,-3,-1,3,2,-4,0,3,-6,-5,-1,-6,4,-10,-11,12,0,-4
7,-4,-3,3,9,13,-5,-4,1,3,-7,-1,3,17,-7,6,-4,-9,-3,-7,-9,21,4,-10,8,8,-1,-9,-5,-7,-4,-12,6,5,-18
-3,-2,2,-2,3,3,-6,-3,2,-4,-3,1,3,19,0,5,-1,-1,-19,0,3,8,-11,-10,2,2,-7,-4,-15,2,-12,-5,18,1,-4
0,0,-1,0,-1,0,-4,-3,1,-2,-3,-1,-1,6,1,0,-1,0,-9,-1,1,0,-7,-3,0,-2,-2,-3,-8,2,-4,2,5,-2,2
-1,1,0,-1,-2,-2,-4,1,5,-1,-28,-1,3,1,1,-1,1,5,-12,-4,-1,-1,-2,2,-1,-4,0,-5,-6,1,2,0,1,-3,4
0,1,-1,-1,0,-8,-3,-6,-4,-8,-22,-6,12,-3,-5,3,2,4,-9,-3,-1,-4,1,11,5,-2,1,-9,-7,4,4,-5,9,-3,2
-1,0,-2,0,0,-5,1,-1,-3,-6,-9,-3,1,-2,-4,7,1,0,-3,-4,0,-2,-2,1,2,-1,-1,-3,-6,1,0,-2,2,0,1
-2,-1,-2,-3,0,-12,2,-5,-2,5,-9,-13,6,-1,-2,7,0,-6,-6,-7,2,-3,-7,0,4,0,-4,0,-2,0,-5,-5,0,1,1
-1.875,-0.3125,0.25,-0.6875,-4.0625,-3.875,-2.25,-9.8125,-19.813,-35.063,-43.688,-52.938,-62.563,-35.75,-37.188,-47,-8,-7.375,-12.813,-2.8125,-15.688,-10.125,-4.125,-10.063,-3.75,-3.5625,1,1,2.625,1.9375,1.875,-0.25,0.5,1.5,0.875
-1.875,-0.3125,0.25,-0.6875,-4.0625,-3.875,-2.25,-9.8125,-19.813,-35.063,-43.688,-52.938,-62.563,-35.75,-37.188,-47,-8,-7.375,-12.813,-2.8125,-15.688,-10.125,-4.125,-10.063,-3.75,-3.5625,1,1,2.625,1.9375,1.875,-0.25,0.5,1.5,0.875
-1.875,-0.3125,0.25,-0.6875,-4.0625,-3.875,-2.25,-9.8125,-19.813,-35.063,-43.688,-52.938,-62.563,-35.75,-37.188,-47,-8,-7.375,-12.813,-2.8125,-15.688,-10.125,-4.125,-10.063,-3.75,-3.5625,1,1,2.625,1.9375,1.875,-0.25,0.5,1.5,0.875
8.8187,8.8187,8.817,8.8124,8.8032,8.7938,8.7946,8.7343,8.5178,8.0031,7.6216,7.3738,7.1018,6.9835,6.9268,6.8242,6.7607,6.7505,6.73,6.7145,6.6944,6.6575,6.6535,6.6488,6.6521,6.6556,6.6629,6.6687,6.674,6.6768,6.6794,6.679,6.6814,6.6822,6.6831
6.8103,6.8095,6.8086,6.808,6.8064,6.8016,6.8013,6.806,6.8103,6.7412,6.5674,6.3128,5.9126,5.6058,5.4155,5.0704,4.7654,4.561,4.3038,4.1754,4.113,4.0898,4.0943,4.1045,4.1279,4.143,4.1579,4.1649,4.1645,4.1624,4.162,4.1588,4.155,4.1527,4.1529
5.6664,5.6672,5.6686,5.6663,5.6571,5.6534,5.6631,5.6023,5.395,4.894,4.5172,4.2974,4.1091,4.0183,3.9692,3.9178,3.9132,3.9161,3.9196,3.9349,3.9426,3.9636,3.9662,3.9586,3.935,3.9216,3.9084,3.8984,3.895,3.8971,3.9007,3.9045,3.9068,3.9111,3.9122
-0.87939,-0.88184,-0.83594,-0.84326,-0.875,-0.88477,-0.88623,-0.88721,-0.91797,-0.93994,-0.90967,-0.81885,-0.56738,-0.4585,-0.49561,-0.4043,-0.35059,-0.29443,-0.13916,-0.0078125,-0.086426,-0.54248,1.0815,0.29541,0.44092,0.3999,0.45117,0.46924,0.48096,0.45215,0.44629,0.44336,0.44775,0.43457,0.44922
0.25684,0.26709,0.29004,0.25391,0.22754,0.27637,0.23633,0.23242,0.22754,0.14453,0.17285,0.12256,0.3374,0.44629,0.54102,0.8501,1.0103,1.0488,1.0728,1.061,0.90234,0.92383,1.1938,0.84961,0.86475,0.78125,0.79443,0.7749,0.78125,0.76465,0.77686,0.78223,0.78516,0.78564,0.79346
-0.38916,-0.40332,-0.42188,-0.36035,-0.4165,-0.38965,-0.39648,-0.396,-0.40381,-0.45459,-0.45361,-0.32764,-0.19092,-0.09375,0.033691,0.1958,0.27881,0.31445,0.40625,0.36963,0.74463,0.14404,0.45801,0.82227,0.45605,0.43457,0.43213,0.43506,0.4248,0.42676,0.42188,0.42822,0.42969,0.42432,0.43652
-2,-35,-1,15,1,6,-2,18,0,-9,2,-1,-10,3,5,15,-1,6,4,6,5,6,-6,5,1,8,4,-16,-7,-2,-12,-4,1,1,-6
-2,-18,3,-13,-10,5,-2,0,1,-16,-3,-2,0,-2,0,2,-4,0,13,-9,2,-1,-15,3,-2,0,12,8,-6,10,-1,7,0,13,-1
-1,-12,3,-4,-6,10,-2,-2,3,-5,-3,-3,-3,-2,3,-5,-9,-4,11,-8,-2,7,4,2,1,-7,5,5,19,8,4,0,-3,19,-6
0,-7,4,9,-1,1,-2,-1,3,-4,1,-1,-1,-3,2,-1,-5,-1,3,0,0,3,-3,-1,-1,-2,-1,-5,5,0,1,-2,-3,4,-5
4,-3,2,4,2,2,-4,0,4,0,-2,-4,-1,1,2,0,-4,0,4,4,-3,-5,-2,-2,-1,-3,-1,-1,0,0,-1,-2,-2,-1,-5
5,-4,0,-4,11,4,-8,2,-12,-11,9,10,4,1,5,1,-2,-2,1,-1,-2,-8,0,-5,1,0,-6,-1,3,-1,-3,-10,-3,-6,-6
0,-11,1,2,4,4,-3,-1,-13,1,-3,12,-2,2,7,0,3,-1,1,-10,-2,-8,-4,-1,1,1,-1,-1,-2,-4,-2,0,-2,-5,-2
-3,-26,1,9,1,14,1,7,-8,9,1,5,-5,0,9,4,4,4,-4,-15,1,3,-3,7,1,0,1,-5,-4,-6,-3,0,3,-1,-5
1.375,-3.375,3.375,8.125,0.5,-3.875,0.125,3.875,-0.5,-0.4375,8.5625,-2.8125,-11.5,-42.063,-36.875,-49.813,-58.563,-62.438,-75.188,-54.313,-58.688,-6.8125,-5.1875,6.4375,-8.625,5.5,-2.0625,3.6875,0.4375,2.9375,-2.6875,1.75,0.5625,1.6875,-0.625
1.375,-3.375,3.375,8.125,0.5,-3.875,0.125,3.875,-0.5,-0.4375,8.5625,-2.8125,-11.5,-42.063,-36.875,-49.813,-58.563,-62.438,-75.188,-54.313,-58.688,-6.8125,-5.1875,6.4375,-8.625,5.5,-2.0625,3.6875,0.4375,2.9375,-2.6875,1.75,0.5625,1.6875,-0.625
1.375,-3.375,3.375,8.125,0.5,-3.875,0.125,3.875,-0.5,-0.4375,8.5625,-2.8125,-11.5,-42.063,-36.875,-49.813,-58.563,-62.438,-75.188,-54.313,-58.688,-6.8125,-5.1875,6.4375,-8.625,5.5,-2.0625,3.6875,0.4375,2.9375,-2.6875,1.75,0.5625,1.6875,-0.625
9.0104,9.0076,8.9968,9.0004,9.0026,9.0171,9.0468,9.0776,9.0995,9.1138,9.0813,8.9131,8.3825,7.949,7.6246,7.3689,7.2311,7.1486,6.9877,6.8929,6.7786,6.7263,6.7065,6.6794,6.6839,6.6795,6.6867,6.6897,6.6948,6.6973,6.6991,6.7017,6.7038,6.7041,6.7063
6.7479,6.7411,6.7243,6.7344,6.7354,6.7377,6.7327,6.7347,6.7263,6.7384,6.757,6.7871,6.7488,6.5887,6.3513,5.9891,5.7309,5.5726,5.2885,5.0888,4.8428,4.6176,4.4104,4.2533,4.2176,4.2175,4.2309,4.2405,4.2508,4.2622,4.2708,4.2729,4.2726,4.2715,4.2707
5.6447,5.6453,5.6217,5.6251,5.6375,5.6536,5.6832,5.7126,5.735,5.7465,5.697,5.5012,4.9191,4.4823,4.1749,3.9277,3.8394,3.8057,3.7871,3.7786,3.8095,3.8346,3.8634,3.8929,3.9047,3.9154,3.9171,3.9148,3.9128,3.9109,3.907,3.9052,3.9054,3.9076,3.9084
-0.86816,-0.86426,-0.87695,-0.86963,-0.86328,-0.86914,-0.86426,-0.86523,-0.86719,-0.90869,-0.95703,-0.86816,-0.7002,-0.58496,-0.48438,-0.36377,-0.33105,-0.31152,-0.13086,0.24121,-0.59863,0.083984,0.52637,0.50537,0.48193,0.46484,0.521,0.5542,0.54248,0.5166,0.5083,0.49854,0.51514,0.51563,0.50293
0.22656,0.22314,0.22852,0.21533,0.20898,0.22021,0.21777,0.2207,0.21729,0.18652,0.10889,0.13232,0.23193,0.35107,0.58008,0.77734,0.92236,0.96387,1.0459,1.1255,0.96045,1.0054,1.082,0.99219,0.86768,0.74756,0.74756,0.70361,0.7666,0.73633,0.76416,0.75439,0.76074,0.76758,0.75879
-0.42725,-0.4248,-0.41992,-0.42383,-0.42871,-0.42969,-0.41602,-0.42725,-0.43359,-0.45068,-0.47998,-0.32959,-0.18408,-0.13867,-0.10254,0.080078,0.15137,0.25342,0.30566,0.17822,0.37354,0.40918,0.40771,0.44385,0.38867,0.37939,0.39111,0.39355,0.39014,0.39502,0.40381,0.41553,0.41895,0.41943,0.4248
-1,-15,-4,3,5,2,-9,-4,-5,-3,3,-2,15,-23,-25,-8,1,-9,-11,20,-10,10,28,-45,8,-2,-5,1,3,-8,5,1,5,5,-4
-4,-9,-4,5,5,5,-28,-13,-5,-5,2,-5,11,-20,-2,-14,8,-10,-26,2,-3,6,3,-8,7,-15,-13,-7,15,-3,-6,2,1,-11,4
0,1,0,1,1,1,-7,-1,0,0,0,-3,3,-8,-4,-12,5,-9,-11,-3,-2,-1,2,0,-3,-2,-16,-5,8,-15,0,-6,8,-1,3
-3,-2,-2,-1,1,-2,-3,0,-2,1,-2,-4,-2,-6,-3,-2,-1,-6,-8,1,-2,-5,6,-2,-5,-5,-7,-2,2,-9,-1,-3,4,-3,1
-2,-2,-1,-1,-1,0,1,-1,0,0,-2,-5,1,1,-3,-4,-4,-2,0,0,-1,-4,3,-2,-2,-1,0,-1,0,-4,0,-3,0,3,0
-1,-5,-8,-1,1,-4,-3,-2,3,0,-5,5,-4,-4,-6,-11,-4,-4,-1,1,-3,-4,3,-2,-2,-8,-1,0,-4,-11,0,-1,1,1,2
-3,-4,-1,1,-2,-3,1,-1,0,-13,-11,-6,-11,-12,0,-7,-1,-5,-2,3,0,-2,3,-3,2,-5,-3,0,-1,-2,-4,-1,0,-3,1
-4,-4,-5,-2,-2,-5,-3,-9,-4,-11,4,-14,2,-17,5,4,-2,-13,-2,10,-4,4,7,-12,4,0,-4,-4,2,-2,0,-1,2,-7,1
9.75,7.8125,8.3125,6.1875,3.1875,0.875,1.8125,-1.625,-6.0625,-2.25,-4,-21.438,-28,-41.5,-91.813,-38.75,-69.313,-78,-67.813,-56.438,-30.875,-41.813,-0.3125,2.4375,-7.875,-3,6.375,1.625,-2.625,-6.125,-8.0625,1.4375,-1.3125,-1.125,-2.5625
9.75,7.8125,8.3125,6.1875,3.1875,0.875,1.8125,-1.625,-6.0625,-2.25,-4,-21.438,-28,-41.5,-91.813,-38.75,-69.313,-78,-67.813,-56.438,-30.875,-41.813,-0.3125,2.4375,-7.875,-3,6.375,1.625,-2.625,-6.125,-8.0625,1.4375,-1.3125,-1.125,-2.5625
9.75,7.8125,8.3125,6.1875,3.1875,0.875,1.8125,-1.625,-6.0625,-2.25,-4,-21.438,-28,-41.5,-91.813,-38.75,-69.313,-78,-67.813,-56.438,-30.875,-41.813,-0.3125,2.4375,-7.875,-3,6.375,1.625,-2.625,-6.125,-8.0625,1.4375,-1.3125,-1.125,-2.5625
9.1554,9.1539,9.1594,9.1667,9.1755,9.1773,9.1739,9.1698,9.1704,9.1818,9.1856,9.0099,8.6407,8.2345,7.8716,7.551,7.3734,7.2021,7.0621,6.9239,6.8559,6.7721,6.7609,6.7507,6.753,6.7385,6.7392,6.7291,6.7301,6.7183,6.7128,6.7117,6.716,6.7167,6.714
6.689,6.6876,6.6879,6.6878,6.6888,6.687,6.6866,6.6899,6.6927,6.702,6.726,6.7719,6.7631,6.6413,6.4491,6.1286,5.8721,5.6175,5.3581,5.0323,4.793,4.5566,4.2881,4.178,4.1457,4.1564,4.161,4.1565,4.1607,4.1676,4.1741,4.1751,4.1741,4.174,4.1777
5.519,5.5002,5.4884,5.4846,5.4816,5.4776,5.4692,5.4668,5.4727,5.4895,5.4917,5.3222,4.9568,4.564,4.267,4.0005,3.8667,3.7793,3.7264,3.7174,3.7327,3.7671,3.8047,3.8302,3.8437,3.8549,3.8674,3.8869,3.8925,3.8923,3.8833,3.8774,3.8702,3.8635,3.8569
-0.88818,-0.89307,-0.87842,-0.89111,-0.89111,-0.89844,-0.89355,-0.88672,-0.88672,-0.89209,-0.91602,-0.87207,-0.90088,-0.91504,-0.84521,-0.4585,-0.49316,-0.53076,-0.35107,-0.1748,-0.16211,-0.037598,0.15234,0.20557,0.13574,0.68018,0.54053,0.45557,0.53369,0.58887,0.62891,0.55566,0.55518,0.5708,0.56396
0.23145,0.23779,0.24219,0.2417,0.24023,0.24121,0.24268,0.23438,0.229,0.22754,0.22314,0.25098,0.079102,0.10938,0.2666,0.31152,0.76172,0.70605,0.97217,0.9751,1.0078,0.98682,1.0205,0.91943,0.98096,0.98145,0.86963,0.73047,0.73926,0.72656,0.74121,0.71289,0.73047,0.71875,0.73242
-0.36572,-0.37158,-0.36816,-0.37256,-0.36084,-0.35889,-0.36719,-0.35742,-0.36035,-0.35938,-0.39551,-0.39697,-0.32813,-0.22217,-0.229,0.041992,-0.060547,0.080078,0.21289,0.33545,0.34521,0.41748,0.14551,0.5293,0.48193,0.42139,0.41504,0.375,0.36377,0.375,0.36963,0.37646,0.38281,0.40234,0.39063
-1,-3,0,-6,-4,5,-1,-8,0,4,3,-20,5,24,-33,-4,4,-10,-3,10,13,-1,3,-3,1,-18,-1,3,-1,-2,-2,-11,13,3,-1
-5,-8,4,10,-12,17,1,-18,1,1,1,15,-10,7,-36,5,12,-1,-3,1,-11,3,2,5,15,-2,8,1,3,7,-11,-9,1,-8,-2
-1,-5,-2,2,-5,4,-2,-6,0,-2,0,5,-8,6,-30,2,0,-5,-3,0,12,5,2,-4,38,-15,-3,-13,0,2,-3,-21,-6,-11,-6
-1,1,0,-1,0,1,-2,0,-1,-4,0,1,-2,20,-10,0,0,-1,0,-3,2,-1,-1,-5,14,-7,-2,-5,-1,-2,0,-8,-6,-3,-1
-1,0,-1,0,-1,0,-2,1,1,-4,0,-1,1,11,-6,2,-1,-3,0,-2,-1,-1,4,4,2,-3,1,-1,0,-2,1,-1,0,-4,-1
0,0,-1,0,-1,-2,-1,-4,0,-2,0,-1,2,-9,-5,2,2,0,-3,6,0,-2,0,3,5,-2,0,-1,0,-3,1,0,-1,-4,1
1,-3,-3,-2,-2,-2,-3,0,-8,1,0,-3,-4,12,-7,3,5,3,0,-1,-2,2,0,0,4,0,-1,0,-1,0,3,-1,1,-3,-2
0,-1,-3,1,-2,-3,-8,1,-8,-7,2,-11,-4,12,-14,-5,6,4,-2,-8,-1,0,-1,0,2,-4,0,1,-2,1,-5,-8,4,-4,-1
-2.6875,-2.25,-1.0625,-0.1875,-1.5,-0.5625,0,-0.5,-3.9375,-3.875,-2.75,-6.5,-17.625,-14.188,-14.688,-69.25,-71.5,-71.75,-59.188,-54.75,-43.313,-37.625,-22.5,-18.125,12.063,13.313,-1.875,10.438,-10.313,-1.3125,-4.5625,1.9375,2.9375,-3,-0.0625
-2.6875,-2.25,-1.0625,-0.1875,-1.5,-0.5625,0,-0.5,-3.9375,-3.875,-2.75,-6.5,-17.625,-14.188,-14.688,-69.25,-71.5,-71.75,-59.188,-54.75,-43.313,-37.625,-22.5,-18.125,12.063,13.313,-1.875,10.438,-10.313,-1.3125,-4.5625,1.9375,2.9375,-3,-0.0625
-2.6875,-2.25,-1.0625,-0.1875,-1.5,-0.5625,0,-0.5,-3.9375,-3.875,-2.75,-6.5,-17.625,-14.188,-14.688,-69.25,-71.5,-71.75,-59.188,-54.75,-43.313,-37.625,-22.5,-18.125,12.063,13.313,-1.875,10.438,-10.313,-1.3125,-4.5625,1.9375,2.9375,-3,-0.0625
9.0719,9.0571,9.0475,9.0386,9.0274,9.0261,9.0281,9.0297,9.0322,9.0367,9.0534,9.0623,8.9593,8.6044,8.3172,7.9355,7.5781,7.3302,7.1664,6.9827,6.9253,6.8304,6.7752,6.7491,6.7365,6.7503,6.7599,6.7503,6.7383,6.7304,6.7275,6.7168,6.7263,6.7238,6.7224
6.7795,6.7807,6.7829,6.785,6.7866,6.7839,6.7819,6.7819,6.7813,6.7798,6.7823,6.7877,6.795,6.8077,6.7638,6.6145,6.3471,6.1124,5.8696,5.5377,5.3782,5.0636,4.8346,4.5866,4.2832,4.1131,4.0555,4.062,4.0739,4.0705,4.0664,4.0763,4.0842,4.0886,4.0943
5.4009,5.3887,5.3792,5.3703,5.3596,5.3583,5.361,5.3629,5.3701,5.3823,5.4044,5.415,5.3259,4.9705,4.6326,4.275,3.9662,3.8138,3.6942,3.6049,3.5864,3.5723,3.5909,3.6027,3.6396,3.6341,3.658,3.691,3.7097,3.7115,3.7147,3.7208,3.7184,3.7128,3.7064
-0.88965,-0.88623,-0.87598,-0.87939,-0.87988,-0.86182,-0.87305,-0.88086,-0.87451,-0.87646,-0.87549,-0.87451,-0.82715,-0.87939,-0.8877,-0.69727,-0.6123,-0.53662,-0.43604,-0.38086,0.013672,-0.028809,-0.17822,0.39941,0.32471,0.36816,0.5708,0.5083,0.45313,0.50488,0.53662,0.53369,0.51465,0.51172,0.49902
0.25537,0.25244,0.24756,0.24609,0.24463,0.24463,0.24854,0.25098,0.2583,0.24365,0.24951,0.24902,0.15234,0.26221,0.17871,0.28662,0.56787,0.59521,0.95117,0.8833,1.0854,0.97168,0.87549,0.88184,0.9541,0.95898,0.98438,0.87305,0.82666,0.76709,0.74463,0.74756,0.73584,0.77588,0.74707
-0.39111,-0.37207,-0.375,-0.37402,-0.38281,-0.375,-0.38184,-0.39209,-0.38477,-0.38232,-0.37646,-0.37158,-0.3291,-0.32861,-0.37646,-0.14551,-0.11816,0.022949,0.12988,0.20166,0.32617,0.41357,0.7124,0.83838,0.45605,0.44287,0.44092,0.40576,0.37695,0.39551,0.38965,0.38037,0.38916,0.39893,0.38721
-7,31,22,-16,-9,1,-4,-6,4,-9,3,8,-4,-50,14,23,16,-7,15,2,5,-2,-4,21,0,-11,-1,-5,12,-15,10,-7,-9,-8,-2
-11,37,20,-7,-1,-6,-4,-3,-3,-7,2,-6,4,-7,-3,0,-11,2,11,-5,-2,-7,0,6,3,-17,9,-2,4,0,-4,-7,-14,-21,7
0,6,3,-1,2,-4,-1,-1,1,1,-1,-10,0,2,1,-4,-9,0,1,-6,-3,-6,-3,2,-2,-30,18,30,-1,-8,-15,-20,-10,-2,6
0,2,-2,1,0,-2,0,0,1,-1,-1,-6,0,1,2,0,-2,1,0,-1,-4,-4,-2,-1,-2,-16,2,10,-1,-6,-2,-6,-1,1,2
-1,-2,-3,-2,0,-1,0,0,-2,-1,0,-3,-3,-3,0,-1,-1,1,0,1,-2,-2,-4,-3,0,-4,-3,1,0,-4,-3,-2,-1,-1,0
0,-1,-3,-7,-1,0,-1,1,1,-1,0,-2,-3,13,1,-1,-2,3,1,1,-3,1,0,-4,8,-2,-11,-3,-8,-3,1,-4,-3,-2,0
-3,0,-1,-9,-2,2,2,0,-1,-2,-2,-4,7,3,2,-1,0,-1,4,1,-3,-1,-1,-1,-1,-2,-8,-4,1,-2,-1,0,-4,-2,0
-4,1,-3,-11,-2,-2,-2,4,-2,-2,-1,-3,10,-2,10,0,0,-2,3,-2,-2,-2,1,2,-1,-4,0,-7,4,-3,0,1,-2,-2,0
-2.0625,-0.375,1.4375,0.125,-1.75,-2.25,-1.375,-0.8125,-1.125,-1.375,-2.5,-2.75,-9.25,-21.125,-40,-40.063,-69.813,-41.75,-66.875,-65.313,-36.438,-47,-34.313,-40.125,-11.063,-8.25,0.5,3.9375,4,4.75,1.1875,2.875,2.125,2.875,-1.6875
-2.0625,-0.375,1.4375,0.125,-1.75,-2.25,-1.375,-0.8125,-1.125,-1.375,-2.5,-2.75,-9.25,-21.125,-40,-40.063,-69.813,-41.75,-66.875,-65.313,-36.438,-47,-34.313,-40.125,-11.063,-8.25,0.5,3.9375,4,4.75,1.1875,2.875,2.125,2.875,-1.6875
-2.0625,-0.375,1.4375,0.125,-1.75,-2.25,-1.375,-0.8125,-1.125,-1.375,-2.5,-2.75,-9.25,-21.125,-40,-40.063,-69.813,-41.75,-66.875,-65.313,-36.438,-47,-34.313,-40.125,-11.063,-8.25,0.5,3.9375,4,4.75,1.1875,2.875,2.125,2.875,-1.6875
9.0151,9.0218,9.0322,9.0411,9.0406,9.0368,9.0341,9.0348,9.0322,9.0319,9.0255,9.0259,9.0002,8.8486,8.6313,8.2608,7.7723,7.5017,7.2616,7.0925,7.0065,6.9136,6.8406,6.7889,6.7499,6.7286,6.7273,6.7194,6.7258,6.7319,6.7377,6.7437,6.7494,6.7559,6.7535
6.757,6.7582,6.7541,6.7509,6.7484,6.7456,6.7438,6.7423,6.7414,6.7417,6.7431,6.7433,6.7401,6.7355,6.7169,6.6782,6.4734,6.2549,5.9146,5.6476,5.3851,5.1461,4.8781,4.7032,4.4637,4.3095,4.1947,4.1408,4.1514,4.1671,4.1819,4.1913,4.1986,4.2007,4.1992
5.3585,5.3659,5.3758,5.3838,5.3846,5.3838,5.3863,5.391,5.3892,5.3892,5.3849,5.3868,5.3743,5.2263,5.018,4.6708,4.2338,4.0029,3.8004,3.6994,3.608,3.5656,3.5367,3.539,3.5468,3.5587,3.5754,3.6049,3.6196,3.6251,3.624,3.6209,3.6184,3.6151,3.6143
-0.91064,-0.90869,-0.89014,-0.87939,-0.88086,-0.88623,-0.88623,-0.88135,-0.86475,-0.8833,-0.8457,-0.82813,-0.71826,-0.67041,-0.61621,-0.48584,-0.31152,-0.083496,-0.043945,0.024414,0.21045,0.37158,0.90479,0.67139,0.53027,0.49805,0.53369,0.55518,0.54004,0.54834,0.52734,0.53662,0.52637,0.52637,0.53125
0.24219,0.24805,0.25049,0.24414,0.23633,0.23877,0.24023,0.23779,0.22412,0.22705,0.14551,0.14063,0.39648,0.40332,0.58057,0.86523,0.90234,1,1.0337,0.93457,1.0117,0.84521,1.1338,0.95117,0.87549,0.77881,0.72021,0.73096,0.6958,0.71777,0.74707,0.77295,0.76514,0.78369,0.76025
-0.36084,-0.37354,-0.36426,-0.36182,-0.36719,-0.36475,-0.36572,-0.37012,-0.34912,-0.40039,-0.37305,-0.24609,-0.11279,-0.04541,0.0068359,0.12207,0.24414,0.34326,0.39893,0.43896,0.45459,0.51221,0.45703,0.44238,0.39502,0.38477,0.37549,0.37549,0.36963,0.38281,0.39453,0.396,0.3916,0.38232,0.39209
1,7,11,-8,-12,2,4,-22,-2,2,-6,4,-24,1,7,-4,-2,8,1,-2,-4,-8,0,14,2,-2,24,13,-2,-12,5,6,0,-1,-7
-4,7,10,-16,-15,6,1,-33,0,-6,-6,1,-8,5,23,-10,2,7,7,-10,0,19,-4,6,10,0,4,0,2,3,-6,-2,2,-4,-2
-4,-3,1,-4,0,1,1,-8,-1,2,-4,1,-7,7,7,10,6,0,13,1,-2,-15,9,-16,23,-8,-10,-22,14,2,-7,6,-10,7,-4
-2,-3,1,1,-1,0,-1,-4,-1,1,-3,0,0,2,-3,3,-1,4,4,3,-5,-8,-2,-3,5,-1,-3,-10,11,-1,-8,3,-5,1,-1
-1,-2,-1,2,-1,0,-1,-1,0,-2,-2,-1,1,1,2,4,1,1,2,0,-4,-3,-2,0,-2,-2,-2,-4,1,-1,-5,1,-2,1,-2
0,0,-2,0,-1,2,1,-2,3,1,6,-6,-2,-1,0,1,6,0,1,-1,-4,-2,-2,2,-9,-1,2,-2,-2,-1,-6,-4,-3,1,2
0,6,0,0,3,-2,4,0,0,7,1,-10,-3,-2,0,3,1,3,1,0,-1,-4,-1,0,0,-1,-1,0,1,-2,-2,0,-4,-2,0
-2,18,2,-3,13,-5,4,-4,5,29,-9,-5,3,3,1,4,11,1,4,3,2,-7,1,1,3,-1,4,4,3,-9,-1,0,-3,-3,1
-2.625,-1.8125,0.125,1.4375,-0.9375,-3.625,-2.5,-3.375,-3.8125,-9.6875,-13.563,-17.813,-20.625,-61.875,-33.25,-61.188,-50.125,-43.813,-56.063,-39.188,-47.125,-28.063,-5.0625,29.375,-14.438,9.8125,-1,2.8125,-0.875,8.375,2.625,-0.75,-3.3125,-2.5625,0.8125
-2.625,-1.8125,0.125,1.4375,-0.9375,-3.625,-2.5,-3.375,-3.8125,-9.6875,-13.563,-17.813,-20.625,-61.875,-33.25,-61.188,-50.125,-43.813,-56.063,-39.188,-47.125,-28.063,-5.0625,29.375,-14.438,9.8125,-1,2.8125,-0.875,8.375,2.625,-0.75,-3.3125,-2.5625,0.8125
-2.625,-1.8125,0.125,1.4375,-0.9375,-3.625,-2.5,-3.375,-3.8125,-9.6875,-13.563,-17.813,-20.625,-61.875,-33.25,-61.188,-50.125,-43.813,-56.063,-39.188,-47.125,-28.063,-5.0625,29.375,-14.438,9.8125,-1,2.8125,-0.875,8.375,2.625,-0.75,-3.3125,-2.5625,0.8125
9.0126,9.0107,9.0184,9.025,9.0278,9.0257,9.0276,9.0338,9.0363,9.0198,8.9098,8.5206,8.1694,7.8179,7.5593,7.3038,7.1438,7.0011,6.9671,6.8379,6.7595,6.686,6.6891,6.7226,6.7286,6.7309,6.7406,6.7499,6.748,6.754,6.7596,6.7608,6.7515,6.7513,6.7501
6.7809,6.7817,6.7777,6.7756,6.7756,6.7751,6.7716,6.7694,6.772,6.7787,6.7978,6.7936,6.7219,6.5544,6.3499,6.0061,5.7423,5.3998,5.3184,5.0036,4.7051,4.4874,4.2188,4.0876,4.0741,4.096,4.1299,4.1466,4.1499,4.1424,4.1275,4.1165,4.1122,4.1158,4.1212
5.3752,5.3761,5.3845,5.3907,5.3929,5.3932,5.4004,5.4125,5.4221,5.4139,5.3086,4.92,4.5494,4.245,4.0052,3.7792,3.6601,3.555,3.5436,3.5154,3.5126,3.5419,3.5729,3.592,3.5951,3.5948,3.5864,3.5764,3.5758,3.5798,3.586,3.5853,3.5841,3.5809,3.5791
-0.85303,-0.854,-0.85889,-0.85254,-0.86816,-0.85303,-0.84033,-0.80518,-0.73682,-0.75,-0.6167,-0.63965,-0.58105,-0.53369,-0.29785,-0.25684,-0.063965,0.63477,-0.21729,0.43848,0.70654,0.63428,0.51318,0.48779,0.55176,0.58398,0.5625,0.53369,0.54395,0.55518,0.53564,0.54639,0.55127,0.54395,0.54346
0.19678,0.20166,0.20361,0.20068,0.19824,0.19775,0.19141,0.18506,0.1748,0.1665,0.34521,0.44043,0.73975,0.91992,1.0737,1.0889,1.0854,1.061,0.88281,1.021,0.95654,0.9043,0.79443,0.77979,0.71729,0.74121,0.73633,0.73975,0.73926,0.75098,0.74805,0.77344,0.75781,0.76025,0.75586
-0.45264,-0.45215,-0.45654,-0.45703,-0.45313,-0.44531,-0.43799,-0.41748,-0.3374,-0.354,-0.24902,-0.067383,0.043945,0.12695,0.32031,0.29248,0.14648,0.36963,0.28076,0.16797,0.44629,0.42188,0.39551,0.36475,0.36914,0.36914,0.36426,0.36768,0.35791,0.36133,0.35498,0.35205,0.35693,0.36279,0.35791
6,-5,3,3,1,3,0,-3,3,29,-2,11,-19,-43,-2,7,-1,3,7,-1,-10,22,-20,9,24,4,-14,-3,21,12,25,2,4,-6,0
0,-5,-3,-2,3,14,-4,-3,9,6,-10,5,-5,1,-11,4,7,10,-4,18,-3,-6,-13,-8,-3,-7,5,-6,11,0,13,0,-8,-12,3
-2,-2,-2,-1,3,-3,3,-1,3,0,-7,16,-8,-7,-10,-1,6,11,-3,33,-3,-6,-4,-17,6,-7,4,-3,-5,13,3,8,25,6,-7
0,1,-2,-2,0,-3,2,0,2,-2,-4,3,0,-5,-6,-1,0,3,1,27,-1,-1,-2,-8,-3,-7,0,-1,-3,6,1,-1,6,0,-3
-2,2,-2,-4,1,-2,0,0,2,-3,-3,3,-2,-1,-2,2,-2,1,-2,5,1,-3,-1,-1,-2,-2,-1,-1,0,0,0,-1,-3,1,0
-5,9,0,-11,0,-2,-2,-2,7,7,-8,5,-1,-4,-3,3,-2,1,-2,0,-2,-3,-2,-5,-3,0,1,-2,-1,-7,-2,-4,-2,1,0
-1,-1,-1,0,-6,1,-6,-3,1,2,-3,7,-2,-3,-1,4,0,0,0,1,-1,-5,-2,0,2,2,-1,-2,-1,-6,-3,-3,2,-1,-2
0,-6,2,-2,-6,8,-14,-6,12,10,5,18,2,-10,-14,3,0,1,-1,3,0,-4,-4,2,5,3,-5,-3,-1,2,-2,-3,2,0,2
-1.375,-1.1875,-0.8125,-0.9375,-1.0625,-2.9375,-5.3125,-7.25,-37.688,-49.5,-64,-62.438,-71.125,-89.375,-70.25,-80.125,-46.313,-52.188,-21.438,6.8125,15.688,5.75,3.1875,-1.6875,-4.625,7,3.8125,-1.75,4.5,1.875,0.6875,-0.25,0.6875,1.6875,0
-1.375,-1.1875,-0.8125,-0.9375,-1.0625,-2.9375,-5.3125,-7.25,-37.688,-49.5,-64,-62.438,-71.125,-89.375,-70.25,-80.125,-46.313,-52.188,-21.438,6.8125,15.688,5.75,3.1875,-1.6875,-4.625,7,3.8125,-1.75,4.5,1.875,0.6875,-0.25,0.6875,1.6875,0
-1.375,-1.1875,-0.8125,-0.9375,-1.0625,-2.9375,-5.3125,-7.25,-37.688,-49.5,-64,-62.438,-71.125,-89.375,-70.25,-80.125,-46.313,-52.188,-21.438,6.8125,15.688,5.75,3.1875,-1.6875,-4.625,7,3.8125,-1.75,4.5,1.875,0.6875,-0.25,0.6875,1.6875,0
9.2922,9.2903,9.2889,9.2885,9.2882,9.2873,9.2809,9.261,9.0963,8.8111,8.4195,8.0338,7.5993,7.3409,7.1036,7.0513,6.8769,6.7839,6.7139,6.7084,6.7456,6.7637,6.7678,6.7772,6.7746,6.7888,6.7966,6.7976,6.8,6.8015,6.7996,6.801,6.7996,6.8013,6.8009
6.6727,6.6731,6.6734,6.6731,6.6731,6.6724,6.6726,6.6734,6.6676,6.6457,6.5732,6.4195,6.1413,5.895,5.573,5.4932,5.1225,4.8945,4.5907,4.3485,4.0951,4.0156,4.0071,4.0266,4.0483,4.0591,4.0741,4.0848,4.0877,4.089,4.091,4.0911,4.0915,4.0928,4.0946
5.4556,5.4552,5.4556,5.4566,5.4578,5.4614,5.4616,5.4502,5.3188,5.0855,4.7192,4.3788,4.0184,3.8375,3.6896,3.6647,3.6185,3.6195,3.637,3.6393,3.643,3.6457,3.6491,3.639,3.6193,3.6061,3.6005,3.5981,3.5985,3.6001,3.605,3.6056,3.6066,3.6088,3.6095
-0.8584,-0.86475,-0.85742,-0.85791,-0.86035,-0.87109,-0.8877,-0.88281,-0.84082,-0.73779,-0.56006,-0.44092,-0.57764,-0.39502,-0.28809,-0.10449,-0.040527,0.15381,0.40381,0.82813,0.5332,0.4292,0.52393,0.56348,0.55957,0.55615,0.54932,0.52539,0.53906,0.53174,0.52539,0.52148,0.51367,0.51123,0.47949
0.23047,0.23047,0.22998,0.22803,0.22656,0.21729,0.1665,0.1377,0.18506,0.21582,0.30957,0.62842,0.66992,0.86621,1.1162,1.0996,1.1177,1.0117,1.0981,1.0928,0.98682,0.74219,0.7876,0.74609,0.74072,0.73096,0.74609,0.73047,0.75391,0.72363,0.76172,0.76367,0.75928,0.80615,0.75732
-0.43115,-0.43701,-0.43799,-0.44629,-0.43701,-0.4375,-0.48486,-0.46045,-0.37451,-0.29199,-0.014648,0.011719,0.12744,0.11035,0.28711,0.32324,0.12939,0.35693,0.4248,0.32666,0.42236,0.375,0.40381,0.37207,0.36914,0.38477,0.40674,0.40283,0.40137,0.3999,0.39258,0.38916,0.3833,0.37207,0.40479
4,-6,-2,12,-14,8,-2,4,3,-5,25,41,13,14,27,-11,2,17,1,-1,26,-16,6,-6,-22,2,5,2,-2,-28,-13,-6,1,4,-3
-1,-15,-2,16,-20,-1,-1,2,-1,1,2,-16,14,4,11,13,8,12,2,-15,13,-9,11,5,-14,2,-14,-9,19,-3,-11,-5,6,1,19
-2,-2,1,3,-3,-2,-3,3,-2,0,2,-11,16,4,5,-10,3,6,45,-24,0,2,-1,2,-3,-5,-10,-17,4,-14,-10,-5,5,0,-2
-1,-3,-1,0,-2,-1,-2,3,-3,-1,0,2,6,1,-2,-7,0,1,3,-6,-2,2,-4,0,1,-4,-6,-8,0,-6,-2,-5,0,-2,-2
-2,-14,5,-3,-4,-2,-5,0,1,-1,0,4,3,2,-3,-2,0,0,3,-6,-2,-1,0,0,2,1,-4,-2,-1,0,-4,-4,-1,1,1
-1,-5,-2,-2,-1,0,0,-5,-4,2,-6,-6,3,-1,-3,-4,-1,1,3,-2,3,-2,-1,-2,3,-9,-3,-1,-4,-2,-8,-3,-3,1,0
1,-4,-1,-5,-2,0,4,-7,-1,-2,8,-3,2,2,-2,-2,-4,-1,0,10,0,1,-1,-5,-5,-1,1,1,-1,-2,-6,-1,1,0,0
-6,0,-4,-3,-3,-3,-10,20,-4,-2,5,-5,16,-1,3,0,3,0,-2,14,6,0,1,-8,-14,4,3,-1,-4,-1,-13,-4,-1,0,0
0.5,1.625,-0.5625,0.25,-1.1875,-0.8125,-4.6875,-11,-23.938,-25.5,-21.563,-54.625,-97.375,-60.688,-71.438,-76.875,-52.813,-51.625,4.5,-10.375,-12.813,-3.0625,0.1875,-6.8125,2.875,-1,2.9375,-2.5625,-0.3125,-1.0625,-3.4375,2.6875,-0.5,3,-0.3125
0.5,1.625,-0.5625,0.25,-1.1875,-0.8125,-4.6875,-11,-23.938,-25.5,-21.563,-54.625,-97.375,-60.688,-71.438,-76.875,-52.813,-51.625,4.5,-10.375,-12.813,-3.0625,0.1875,-6.8125,2.875,-1,2.9375,-2.5625,-0.3125,-1.0625,-3.4375,2.6875,-0.5,3,-0.3125
0.5,1.625,-0.5625,0.25,-1.1875,-0.8125,-4.6875,-11,-23.938,-25.5,-21.563,-54.625,-97.375,-60.688,-71.438,-76.875,-52.813,-51.625,4.5,-10.375,-12.813,-3.0625,0.1875,-6.8125,2.875,-1,2.9375,-2.5625,-0.3125,-1.0625,-3.4375,2.6875,-0.5,3,-0.3125
9.1916,9.1942,9.1891,9.1892,9.191,9.1939,9.1911,9.1642,8.949,8.7508,8.2802,7.8944,7.5989,7.3661,7.1528,7.013,6.9211,6.823,6.785,6.7813,6.7709,6.737,6.7414,6.7295,6.7361,6.7414,6.7459,6.7423,6.7416,6.7341,6.7342,6.732,6.7348,6.7466,6.7565
6.6701,6.6708,6.6675,6.6666,6.6669,6.6683,6.6767,6.6991,6.726,6.723,6.6232,6.4048,6.1857,5.9247,5.5575,5.2834,5.0194,4.7476,4.3994,4.184,4.0927,4.0926,4.1062,4.1095,4.1139,4.1197,4.122,4.1201,4.1199,4.1205,4.123,4.1243,4.1251,4.1307,4.1471
5.3824,5.3816,5.3753,5.3755,5.3779,5.3819,5.3832,5.3575,5.1523,4.958,4.488,4.1093,3.9176,3.7617,3.6341,3.6008,3.5806,3.5807,3.5975,3.602,3.6093,3.6379,3.6529,3.6563,3.6494,3.642,3.6354,3.6333,3.6284,3.627,3.6243,3.6242,3.6223,3.6132,3.598
-0.87695,-0.87549,-0.87988,-0.85791,-0.87256,-0.86816,-0.87402,-0.87988,-0.86182,-0.86475,-0.88184,-0.86523,-0.86816,-0.8042,-0.76953,-0.58008,-0.51514,-0.49512,-0.36719,-0.21582,-0.13867,0.22168,0.49854,0.21338,0.48877,0.68262,0.51904,0.46533,0.52393,0.58154,0.5752,0.5542,0.55908,0.57031,0.55908
0.23828,0.2417,0.23633,0.23242,0.23438,0.23193,0.22998,0.23584,0.22705,0.21582,0.20459,0.1626,0.14258,0.25098,0.23975,0.47217,0.66699,0.78027,0.91309,1.0439,1.043,0.96094,1.0308,0.94434,1.1294,0.89111,0.89355,0.771,0.75488,0.71729,0.72363,0.70898,0.7334,0.72266,0.73584
-0.42529,-0.4165,-0.41846,-0.39697,-0.41064,-0.41553,-0.41943,-0.41113,-0.41357,-0.41064,-0.40381,-0.37207,-0.42676,-0.28516,-0.23633,-0.10449,0.012207,0.12207,0.16309,0.33496,0.31494,0.56152,0.53467,0.43555,0.30908,0.47363,0.41162,0.40234,0.38525,0.39502,0.38477,0.39893,0.39307,0.38818,0.39209
3,-8,-7,-15,-3,-3,-4,8,2,-3,-6,-12,4,5,21,24,-29,-57,7,-11,-9,-21,3,-2,-4,-14,-8,6,-1,2,-22,8,-3,-11,-13
0,-3,-9,-10,-8,0,6,4,7,7,-5,-5,-4,0,5,-4,-5,-19,-26,-1,7,-31,-8,-12,28,-6,-6,13,13,4,21,-8,13,-20,15
0,-3,0,-2,-2,0,2,1,0,0,0,0,-4,-2,2,-5,3,0,-14,-14,0,-17,-12,6,80,-6,-16,-3,1,-9,3,-13,8,-3,7
-1,0,0,-1,-1,0,0,-3,-1,0,0,0,-1,-2,0,-5,-3,1,-9,-12,0,-3,-7,-3,27,-1,-4,-2,0,-4,-1,-6,9,0,4
-1,0,0,1,-1,2,-3,0,-1,-1,0,0,1,0,2,-3,-3,-4,-5,-3,-3,-3,-1,-3,-1,-4,-1,-2,0,-2,-5,-4,0,-1,0
-4,2,0,2,1,-1,-4,-4,-3,-1,1,-1,7,-7,-2,-4,3,-6,-2,-2,1,0,-1,-3,-4,-5,-2,-3,-1,-1,-4,-1,-4,-4,-1
-4,1,-2,2,-2,1,-2,-4,-2,-1,-4,-10,6,-7,0,-5,3,-17,-1,-3,1,-1,0,3,-1,-4,-3,0,-1,-4,-8,-1,0,-5,-3
-10,2,-4,-1,-12,0,1,-3,-2,-8,-8,-20,-5,-9,7,-8,17,-29,4,-10,1,1,5,5,-2,-9,-11,5,-2,1,-7,2,-5,-4,-2
-1.625,-0.6875,1,0.6875,0.125,-0.875,-1,-1,1.25,-0.25,-5.5,-14.375,-44.313,-36.813,-43.938,-17.875,-71.438,-57.313,-64.375,-70.5,-73.063,-44.438,-37.75,-0.625,15.625,-3.5,0.6875,-5.75,-7.3125,4.5625,5.1875,4.375,1.3125,0.375,3.9375
-1.625,-0.6875,1,0.6875,0.125,-0.875,-1,-1,1.25,-0.25,-5.5,-14.375,-44.313,-36.813,-43.938,-17.875,-71.438,-57.313,-64.375,-70.5,-73.063,-44.438,-37.75,-0.625,15.625,-3.5,0.6875,-5.75,-7.3125,4.5625,5.1875,4.375,1.3125,0.375,3.9375
-1.625,-0.6875,1,0.6875,0.125,-0.875,-1,-1,1.25,-0.25,-5.5,-14.375,-44.313,-36.813,-43.938,-17.875,-71.438,-57.313,-64.375,-70.5,-73.063,-44.438,-37.75,-0.625,15.625,-3.5,0.6875,-5.75,-7.3125,4.5625,5.1875,4.375,1.3125,0.375,3.9375
9.118,9.1176,9.1251,9.13,9.131,9.1279,9.1266,9.1289,9.1356,9.1432,9.1437,9.1356,9.0364,8.7077,8.3444,8.0228,7.6436,7.4069,7.2109,7.0165,6.9693,6.8133,6.7548,6.7065,6.7265,6.6969,6.706,6.6945,6.6904,6.6923,6.7033,6.7102,6.7143,6.7131,6.7199
6.7131,6.7133,6.7137,6.7141,6.7139,6.7135,6.7142,6.7143,6.7124,6.711,6.714,6.7214,6.7252,6.7215,6.6587,6.54,6.2793,6.0627,5.8176,5.4896,5.4072,5.0133,4.7766,4.4799,4.2692,4.1033,4.064,4.0619,4.0707,4.0706,4.0753,4.0843,4.0905,4.0926,4.0918
5.2723,5.2732,5.2801,5.2834,5.2842,5.282,5.2816,5.2831,5.2894,5.2984,5.305,5.3123,5.2529,4.9687,4.6435,4.2993,3.9628,3.7725,3.6227,3.4861,3.4614,3.4265,3.4459,3.5038,3.5286,3.5578,3.5639,3.5714,3.566,3.5631,3.5624,3.5685,3.5682,3.5699,3.5722
-0.8584,-0.86182,-0.86035,-0.85205,-0.86035,-0.85889,-0.86182,-0.8584,-0.86133,-0.87354,-0.87549,-0.80127,-0.75732,-0.66943,-0.64941,-0.54688,-0.57715,-0.2915,-0.1543,-0.065918,0.18359,0.18164,0.30225,0.65771,0.56836,0.39453,0.47314,0.52441,0.56445,0.52295,0.5376,0.52002,0.5166,0.521,0.52002
0.22607,0.22314,0.22852,0.22119,0.22705,0.21777,0.21631,0.22119,0.21875,0.20313,0.17041,0.10938,0.14844,0.34912,0.44141,0.68311,0.8584,1.0376,0.98877,1.0391,0.99707,1.019,1.0166,1.002,0.96387,0.7124,0.78564,0.74561,0.75146,0.73682,0.75488,0.73975,0.76611,0.75488,0.75635
-0.42432,-0.43213,-0.43213,-0.42236,-0.44287,-0.43018,-0.43945,-0.43018,-0.43408,-0.41602,-0.45215,-0.37012,-0.3584,-0.075195,-0.054688,0.070801,0.051758,0.22754,0.2793,0.38184,0.43457,0.41113,0.37646,0.50342,0.47461,0.39355,0.4082,0.39844,0.38965,0.39209,0.39551,0.3833,0.39355,0.38623,0.39209
3,-10,6,-3,4,-1,-12,0,0,-3,1,-2,0,21,27,-42,-5,-12,7,10,35,8,-16,-5,22,4,-4,17,-6,5,0,-7,-1,2,11
-2,1,4,1,0,19,-15,-4,4,-1,-8,-1,-3,7,-2,1,-5,-26,-3,13,7,24,1,-4,8,-2,8,-9,5,4,0,0,20,2,1
-6,5,-2,1,-1,3,-2,-2,-1,-1,-5,0,-2,2,-4,4,5,-10,-16,7,-3,-30,-10,-5,-11,-9,5,-26,-3,12,49,-10,8,-7,-12
-4,2,-3,-1,-1,-1,1,-2,-1,-4,-2,0,-1,4,-1,2,2,-4,-9,7,3,-14,5,3,-2,-2,1,-6,-3,6,20,-2,2,-1,-4
-16,16,-5,-8,-1,0,-2,0,-7,-5,-1,14,-10,12,-1,1,1,-3,-4,3,0,1,-1,0,-4,1,2,-3,-7,1,3,2,-3,2,0
-4,5,-2,-1,3,0,0,-2,-4,-1,-1,1,-9,7,2,2,4,0,-5,2,-1,3,-1,-4,-1,3,-1,-2,3,2,0,1,-3,-1,-2
-2,0,-5,-1,6,0,-3,0,0,-6,-3,-6,-7,1,1,0,4,0,-4,1,0,2,-1,-4,-2,-2,2,-1,-2,0,1,-1,0,-1,1
0,-3,-4,-5,2,1,0,14,-3,-1,-21,-2,1,9,4,-5,-5,2,0,2,7,-2,-1,-1,1,-1,2,1,-4,-1,-1,2,0,-2,0
-1.3125,-2,-1.8125,-0.5625,-0.5,1.5,-1.25,-1.9375,-2.0625,-3,-8.375,-23.313,-44.688,-38.75,-60.375,-39.313,-95.625,-51.75,-77,-67.625,-36.063,-31.875,-14.5,-14.063,4.5,3.5625,8.4375,-0.8125,4.875,0.25,0,-2.75,-1.5,0.375,1.8125
-1.3125,-2,-1.8125,-0.5625,-0.5,1.5,-1.25,-1.9375,-2.0625,-3,-8.375,-23.313,-44.688,-38.75,-60.375,-39.313,-95.625,-51.75,-77,-67.625,-36.063,-31.875,-14.5,-14.063,4.5,3.5625,8.4375,-0.8125,4.875,0.25,0,-2.75,-1.5,0.375,1.8125
-1.3125,-2,-1.8125,-0.5625,-0.5,1.5,-1.25,-1.9375,-2.0625,-3,-8.375,-23.313,-44.688,-38.75,-60.375,-39.313,-95.625,-51.75,-77,-67.625,-36.063,-31.875,-14.5,-14.063,4.5,3.5625,8.4375,-0.8125,4.875,0.25,0,-2.75,-1.5,0.375,1.8125
9.1928,9.1922,9.1912,9.1916,9.1904,9.1965,9.1983,9.2012,9.2017,9.1999,9.1996,9.1059,8.8237,8.2943,7.9027,7.6276,7.389,7.1783,7.0304,6.8806,6.8055,6.7689,6.7128,6.7181,6.7371,6.719,6.7393,6.7355,6.7429,6.7474,6.7497,6.7475,6.7495,6.7496,6.7497
6.689,6.6891,6.6893,6.6893,6.6878,6.6887,6.6884,6.6898,6.6904,6.6934,6.7084,6.7288,6.7343,6.6757,6.5181,6.3019,6.0498,5.699,5.4397,5.1108,4.8704,4.7153,4.4305,4.2336,4.1719,4.1664,4.1697,4.1604,4.1522,4.1528,4.1524,4.1526,4.1501,4.1461,4.1429
5.2163,5.2185,5.2186,5.2195,5.2196,5.2234,5.2255,5.228,5.2317,5.2336,5.2446,5.1671,4.9169,4.4027,4.0562,3.8039,3.649,3.5071,3.4388,3.4066,3.4035,3.4158,3.4464,3.4621,3.4483,3.4628,3.464,3.468,3.4669,3.4634,3.4597,3.4536,3.4488,3.446,3.4434
-0.87402,-0.8623,-0.86279,-0.87549,-0.89307,-0.89697,-0.87402,-0.86328,-0.87109,-0.84033,-0.75,-0.72119,-0.70508,-0.57813,-0.56201,-0.37793,-0.29053,-0.11963,0.18213,0.46094,0.22852,-0.38086,0.77295,0.59961,0.47607,0.5708,0.58936,0.59814,0.57227,0.5625,0.56787,0.57275,0.58643,0.58057,0.57715
0.12109,0.11963,0.11621,0.12109,0.12402,0.12646,0.12451,0.1333,0.125,0.11377,0.041504,0.15723,0.35742,0.56104,0.70898,0.96387,1.0088,1.0293,1.0918,0.97607,1.0757,0.84863,1.0361,0.8374,0.73584,0.70068,0.69385,0.74805,0.7124,0.74072,0.71826,0.74463,0.74805,0.73389,0.72705
-0.42822,-0.43555,-0.43701,-0.43945,-0.4541,-0.44531,-0.44629,-0.43701,-0.43311,-0.42822,-0.36816,-0.34082,-0.22705,-0.036133,0.019043,0.16016,0.28418,0.35986,0.31885,0.68506,-0.12158,0.16504,0.39941,0.39258,0.3584,0.36426,0.36035,0.34082,0.34082,0.34229,0.35107,0.35303,0.35596,0.35059,0.35986
4,7,-23,2,3,-14,6,8,-10,6,0,-8,16,7,16,-12,14,-19,-16,-6,7,-10,-24,-7,-6,0,2,1,-10,-9,15,3,4,5,-9
5,8,-14,3,4,-9,1,11,-12,-3,-4,-4,-6,4,-3,-26,12,5,-19,-22,10,-11,3,-13,-5,-7,0,-6,-8,6,4,-9,4,-2,-10
-1,-1,-3,0,1,-2,0,-2,-4,-12,-8,1,4,4,-10,-6,2,7,-19,2,1,-2,18,2,2,-1,2,-10,0,-18,12,-4,-2,-2,-3
-1,1,2,-2,0,-1,0,-1,-2,-5,-3,-3,2,4,-5,1,-2,3,-11,2,1,-3,5,0,-1,0,0,-2,0,-1,3,-2,-3,-1,-1
-1,-2,3,-2,0,1,-3,-2,-1,-3,21,1,0,-2,-5,-1,0,2,-4,-1,-1,-4,-1,1,-4,-1,2,-3,-2,0,1,-2,-2,1,-1
-2,-4,4,-2,-1,20,0,-1,-1,-9,-22,-5,-2,-1,-1,-1,4,-6,-4,-11,-4,-4,-3,1,5,2,3,-3,1,-2,-2,-4,0,2,-1
-3,-2,1,-7,-5,3,-4,0,3,-9,-18,3,0,-2,-1,5,-3,-11,3,-2,-9,-6,-1,0,-3,1,2,1,1,-5,-1,-1,2,-2,-3
0,4,0,-4,-4,4,1,-3,5,6,-8,4,3,-6,2,7,-5,-16,4,-2,-7,-5,-6,1,-3,4,-1,2,2,-7,7,0,0,-3,-3
4.3125,0.9375,0,0.375,-2.3125,-0.9375,-3.3125,-4.4375,-8.6875,-13.688,-52.563,-45.75,-56.875,-57.125,-71.75,-69.438,-78.25,-59.688,-62,-52.5,-13.063,6.75,5.75,-0.625,4,5.25,3.9375,6.9375,-0.375,1.1875,3,-2.9375,0.3125,0.0625,1
4.3125,0.9375,0,0.375,-2.3125,-0.9375,-3.3125,-4.4375,-8.6875,-13.688,-52.563,-45.75,-56.875,-57.125,-71.75,-69.438,-78.25,-59.688,-62,-52.5,-13.063,6.75,5.75,-0.625,4,5.25,3.9375,6.9375,-0.375,1.1875,3,-2.9375,0.3125,0.0625,1
4.3125,0.9375,0,0.375,-2.3125,-0.9375,-3.3125,-4.4375,-8.6875,-13.688,-52.563,-45.75,-56.875,-57.125,-71.75,-69.438,-78.25,-59.688,-62,-52.5,-13.063,6.75,5.75,-0.625,4,5.25,3.9375,6.9375,-0.375,1.1875,3,-2.9375,0.3125,0.0625,1
9.5108,9.522,9.5276,9.5267,9.515,9.5026,9.4959,9.4929,9.4842,9.4658,9.2672,8.9192,8.4916,7.9293,7.5969,7.2967,7.1226,6.9827,6.8797,6.7901,6.7321,6.7294,6.785,6.7859,6.7906,6.7914,6.7929,6.8035,6.7974,6.7964,6.7915,6.789,6.7866,6.7839,6.7862
6.7518,6.7459,6.7422,6.7413,6.7406,6.7387,6.7355,6.7352,6.7342,6.7316,6.7237,6.7004,6.6242,6.4201,6.1953,5.8393,5.5599,5.2811,5.0082,4.7508,4.4218,4.2174,4.0216,3.9945,4.0329,4.0534,4.0595,4.0593,4.0593,4.0546,4.0446,4.0335,4.0305,4.0312,4.032
5.5417,5.5494,5.5534,5.5512,5.5426,5.5309,5.5278,5.5308,5.5336,5.5329,5.3902,5.088,4.6792,4.1713,3.8869,3.6238,3.5145,3.4451,3.4029,3.3908,3.4017,3.4125,3.3951,3.3941,3.4008,3.4062,3.4132,3.4241,3.4359,3.4445,3.4546,3.4641,3.4665,3.4691,3.471
-0.87744,-0.87793,-0.87695,-0.87939,-0.87549,-0.87012,-0.87207,-0.85742,-0.80029,-0.53271,-0.72119,-0.79834,-0.77539,-0.56006,-0.41943,-0.25684,-0.05957,0.060059,-0.19189,-0.28906,-0.15869,0.77197,0.52051,0.47217,0.56299,0.59668,0.60791,0.59277,0.57129,0.58057,0.5835,0.58105,0.59375,0.59863,0.60547
0.17383,0.17334,0.17773,0.16943,0.17627,0.16943,0.1709,0.18408,0.13281,0.21777,0.18799,0.50342,0.68018,0.84619,0.94482,0.94189,0.97998,0.89697,0.94141,0.95947,0.89258,0.99561,0.80713,0.76172,0.7334,0.71387,0.7002,0.71777,0.71631,0.72607,0.72021,0.72217,0.74707,0.71387,0.72656
-0.42725,-0.43164,-0.43115,-0.43506,-0.43262,-0.43164,-0.42969,-0.4209,-0.37158,-0.22461,-0.27051,-0.17627,0.0087891,0.085938,0.13525,0.25586,0.40527,0.62451,0.17627,-0.01709,0.10986,0.4585,0.3877,0.36426,0.37207,0.35742,0.36816,0.36084,0.36328,0.36914,0.3667,0.3667,0.36328,0.35205,0.35938
-3,0,-6,-11,-4,-5,-8,-7,5,-15,25,-49,-15,25,-23,12,-7,2,-2,-8,3,11,3,-4,9,-4,15,-63,7,23,0,3,4,3,-16
-8,1,-3,2,-6,9,-6,1,9,-3,2,-15,-6,26,9,16,0,-9,3,0,19,-1,2,-3,2,4,-21,-14,12,11,-5,2,4,-7,-2
-2,-3,-1,1,-2,3,-4,1,6,-1,1,-5,-2,7,-3,5,8,-4,-9,11,28,1,-2,-2,-2,28,4,-2,5,-1,-10,15,-5,0,-4
-2,-1,-1,1,-1,1,-2,1,2,-1,-2,-2,2,2,-3,3,0,2,-7,10,6,-3,-2,-1,-3,6,-1,-2,1,1,-3,3,-3,-2,-3
-1,-2,-4,-1,-1,1,-1,0,3,-2,-2,-1,1,-1,-1,-1,0,-1,-4,-1,-1,0,-1,0,-1,0,0,-2,0,0,-1,-1,-1,-1,0
-1,-3,-4,-1,-3,1,-2,-4,1,3,2,-6,-2,1,-3,0,-2,-1,-1,-3,0,8,0,-2,-1,1,0,-5,1,-4,3,-2,0,-1,-5
-2,0,-2,-2,-2,-2,-1,0,1,4,4,-6,-3,0,-7,2,-3,0,0,-3,2,4,1,-2,2,-1,1,-3,1,-1,-1,2,-1,-1,-2
-4,2,-4,-2,-3,-4,-7,-1,-4,3,9,-12,-13,11,-13,6,-6,-1,-1,-6,3,2,2,1,-5,3,5,-13,6,2,-6,3,0,-5,-3
-2.1875,-0.3125,-0.6875,-1.75,-1.3125,-3.0625,-5.625,-6.375,-7.875,-85,-65.313,-75.188,-59.875,-37.063,-72,-74.188,-50.313,-76.313,-10.563,-4.0625,23.25,9.3125,-8,5.3125,4.1875,4.1875,10.938,0.3125,2.25,0.9375,2.5625,2.3125,2.9375,1.6875,0.9375
-2.1875,-0.3125,-0.6875,-1.75,-1.3125,-3.0625,-5.625,-6.375,-7.875,-85,-65.313,-75.188,-59.875,-37.063,-72,-74.188,-50.313,-76.313,-10.563,-4.0625,23.25,9.3125,-8,5.3125,4.1875,4.1875,10.938,0.3125,2.25,0.9375,2.5625,2.3125,2.9375,1.6875,0.9375
-2.1875,-0.3125,-0.6875,-1.75,-1.3125,-3.0625,-5.625,-6.375,-7.875,-85,-65.313,-75.188,-59.875,-37.063,-72,-74.188,-50.313,-76.313,-10.563,-4.0625,23.25,9.3125,-8,5.3125,4.1875,4.1875,10.938,0.3125,2.25,0.9375,2.5625,2.3125,2.9375,1.6875,0.9375
9.3518,9.3502,9.3517,9.3551,9.3592,9.3577,9.3471,9.3404,9.3174,8.9794,8.4855,8.0269,7.6747,7.3804,7.2077,7.0347,6.8752,6.7561,6.7108,6.6908,6.7027,6.7425,6.7314,6.7367,6.7453,6.7522,6.7694,6.7742,6.7708,6.7669,6.7612,6.7545,6.7573,6.7557,6.7624
6.7385,6.7367,6.7352,6.7353,6.7347,6.7321,6.7313,6.7326,6.7346,6.715,6.6534,6.5165,6.346,6.0754,5.8499,5.6141,5.2745,5.0028,4.7463,4.4881,4.1964,4.0484,4.0078,4.0268,4.0458,4.0486,4.0496,4.0485,4.04,4.0296,4.0167,4.0026,3.9982,3.9964,3.9978
5.3611,5.3601,5.3618,5.3668,5.3726,5.3749,5.3733,5.3737,5.3605,5.0836,4.673,4.2588,3.9672,3.7299,3.5958,3.4867,3.386,3.3549,3.3497,3.3631,3.4015,3.4024,3.4132,3.4164,3.4137,3.4104,3.4094,3.4123,3.4205,3.43,3.443,3.4615,3.4699,3.476,3.4794
-0.875,-0.86182,-0.85693,-0.86572,-0.86768,-0.86768,-0.86768,-0.85498,-0.86719,-0.86426,-0.86719,-0.86182,-0.85352,-0.82861,-0.80273,-0.78516,-0.78809,-0.6543,-0.52539,-0.45508,-0.38965,-0.27734,-0.18359,-0.16895,0.34326,0.79834,0.50146,0.375,0.46436,0.52002,0.51221,0.51025,0.48291,0.47949,0.47998
0.19678,0.19678,0.17529,0.18164,0.17773,0.17773,0.18115,0.18164,0.17969,0.18018,0.18066,0.17529,0.16797,0.125,0.09668,0.12158,0.29199,0.38525,0.69824,0.80859,0.91602,1.0596,1.0039,1.0015,0.97266,1.1289,1.0034,0.84033,0.8667,0.80908,0.80615,0.77051,0.7749,0.78271,0.78174
-0.46631,-0.43555,-0.44238,-0.44189,-0.45166,-0.45557,-0.4541,-0.44043,-0.45166,-0.44629,-0.44531,-0.43262,-0.43408,-0.40625,-0.36768,-0.34473,-0.25,-0.056152,-0.079102,0.098633,0.28369,0.2168,0.26807,0.54395,0.54883,0.24023,0.39941,0.36816,0.36279,0.37207,0.35547,0.36865,0.35498,0.35986,0.36377
-3,-2,6,0,-12,29,-7,-1,7,8,7,4,-8,16,-10,10,40,-35,-3,-34,-10,-9,11,-15,-25,16,-17,-1,0,9,13,-4,16,-3,5
-3,-1,6,-1,-13,19,-1,-2,8,11,4,6,-8,4,-2,-4,10,-11,7,-11,-9,-14,0,-6,-30,-8,-12,-2,-11,2,8,-1,1,-2,-6
-4,-2,0,0,-2,-1,0,-2,-1,0,-1,-3,-2,-4,-2,-5,-1,-3,-3,-5,-4,-2,-1,-13,8,-5,-15,-2,14,-3,6,-3,-4,-4,-3
-1,0,-2,1,-2,0,-1,0,0,-1,-2,1,1,-1,-3,-3,-2,-1,-3,-5,0,0,2,-6,-1,-1,-3,-2,6,0,2,-3,-4,-1,-4
-3,0,-1,0,-2,-1,-2,-1,-1,-2,-3,0,-2,-1,-7,-4,2,-2,-4,-2,0,-1,0,-4,-3,-2,-1,-1,-2,-2,-2,-2,-3,-3,-3
-13,0,0,0,0,3,-3,-2,-4,-2,-5,2,-4,-1,-2,-5,-4,-6,-2,0,0,1,1,-5,-2,-4,-3,-2,-1,1,0,0,1,0,1
-4,0,0,1,2,1,-4,0,-1,3,-4,0,-7,-1,4,-3,-2,-15,-1,-1,-1,-2,0,-1,-4,-1,-2,-2,0,0,-2,1,1,-2,0
-3,-2,-2,0,1,0,-5,1,-4,0,-1,-1,-1,1,3,-7,2,-41,1,-9,-5,-7,1,-3,-10,1,-3,1,-2,5,3,-1,2,2,0
4.9375,5.625,0.1875,1.5625,0.4375,-0.8125,-0.875,-0.375,-1.5625,-2.4375,-4.6875,-3.625,-4.875,-13.75,-33.938,-37.813,-52.938,-48.625,-40.438,-107.13,-50.813,-67.438,-51.5,-18.563,-14.875,-9.3125,-16.625,-12.25,1.875,0.0625,-0.6875,2.625,1.125,4,0.0625
4.9375,5.625,0.1875,1.5625,0.4375,-0.8125,-0.875,-0.375,-1.5625,-2.4375,-4.6875,-3.625,-4.875,-13.75,-33.938,-37.813,-52.938,-48.625,-40.438,-107.13,-50.813,-67.438,-51.5,-18.563,-14.875,-9.3125,-16.625,-12.25,1.875,0.0625,-0.6875,2.625,1.125,4,0.0625
4.9375,5.625,0.1875,1.5625,0.4375,-0.8125,-0.875,-0.375,-1.5625,-2.4375,-4.6875,-3.625,-4.875,-13.75,-33.938,-37.813,-52.938,-48.625,-40.438,-107.13,-50.813,-67.438,-51.5,-18.563,-14.875,-9.3125,-16.625,-12.25,1.875,0.0625,-0.6875,2.625,1.125,4,0.0625
9.3305,9.339,9.3435,9.3472,9.3495,9.3501,9.3533,9.3504,9.3509,9.3491,9.3417,9.3385,9.3316,9.3111,9.201,8.9279,8.559,8.0263,7.7394,7.3819,7.1964,7.1022,6.9447,6.8896,6.8544,6.8499,6.8341,6.7955,6.8059,6.7983,6.8025,6.8032,6.8126,6.8185,6.8219
6.6981,6.6976,6.6968,6.6981,6.6991,6.6991,6.6977,6.6979,6.6977,6.6987,6.6991,6.698,6.6999,6.7095,6.7211,6.7259,6.6845,6.521,6.344,6.0233,5.7713,5.5914,5.2194,4.9443,4.5844,4.3704,4.2313,4.1986,4.1828,4.1777,4.1866,4.1986,4.2152,4.2193,4.22
5.2197,5.2222,5.2191,5.2204,5.2229,5.2242,5.2256,5.2222,5.2246,5.2243,5.2231,5.2239,5.2249,5.2226,5.1419,4.9042,4.5633,4.1057,3.8232,3.5683,3.4446,3.3804,3.301,3.2648,3.2241,3.2158,3.2065,3.2286,3.2453,3.2548,3.2539,3.2533,3.2481,3.2451,3.2415
-0.84082,-0.86963,-0.88086,-0.88525,-0.87256,-0.87158,-0.87012,-0.8667,-0.8208,-0.81982,-0.82715,-0.76465,-0.48633,-0.53662,-0.53271,-0.45508,-0.36133,-0.20166,-0.050781,0.95898,1.0654,0.6958,0.52832,0.48047,0.5332,0.60693,0.60889,0.56982,0.56445,0.55664,0.56689,0.56592,0.55713,0.55762,0.55029
0.15479,0.16748,0.1709,0.17529,0.16602,0.16992,0.16064,0.15967,0.092285,0.13721,0.21094,0.33984,0.5957,0.63379,0.88574,0.97412,0.96826,1.0527,0.83789,1.0898,1.0249,1.0356,0.93311,0.77539,0.75,0.72461,0.71094,0.71533,0.72949,0.74902,0.75928,0.77783,0.75098,0.75098,0.74561
-0.41943,-0.44434,-0.44727,-0.45166,-0.4502,-0.43457,-0.41797,-0.41797,-0.40137,-0.3623,-0.33838,-0.23828,-0.059082,-0.0024414,0.18066,0.2085,0.33105,0.22607,0.74805,0.47607,0.88281,0.42432,0.3623,0.34131,0.35889,0.34912,0.35156,0.34766,0.34619,0.34473,0.3584,0.34082,0.34912,0.35352,0.36377
-9,6,-5,3,6,-3,-14,2,-14,11,-7,1,-7,-26,14,-24,8,0,-6,2,27,0,-4,-17,26,-12,-7,-2,-11,-3,8,-1,-2,-8,1
-5,13,1,11,-3,-3,-21,-6,-7,3,-11,8,12,-23,-15,-3,3,6,7,-11,3,-4,-2,0,3,1,3,-6,-3,2,-5,1,1,-2,7
-1,2,-1,1,-8,-1,-4,-8,-2,3,-9,6,8,15,-6,-9,-2,5,0,-11,-55,-6,-4,-6,-3,1,-2,2,-1,1,16,-2,6,-7,4
-1,0,-3,-1,-1,1,-2,-6,-1,0,-6,1,3,2,-2,-4,-1,-2,-5,-6,-23,0,0,-2,-1,-2,-1,2,-4,0,6,-1,3,-4,-2
-2,-2,-1,0,-2,2,0,-2,21,-2,-4,0,0,2,2,-3,-1,1,-2,-2,-5,5,1,-3,-1,-2,0,3,-3,2,1,-1,1,1,-5
-3,1,-1,0,-2,0,0,-1,11,-18,-8,-1,-1,1,0,-2,0,2,-2,1,0,10,0,-5,-3,-1,-5,1,-1,11,0,0,-1,-3,-2
-1,0,1,1,-2,1,0,5,-8,1,-14,4,-1,0,0,-4,-2,1,0,1,1,1,-2,-2,1,1,2,-1,-1,4,0,1,0,-1,-3
-3,-1,-1,2,-2,0,5,2,-25,8,-28,1,0,-5,3,-13,-2,0,-2,3,4,3,-2,-3,-1,3,-5,1,-5,-1,0,3,2,-4,0
0.25,-2.125,-3.625,-0.75,0.3125,0.375,-2.125,-4.625,-9.0625,-23.938,-17.688,-40.688,-35.125,-75.063,-61.438,-85,-62.75,-44.625,-29.75,-31.625,19,-1.3125,-10,8.375,6.375,1.5,0.6875,-1.1875,4.25,1.4375,0.1875,-4.6875,4.9375,-1,1.8125
0.25,-2.125,-3.625,-0.75,0.3125,0.375,-2.125,-4.625,-9.0625,-23.938,-17.688,-40.688,-35.125,-75.063,-61.438,-85,-62.75,-44.625,-29.75,-31.625,19,-1.3125,-10,8.375,6.375,1.5,0.6875,-1.1875,4.25,1.4375,0.1875,-4.6875,4.9375,-1,1.8125
0.25,-2.125,-3.625,-0.75,0.3125,0.375,-2.125,-4.625,-9.0625,-23.938,-17.688,-40.688,-35.125,-75.063,-61.438,-85,-62.75,-44.625,-29.75,-31.625,19,-1.3125,-10,8.375,6.375,1.5,0.6875,-1.1875,4.25,1.4375,0.1875,-4.6875,4.9375,-1,1.8125
9.3917,9.3787,9.3728,9.3773,9.379,9.3753,9.3698,9.3609,9.3338,9.1607,8.7946,8.4287,7.9568,7.6203,7.3676,7.1572,6.9956,6.8801,6.8273,6.7871,6.7773,6.7597,6.7534,6.7552,6.7705,6.7791,6.7799,6.7782,6.7801,6.7818,6.7815,6.7808,6.7815,6.7851,6.787
6.7181,6.7195,6.7223,6.7239,6.7251,6.7305,6.7331,6.735,6.7364,6.7323,6.7132,6.6623,6.4868,6.2825,6.0463,5.7932,5.532,5.1772,4.9074,4.6252,4.2746,4.0447,4.0152,4.0267,4.0438,4.0538,4.0584,4.0642,4.0637,4.0621,4.0606,4.0609,4.0615,4.0635,4.0665
5.3385,5.3272,5.3269,5.3326,5.3341,5.3263,5.321,5.3192,5.2975,5.141,4.7792,4.4226,3.9519,3.6699,3.4579,3.3187,3.2328,3.1698,3.1497,3.1561,3.1786,3.2169,3.226,3.2365,3.2402,3.2374,3.2362,3.2369,3.2422,3.2478,3.2492,3.248,3.2461,3.2445,3.244
-0.88574,-0.88574,-0.88672,-0.87988,-0.88525,-0.88232,-0.88281,-0.8999,-0.93164,-0.90723,-0.81543,-0.65039,-0.48047,-0.55225,-0.51367,-0.36426,-0.32031,-0.11377,0.0014648,-0.084961,0.038574,1.2153,0.76123,0.52637,0.49121,0.56299,0.61768,0.61377,0.59668,0.6001,0.59521,0.59375,0.59082,0.5791,0.57568
0.17041,0.16064,0.16357,0.16504,0.16748,0.16992,0.16016,0.13867,0.073242,0.10156,0.18555,0.32666,0.45947,0.65674,0.7417,0.95898,1.002,1.0229,1.0967,0.80811,0.81201,1.1714,0.98926,0.84277,0.71484,0.72754,0.68311,0.70654,0.69482,0.70996,0.72266,0.72363,0.72607,0.71387,0.72021
-0.40967,-0.41016,-0.41992,-0.41162,-0.41016,-0.41064,-0.40088,-0.42383,-0.40186,-0.37256,-0.28125,-0.12695,-0.15234,0,0.12451,0.25635,0.31738,0.40771,0.31152,0.79297,0.85498,0.63184,0.46094,0.39404,0.35938,0.38818,0.36963,0.37012,0.36182,0.36523,0.36426,0.36133,0.36377,0.36182,0.36426
1,-4,0,-1,-7,-2,4,11,3,0,7,-20,9,-36,3,7,-21,-17,4,13,0,26,28,3,2,-67,17,0,13,12,10,22,9,-49,13
-5,-9,0,-4,-8,-3,1,3,4,-4,2,-5,-8,-19,4,5,-4,-16,3,-6,-5,18,-8,-5,-3,-11,-2,-8,3,10,8,2,17,-10,-4
-1,-5,-2,-3,-3,-4,-1,0,0,0,-3,-1,-5,-8,13,4,-8,1,-6,-2,-34,23,-7,-11,-1,-8,1,-10,3,16,-3,12,9,-1,-8
-1,-2,-2,-2,-1,-3,-1,-2,0,1,0,0,-6,-6,6,0,-4,-3,-2,-1,-19,8,1,-4,1,-2,3,-4,1,3,-1,-1,1,-1,-5
-2,1,0,-1,0,-1,1,-1,-5,3,-5,2,-8,-4,2,0,-5,-2,-3,2,-7,-3,0,-2,3,-1,4,0,-4,2,-1,0,-1,0,-2
-3,2,-1,-1,0,-4,0,1,-9,2,1,1,-3,1,2,0,-3,-4,-2,-1,-3,-12,1,-1,3,-4,9,-3,-4,13,0,0,-6,0,-1
0,3,0,-2,1,-2,-4,1,-3,-3,-2,-5,-2,2,0,-2,-2,-4,-3,3,3,4,3,-1,-6,-4,1,-1,-1,2,2,2,1,-4,0
-2,1,0,-13,4,-2,5,2,-4,-1,-1,-11,-1,0,-5,-3,-11,2,-5,7,14,9,8,-5,-4,-13,1,-2,3,0,3,7,3,-9,2
-2.4375,-0.5,-1.8125,-0.875,-3.0625,-2.125,-4.4375,-4.875,-9.125,-26.688,-11.75,-31.813,-21.75,-65.375,-89.125,-47.563,-59,-48.688,-39.75,-46.938,-15.5,-9.875,9.0625,-9.6875,11.063,0.75,-3.0625,-1.25,-1.9375,0.9375,1.3125,1.375,-0.875,2.625,5.625
-2.4375,-0.5,-1.8125,-0.875,-3.0625,-2.125,-4.4375,-4.875,-9.125,-26.688,-11.75,-31.813,-21.75,-65.375,-89.125,-47.563,-59,-48.688,-39.75,-46.938,-15.5,-9.875,9.0625,-9.6875,11.063,0.75,-3.0625,-1.25,-1.9375,0.9375,1.3125,1.375,-0.875,2.625,5.625
-2.4375,-0.5,-1.8125,-0.875,-3.0625,-2.125,-4.4375,-4.875,-9.125,-26.688,-11.75,-31.813,-21.75,-65.375,-89.125,-47.563,-59,-48.688,-39.75,-46.938,-15.5,-9.875,9.0625,-9.6875,11.063,0.75,-3.0625,-1.25,-1.9375,0.9375,1.3125,1.375,-0.875,2.625,5.625
9.34,9.3409,9.3399,9.339,9.3362,9.3327,9.3252,9.3171,9.2471,9.055,8.7934,8.3203,7.9731,7.6773,7.38,7.1359,6.9962,6.9066,6.8438,6.7481,6.7118,6.7271,6.7296,6.7315,6.7317,6.7349,6.7323,6.7367,6.733,6.734,6.7418,6.7447,6.749,6.7541,6.7613
6.7755,6.7742,6.7735,6.7725,6.7718,6.7708,6.7721,6.7736,6.7889,6.8008,6.8023,6.7146,6.5735,6.3751,6.1515,5.8216,5.565,5.3087,5.0613,4.7407,4.4962,4.1582,4.0114,3.9841,3.9813,3.979,3.971,3.9699,3.9707,3.97,3.9716,3.9781,3.9894,4.0038,4.0123
5.2999,5.3027,5.3039,5.3042,5.3045,5.3052,5.3028,5.3009,5.2349,5.0591,4.7985,4.3313,3.9735,3.7099,3.4997,3.2993,3.2236,3.192,3.1912,3.2206,3.2575,3.2906,3.3002,3.305,3.3256,3.3298,3.3288,3.3196,3.3178,3.3183,3.3157,3.3141,3.3084,3.3034,3.3027
