-1.0322,-0.99463,-0.93799,-0.85889,-0.74854,-0.70117,-0.79688,-0.95313,-0.99561,-0.8335,-0.91211,-0.85547,-0.896,-0.93262,-0.90186,-0.87109,-0.86865,-0.97363,-0.97656,-1.042,-1.0356,-0.96484,-1.0293,-1.0117,-0.97754,-0.99414,-1.0122,-0.99365,-0.99463,-0.99316,-0.99951,-1.0122,-1.0088,-0.99805,-0.99023
-0.39795,-0.2627,-0.32764,-0.33008,-0.39746,-0.65381,-0.63086,-0.58887,-0.30566,-0.29736,-0.32227,-0.38477,-0.47705,-0.47607,-0.44336,-0.38232,-0.35156,-0.29053,-0.30908,-0.26221,-0.37988,-0.22314,-0.24805,-0.2251,-0.2041,-0.18896,-0.22314,-0.20996,-0.18555,-0.2085,-0.19824,-0.18115,-0.19971,-0.17969,-0.20166
0.4126,0.47119,0.47803,0.28271,0.20996,0.038086,0.1084,0.3374,0.69629,0.55127,0.43213,0.40186,0.31689,0.25,0.1626,0.12109,0.11426,0.17871,0.073242,-0.045898,-0.17334,-0.25342,-0.080566,0.11816,-0.044434,-0.029785,-0.075684,-0.062012,-0.047363,-0.058594,-0.048828,-0.024414,-0.053223,-0.023926,-0.022461
-20,0,1,2,8,0,-6,0,-4,3,13,-1,-8,-2,-2,2,-4,8,-1,-8,-2,15,-14,-2,-19,0,-10,-3,-5,10,-4,6,-1,-4,-6
-25,-8,2,5,13,4,-10,2,-12,1,19,-1,-18,-8,-2,3,-8,17,6,-6,0,10,-12,3,-22,5,-2,2,-6,6,-5,4,-3,-4,-4
-14,-15,0,14,24,-6,-21,-1,-23,2,30,0,-40,-14,-4,7,-14,23,10,-8,1,4,-6,1,-12,1,-1,1,-4,0,-4,0,-1,-1,-1
-20,8,6,35,31,-60,-15,10,-32,18,36,-20,-90,-20,-9,11,-17,27,23,-9,14,-6,-4,0,-6,1,-3,-2,-1,0,0,-1,-1,0,0
-47,20,12,5,10,-17,17,8,-26,12,15,-11,-35,-7,-3,3,-8,18,12,-9,2,-4,5,2,-4,2,-1,-2,2,-2,-1,-2,-1,1,-1
-21,10,-4,2,6,0,2,4,-12,8,8,-6,-17,-5,-2,2,-5,12,5,-8,4,-2,17,1,-5,0,1,-1,0,1,-3,-1,-7,1,-3
-12,2,-9,5,14,-4,-5,-6,-4,-4,15,-8,-7,-3,-2,0,4,3,8,-19,0,-7,75,7,-40,7,-2,-6,0,2,-4,0,-23,-4,0
-11,0,-2,3,9,-3,-6,-1,-4,1,10,-3,-6,-3,0,0,-1,6,1,-4,-1,10,-21,0,-14,-2,-9,-2,-5,16,-6,2,-1,-4,-3
-50.5,-117,-131,-81.688,-55.875,38.875,132.25,188.69,120.13,63.063,46.75,20,-5.625,4.6875,8.375,-12.75,-40.375,-44.938,-56.125,-64.313,-20,-8.1875,-32.5,-5.6875,20.938,8.6875,0.1875,-13.188,-8.25,2,1.625,-0.0625,-0.5,3.25,-2.0625
-50.5,-117,-131,-81.688,-55.875,38.875,132.25,188.69,120.13,63.063,46.75,20,-5.625,4.6875,8.375,-12.75,-40.375,-44.938,-56.125,-64.313,-20,-8.1875,-32.5,-5.6875,20.938,8.6875,0.1875,-13.188,-8.25,2,1.625,-0.0625,-0.5,3.25,-2.0625
-50.5,-117,-131,-81.688,-55.875,38.875,132.25,188.69,120.13,63.063,46.75,20,-5.625,4.6875,8.375,-12.75,-40.375,-44.938,-56.125,-64.313,-20,-8.1875,-32.5,-5.6875,20.938,8.6875,0.1875,-13.188,-8.25,2,1.625,-0.0625,-0.5,3.25,-2.0625
3.2218,3.5609,3.6762,3.6714,3.6627,3.5883,3.6298,3.7126,3.654,3.5334,3.4122,3.3048,3.2363,3.2217,3.2572,3.2289,3.1041,2.8864,2.8085,2.8094,2.6793,2.5531,2.3492,2.2553,2.3032,2.4097,2.4392,2.4345,2.4361,2.4389,2.438,2.4352,2.4239,2.4332,2.4481
6.8691,6.6705,6.2957,6.0452,5.8843,5.8852,5.9973,6.1359,6.3181,6.3965,6.4668,6.5724,6.637,6.6856,6.7523,6.8136,6.8822,6.9509,6.9935,7.0343,7.0681,7.0912,7.1177,7.1388,7.1491,7.163,7.1641,7.1677,7.1683,7.1671,7.1682,7.1708,7.1733,7.1764,7.179
5.782,6.3192,6.8288,7.0665,7.2385,7.2256,7.0255,6.6905,6.1361,5.7783,5.5043,5.2663,5.1725,5.155,5.1753,5.1532,5.0831,4.9598,4.9734,5.0792,5.0571,4.945,4.7762,4.7312,4.7503,4.8337,4.8636,4.8819,4.9016,4.9137,4.9094,4.906,4.9,4.9052,4.9208
-1.0493,-1.0313,-0.97754,-0.91846,-0.83252,-0.90186,-0.771,-0.71631,-0.68262,-0.69336,-0.77783,-0.82129,-0.87109,-0.89746,-0.87451,-0.89111,-0.92041,-0.91797,-0.87842,-0.86523,-0.94189,-1.0229,-1.0557,-1.0674,-0.96387,-1.0376,-0.97803,-1.0146,-0.97803,-1.0186,-0.98486,-1.0005,-0.98779,-0.98877,-0.98584
-0.36621,-0.32959,-0.35547,-0.38574,-0.45215,-0.42432,-0.45264,-0.55908,-0.65723,-0.63232,-0.55078,-0.46289,-0.39844,-0.37402,-0.40625,-0.39551,-0.43701,-0.41113,-0.3584,-0.37012,-0.33643,-0.29785,-0.29395,-0.26807,-0.29492,-0.20996,-0.20264,-0.20215,-0.2207,-0.1748,-0.22217,-0.17773,-0.19482,-0.19385,-0.19092
0.083496,0.14453,0.29053,0.45361,0.45361,0.42188,0.44434,0.29688,0.2583,0.27051,0.35986,0.46631,0.44482,0.47168,0.48096,0.36865,0.3291,0.20605,0.19287,0.12109,0.20166,0.11816,0.06543,-0.085938,-0.229,-0.16504,-0.0014648,0.0053711,-0.034668,-0.061523,-0.070313,-0.060059,-0.044434,-0.057617,-0.064453
10,-3,9,28,3,2,-16,-5,-3,2,6,-4,-2,8,11,4,-1,-4,10,-5,-5,4,8,-6,-12,-26,0,13,15,11,-3,-14,-12,-7,-10
11,5,16,50,6,1,-17,2,-5,-2,-6,-3,-11,6,16,3,-1,-2,19,-8,-2,5,12,-3,8,-18,-1,14,5,6,2,-6,-3,-6,0
-19,3,21,49,-1,7,-15,7,-27,-16,-17,1,-31,5,18,12,-1,-4,34,-19,1,7,20,-4,4,-7,-2,5,0,-1,0,-2,1,-3,0
-30,2,23,27,-8,-22,-18,8,-83,-50,-18,16,-69,-23,29,21,-9,-10,43,-30,4,8,22,-4,-11,-4,-1,1,-4,-1,-2,0,1,0,0
-8,-2,30,30,9,2,-26,-9,-7,-46,-16,6,-22,0,15,3,-5,-6,21,-14,2,4,15,-4,-6,2,-6,-1,-1,-2,0,-1,1,-1,-2
3,-1,21,30,9,9,-26,-9,-10,-19,-7,1,-12,0,5,5,-2,-3,11,-5,0,7,9,-6,-14,6,-11,7,7,7,4,-9,-2,-6,1
7,3,6,26,3,21,-41,-22,-15,17,-8,2,-5,3,2,7,-7,-2,7,-9,5,-10,-4,13,-31,49,-25,-3,36,10,20,-17,17,-30,47
4,-3,6,23,5,4,-35,-6,-7,7,7,-2,-4,4,7,5,1,-5,7,-4,0,6,6,-12,12,-41,10,24,11,14,-2,-36,-18,-14,-17
-26.375,-48.375,-69.125,-67.875,-71.25,-48,-32.5,-13.688,6.0625,79.75,119.75,124.19,105.88,76.625,26.625,17.375,3.1875,-0.3125,-6.6875,-14.063,-39.063,-39.188,-54.313,-37.188,-23.563,-23.313,-44.063,-1.8125,13.313,-5.4375,-1.375,-0.25,3,-0.4375,3.5
-26.375,-48.375,-69.125,-67.875,-71.25,-48,-32.5,-13.688,6.0625,79.75,119.75,124.19,105.88,76.625,26.625,17.375,3.1875,-0.3125,-6.6875,-14.063,-39.063,-39.188,-54.313,-37.188,-23.563,-23.313,-44.063,-1.8125,13.313,-5.4375,-1.375,-0.25,3,-0.4375,3.5
-26.375,-48.375,-69.125,-67.875,-71.25,-48,-32.5,-13.688,6.0625,79.75,119.75,124.19,105.88,76.625,26.625,17.375,3.1875,-0.3125,-6.6875,-14.063,-39.063,-39.188,-54.313,-37.188,-23.563,-23.313,-44.063,-1.8125,13.313,-5.4375,-1.375,-0.25,3,-0.4375,3.5
2.8173,3.0236,3.2545,3.3867,3.477,3.5379,3.5997,3.6204,3.6048,3.6153,3.6632,3.6916,3.6623,3.5467,3.3838,3.2908,3.2347,3.2247,3.2047,3.0995,2.9386,2.8304,2.7955,2.7229,2.629,2.4544,2.29,2.2074,2.2228,2.2376,2.2416,2.2453,2.2462,2.2634,2.2872
6.9305,6.8511,6.7167,6.5905,6.4267,6.2664,6.0685,5.9625,5.9241,5.9755,6.0573,6.1775,6.2912,6.4244,6.5479,6.6164,6.6659,6.724,6.8287,6.9194,6.9941,7.0323,7.0563,7.084,7.1145,7.1399,7.1559,7.1627,7.1711,7.1753,7.1723,7.1682,7.1632,7.1628,7.1619
5.4817,5.7703,6.1916,6.4753,6.7224,6.914,7.1336,7.2447,7.2708,7.1367,6.9259,6.6494,6.3374,5.93,5.5988,5.4335,5.3473,5.3328,5.3111,5.218,5.1153,5.0782,5.1298,5.123,5.1193,4.9764,4.8763,4.8299,4.834,4.8385,4.8527,4.854,4.8563,4.873,4.8925
-0.99805,-1.0049,-1.0078,-1.0234,-0.96631,-0.94922,-1.0596,-1.1372,-1.0732,-1.0601,-0.94385,-0.81836,-0.69385,-0.61035,-0.64795,-0.6748,-0.82813,-0.87891,-0.86914,-0.84375,-0.84424,-0.91553,-0.88086,-0.90186,-0.90088,-0.97217,-0.99609,-1.0205,-1.0278,-1.0176,-1.0508,-0.99414,-1.0083,-0.98486,-0.99902
-0.19775,-0.20068,-0.21973,-0.19482,-0.23096,-0.3291,-0.45654,-0.479,-0.34814,-0.34033,-0.32324,-0.40967,-0.51611,-0.54346,-0.64941,-0.66992,-0.59277,-0.45654,-0.41064,-0.38379,-0.3667,-0.38232,-0.4165,-0.45459,-0.39209,-0.37744,-0.30859,-0.31982,-0.27734,-0.26123,-0.24268,-0.24268,-0.17676,-0.2334,-0.21094
-0.043945,-0.043945,-0.036621,-0.022949,-0.044922,-0.16895,-0.15576,0.33154,0.43848,0.48193,0.30811,0.31689,0.29932,0.31348,0.26807,0.31836,0.45605,0.43115,0.44482,0.48535,0.4082,0.31738,0.27051,0.17627,0.20264,0.18408,0.048828,0.057129,-0.050781,-0.31201,-0.10205,0.033203,-0.01416,-0.021484,-0.053711
1,-4,4,1,3,0,-19,-9,-38,2,-9,-12,-15,-6,-7,5,-8,-2,-5,-7,5,0,3,7,-1,-12,-2,0,2,-35,0,-2,2,-10,19
1,-3,3,0,2,9,-47,-21,-55,1,-13,1,-9,0,-17,-4,-12,-8,-1,-7,1,-1,3,6,1,-23,-3,1,3,-49,6,-4,1,-6,11
-1,-2,-1,-1,-1,44,-9,-35,-54,-1,-4,5,-20,8,-23,11,-21,-21,-6,5,-2,2,9,8,6,-38,-8,0,2,-29,-1,-3,2,-1,4
0,-2,-2,-1,-1,46,16,61,0,-28,17,12,-33,32,-14,52,-74,-39,-9,48,7,5,13,2,21,-54,-7,1,12,-19,-14,3,4,6,7
0,-2,1,-2,-6,5,-61,-17,-53,6,-21,9,-20,21,-25,28,-37,-19,-5,7,11,-1,2,3,12,-38,-5,-2,0,-18,-5,-2,3,0,0
0,-1,-1,-2,-7,7,-40,-13,-34,-5,-7,3,-19,6,-14,9,-18,-5,-4,-2,2,3,2,1,4,-24,-4,-2,-1,-23,-13,-8,0,0,-2
2,-2,1,-1,-18,18,-37,-4,-26,-9,-2,-9,-11,17,-8,-1,-6,-1,-2,-12,-1,-4,4,4,1,-5,-21,6,-22,-32,-33,-7,-4,-1,-11
0,-1,5,-1,12,2,-25,-10,-29,-3,-3,-5,-9,-10,-2,-3,-6,-1,-3,-6,2,-1,1,4,0,-10,-6,0,15,-20,-21,0,-1,-13,12
5.5,1.0625,-1.6875,-3.8125,-3.4375,-16.875,-11.625,-125.25,-92,-88.063,-13.125,-3.8125,-0.8125,-22.25,23.625,64.188,92.188,87.938,92.75,64.875,28.188,20.75,23.625,17.125,-14.75,-32.063,-40,-50.125,-40.563,-54,-58.063,-23.938,-3.125,5.125,-7.125
5.5,1.0625,-1.6875,-3.8125,-3.4375,-16.875,-11.625,-125.25,-92,-88.063,-13.125,-3.8125,-0.8125,-22.25,23.625,64.188,92.188,87.938,92.75,64.875,28.188,20.75,23.625,17.125,-14.75,-32.063,-40,-50.125,-40.563,-54,-58.063,-23.938,-3.125,5.125,-7.125
5.5,1.0625,-1.6875,-3.8125,-3.4375,-16.875,-11.625,-125.25,-92,-88.063,-13.125,-3.8125,-0.8125,-22.25,23.625,64.188,92.188,87.938,92.75,64.875,28.188,20.75,23.625,17.125,-14.75,-32.063,-40,-50.125,-40.563,-54,-58.063,-23.938,-3.125,5.125,-7.125
2.3123,2.2937,2.2833,2.2795,2.2809,2.2255,2.0986,2.1838,2.6498,3.1297,3.4784,3.6088,3.6773,3.6614,3.624,3.6128,3.6089,3.5645,3.4811,3.346,3.2085,3.124,3.1063,3.0624,2.9972,2.8794,2.8077,2.7957,2.8411,2.77,2.5477,2.3824,2.3663,2.3833,2.3867
7.1924,7.1911,7.1881,7.1793,7.1673,7.1475,7.0821,6.9832,6.8876,6.6667,6.2743,6.0137,5.8496,5.8132,5.8604,5.9599,6.0897,6.1937,6.2979,6.4269,6.5175,6.608,6.7379,6.827,6.9015,6.962,6.9876,7.0335,7.0498,7.078,7.1197,7.1436,7.1624,7.1746,7.1755
4.8438,4.8183,4.8094,4.8099,4.8299,4.7891,4.6658,4.9313,5.619,6.3229,6.8701,7.0899,7.2359,7.3181,7.2741,7.1281,6.8209,6.5223,6.1901,5.7692,5.506,5.356,5.2548,5.175,5.1119,5.0555,5.06,5.1532,5.2784,5.2971,5.1697,5.0981,5.0857,5.1037,5.1141
-0.99609,-1.0039,-0.98926,-1.0093,-0.99951,-1.0063,-1.0088,-0.91699,-1.1421,-1.1172,-1.1196,-1.0029,-0.90527,-0.82275,-0.69824,-0.65137,-0.68555,-0.75293,-0.86963,-0.86816,-0.95166,-0.91992,-0.8999,-0.90771,-0.94287,-0.92383,-1.0166,-1.0308,-1.0557,-1.0781,-1.0215,-0.97852,-1.0093,-1.0112,-0.99316
-0.19141,-0.19141,-0.2041,-0.19287,-0.21094,-0.19092,-0.21289,-0.36426,-0.31396,-0.40234,-0.46289,-0.25488,-0.30518,-0.36182,-0.49316,-0.62695,-0.65674,-0.62256,-0.48242,-0.4165,-0.32422,-0.30322,-0.36523,-0.41162,-0.35938,-0.39844,-0.40918,-0.31641,-0.30566,-0.22314,-0.27637,-0.2417,-0.18652,-0.2002,-0.23096
-0.027832,-0.023926,-0.021973,-0.012695,-0.030762,-0.019043,-0.039063,-0.27246,-0.040527,0.17627,0.4751,0.5918,0.47168,0.32813,0.16309,0.17139,0.27051,0.39551,0.43994,0.479,0.49414,0.48193,0.33691,0.22803,0.27051,0.18359,0.19043,0.12939,-0.012695,-0.11182,-0.19238,0.0024414,0.0073242,0.021484,-0.034668
-2,10,0,10,3,0,-22,1,2,-19,-27,4,12,-14,5,-1,6,7,0,-29,7,5,-1,2,0,-1,-6,-1,-9,-2,-43,5,-3,-27,-19
-1,4,-2,4,-1,-3,-4,-10,9,-14,-33,4,18,-14,9,3,1,15,16,2,3,5,-2,7,5,-4,-10,7,-10,9,-13,-2,2,-13,-8
-1,2,-1,1,-3,-3,5,-11,12,9,-32,20,24,0,11,6,5,16,32,26,5,9,-5,14,7,5,-16,10,-9,4,-7,-4,3,-5,-7
-3,-3,-2,3,-4,-1,9,46,42,82,7,6,-2,23,26,-14,-11,21,66,27,14,18,-7,24,8,39,-16,9,-4,0,-6,-8,-2,4,-10
0,-1,-2,0,-3,-2,-5,5,10,4,-3,-14,12,-4,19,14,-16,14,27,19,9,8,-5,13,2,19,-15,7,-7,-4,1,-6,0,2,-5
0,3,-2,-1,2,-2,-6,-16,-15,7,-4,-15,-2,4,14,1,-3,11,12,10,4,1,-2,6,-1,9,-5,2,-8,-8,10,-6,10,-2,-19
-15,13,-4,4,24,-9,-6,-27,-16,8,-1,-1,9,0,11,-15,-10,12,7,-7,19,-20,-4,0,5,-3,23,-10,20,27,50,6,32,-11,-67
3,15,-2,9,10,0,-8,-10,-4,0,-5,-3,7,-8,5,-9,8,6,3,-7,-4,7,3,-1,1,-2,-10,-8,-8,-34,-65,4,-11,-14,-40
0.5,1.5625,5.1875,0.5625,0.9375,1,-1.125,-7.3125,-20,-48.625,-55.313,-87.063,-89.125,-59.813,-33.375,6.5625,65,74.5,95.688,104.63,96.938,49,29.813,45.313,22.125,3.3125,-31.125,-40.188,-50.188,-76,-62.75,-36.625,-12.625,-5.4375,11.688
0.5,1.5625,5.1875,0.5625,0.9375,1,-1.125,-7.3125,-20,-48.625,-55.313,-87.063,-89.125,-59.813,-33.375,6.5625,65,74.5,95.688,104.63,96.938,49,29.813,45.313,22.125,3.3125,-31.125,-40.188,-50.188,-76,-62.75,-36.625,-12.625,-5.4375,11.688
0.5,1.5625,5.1875,0.5625,0.9375,1,-1.125,-7.3125,-20,-48.625,-55.313,-87.063,-89.125,-59.813,-33.375,6.5625,65,74.5,95.688,104.63,96.938,49,29.813,45.313,22.125,3.3125,-31.125,-40.188,-50.188,-76,-62.75,-36.625,-12.625,-5.4375,11.688
2.5345,2.5318,2.5293,2.5266,2.5165,2.5191,2.5127,2.3881,2.2058,2.2267,2.7991,3.4214,3.5911,3.6397,3.642,3.5986,3.6009,3.608,3.565,3.5142,3.4174,3.281,3.1513,3.0681,3.0892,3.0437,2.9864,2.9385,2.9192,2.868,2.7872,2.6371,2.5458,2.5434,2.5701
7.1944,7.1949,7.1959,7.196,7.1968,7.197,7.1941,7.1693,7.0972,7.0358,6.8979,6.5763,6.2555,5.9642,5.7705,5.7814,5.8686,5.9751,6.1286,6.2619,6.3954,6.5155,6.6224,6.7881,6.8758,6.95,6.9975,7.0154,7.0275,7.0326,7.0619,7.1036,7.1439,7.165,7.1835
5.2745,5.2696,5.2619,5.2495,5.2424,5.2388,5.2331,5.1254,4.9566,5.0501,5.7423,6.6089,7.0223,7.2793,7.4779,7.4861,7.372,7.173,6.8086,6.4775,6.1155,5.7943,5.5595,5.3578,5.31,5.248,5.2236,5.2419,5.3122,5.382,5.4244,5.3817,5.337,5.3428,5.3563
-0.99902,-1.0073,-1.0005,-1.0068,-1.0015,-1.041,-1.0654,-1.2681,-1.1025,-0.95215,-0.90186,-0.7959,-0.68408,-0.72266,-0.8252,-0.90186,-0.87451,-0.79053,-0.81836,-0.81494,-0.82178,-0.88037,-0.94775,-0.96826,-1.083,-1.0176,-0.99561,-0.97852,-1.0034,-1.0269,-1.0029,-1.0034,-1.0171,-1.0063,-1
-0.17627,-0.1792,-0.1792,-0.17285,-0.30566,-0.32471,-0.3999,-0.26514,-0.2627,-0.29639,-0.38916,-0.34961,-0.58936,-0.61914,-0.56299,-0.4751,-0.34082,-0.40674,-0.46484,-0.45801,-0.39844,-0.39063,-0.42969,-0.38281,-0.37988,-0.36768,-0.25,-0.28516,-0.20605,-0.23438,-0.24121,-0.2002,-0.21924,-0.18018,-0.17871
-0.018066,-0.021484,-0.023438,-0.013184,-0.16504,-0.11621,-0.029785,0.57031,0.71582,0.60693,0.20459,0.10205,0.12549,0.38818,0.49219,0.57178,0.64502,0.59473,0.4043,0.25879,0.20605,0.25928,0.25146,0.24463,0.1167,-0.0087891,-0.017578,-0.099121,-0.086914,0.075684,-0.0078125,-0.044434,-0.018555,-0.022949,-0.016602
-5,-3,0,7,6,27,5,4,-29,-7,-3,-6,-9,-1,11,-13,-1,5,3,0,4,5,-16,5,0,0,-1,7,-5,-1,18,-3,33,-18,8
-2,-1,0,3,2,25,-9,-4,-12,-11,-9,-11,-16,-8,12,-28,-6,0,5,1,8,6,-26,8,-3,-1,-2,11,-5,-7,-4,-6,18,-21,4
-1,-2,-1,1,-14,-8,33,10,-6,-25,-18,0,-32,-25,30,-46,-3,1,10,0,14,13,-42,4,-6,0,-2,5,-1,-5,-7,-4,5,-9,-1
-1,-1,0,0,-7,7,-63,54,-4,-53,-23,8,-84,-39,97,-53,-4,3,17,5,22,26,-60,-8,-12,-2,5,-1,-2,-2,-10,-2,3,-10,0
1,0,0,0,11,13,55,8,11,-30,-17,-6,-31,-1,46,-35,8,3,10,0,6,12,-29,-1,-7,-3,-5,4,-4,-3,0,-1,3,-4,-2
-1,0,2,-1,5,12,20,-3,-19,-5,-3,-8,-12,-3,10,-21,-4,3,7,-1,3,6,-18,-2,-3,0,-12,10,-4,-1,4,4,12,-4,12
4,3,7,3,-2,8,-4,-5,-12,5,20,-3,-13,-15,6,-21,-32,-8,0,1,-4,0,-29,-6,-27,27,8,54,-1,-2,-8,4,14,14,76
0,3,-6,9,2,9,2,2,-12,1,-5,-8,-10,-2,9,-14,0,14,2,-4,0,3,-15,4,2,0,2,-19,1,6,15,3,34,-6,-6
1.0625,-0.0625,-0.1875,-0.125,-14,-30.813,-2.9375,-15.813,-118.94,-132.38,-47.063,-32.438,49.875,85.563,85.063,81.063,70.25,23.5,13.063,20.25,30.188,11.625,17.188,2.1875,-25,-24.125,-39.75,-42.625,-44.625,-27.313,13.125,-8.3125,-16.125,-17.188,-4.75
1.0625,-0.0625,-0.1875,-0.125,-14,-30.813,-2.9375,-15.813,-118.94,-132.38,-47.063,-32.438,49.875,85.563,85.063,81.063,70.25,23.5,13.063,20.25,30.188,11.625,17.188,2.1875,-25,-24.125,-39.75,-42.625,-44.625,-27.313,13.125,-8.3125,-16.125,-17.188,-4.75
1.0625,-0.0625,-0.1875,-0.125,-14,-30.813,-2.9375,-15.813,-118.94,-132.38,-47.063,-32.438,49.875,85.563,85.063,81.063,70.25,23.5,13.063,20.25,30.188,11.625,17.188,2.1875,-25,-24.125,-39.75,-42.625,-44.625,-27.313,13.125,-8.3125,-16.125,-17.188,-4.75
2.5374,2.5308,2.5277,2.5229,2.4632,2.2191,2.163,2.6053,3.2548,3.6147,3.6607,3.6771,3.6364,3.6653,3.6575,3.5523,3.4658,3.3843,3.3304,3.3195,3.3465,3.3191,3.2344,3.1293,2.9938,2.8647,2.8207,2.7514,2.5784,2.4778,2.4649,2.5256,2.5411,2.5679,2.5771
7.2232,7.223,7.2228,7.2222,7.2123,7.1525,7.0814,6.9856,6.8149,6.3149,5.978,5.8362,5.8255,5.9356,6.0541,6.2154,6.2977,6.3654,6.448,6.5083,6.5923,6.748,6.8477,6.9219,6.9765,7.007,7.0319,7.0525,7.1051,7.134,7.1627,7.1938,7.1973,7.1981,7.1969
5.3486,5.3417,5.3391,5.3339,5.2865,5.0864,5.0634,5.518,6.3699,7.1705,7.4208,7.5237,7.4748,7.2975,7.0362,6.6157,6.3049,6.0793,5.9596,5.9097,5.8857,5.8105,5.6803,5.5546,5.4436,5.3823,5.391,5.4001,5.3133,5.2756,5.2588,5.3096,5.3535,5.4245,5.4484
-1.0088,-1.0029,-1.0049,-0.99756,-1.0078,-1.0015,-0.98096,-1.1519,-1.0635,-1.1201,-1.0278,-0.9502,-0.8252,-0.78418,-0.70361,-0.71875,-0.76807,-0.76758,-0.79785,-0.81494,-0.83057,-0.80664,-0.85059,-0.84033,-0.875,-0.87305,-0.88477,-0.9165,-0.87891,-1.0864,-1.0771,-0.95361,-1.0156,-0.97998,-0.98389
-0.17773,-0.17676,-0.17676,-0.18457,-0.1748,-0.18213,-0.31201,-0.30029,-0.29883,-0.3418,-0.22607,-0.25781,-0.29541,-0.38574,-0.49658,-0.53418,-0.71191,-0.61084,-0.49707,-0.46973,-0.37256,-0.41797,-0.42383,-0.41064,-0.42969,-0.47266,-0.44971,-0.35596,-0.34961,-0.3667,-0.34961,-0.27588,-0.29932,-0.27637,-0.2417
-0.034668,-0.023438,-0.023926,-0.025879,-0.02002,-0.03418,-0.11523,-0.046387,0.25732,0.43164,0.53027,0.55957,0.39844,0.1958,0.13037,0.30078,0.4292,0.56299,0.47363,0.48193,0.49023,0.46924,0.4917,0.40381,0.25684,0.26758,0.27393,0.33105,0.26758,0.13672,-0.029785,-0.081055,-0.14502,0.012695,-0.00048828
-8,18,-25,-4,-9,-2,1,1,-10,24,-10,3,2,5,5,2,-16,-13,0,1,4,2,1,-1,-1,-3,0,2,-2,-14,3,4,6,-25,-25
-1,6,-15,2,-1,0,4,19,-19,21,-3,6,8,6,9,2,-8,-35,-6,3,6,2,3,-2,0,-2,-1,5,1,-22,-3,-5,13,-17,-5
-3,1,-5,1,-1,6,30,53,-38,58,-4,9,9,7,4,5,-2,-50,-7,4,7,-2,-2,-3,0,-5,-1,8,1,-33,-5,-4,9,-10,-2
2,-2,1,3,0,-4,54,98,70,73,-47,-14,7,-12,-7,24,-12,-27,-57,-2,-4,-9,-15,1,-5,-10,-4,9,1,-50,-4,-3,5,-5,0
0,-2,-2,4,-2,7,40,61,-32,66,22,-6,12,6,9,12,-15,-39,-28,8,-2,1,-6,3,0,-4,-4,5,1,-45,-1,-3,3,-5,-1
17,-6,-2,-1,-2,5,2,39,-2,43,19,-4,6,7,0,7,-3,-15,-10,5,-3,-1,-9,1,-2,-2,-1,4,0,-27,0,-3,-1,-3,-4
49,-19,4,-15,24,5,-11,11,-7,15,2,-2,5,6,-11,-6,8,-8,0,-2,-18,-2,-7,6,2,9,0,1,2,-2,42,6,-41,10,-2
-21,32,-25,1,-26,-4,-8,3,-10,15,-3,0,4,7,-1,0,-8,-8,-3,1,3,6,-3,2,0,2,-1,-4,-2,-14,33,15,4,-19,-36
0.25,1.9375,2.6875,0,-1.375,-0.875,-6.1875,-1.3125,-70.563,0.875,-59.938,-118.31,-81.188,-79.688,-51.375,54.25,86.375,91.313,72.75,82.5,86,69.5,21.438,13.5,17.313,22.313,-1.375,-25.375,-37.563,-38,-36.813,-29,-29.625,-18.938,12.063
0.25,1.9375,2.6875,0,-1.375,-0.875,-6.1875,-1.3125,-70.563,0.875,-59.938,-118.31,-81.188,-79.688,-51.375,54.25,86.375,91.313,72.75,82.5,86,69.5,21.438,13.5,17.313,22.313,-1.375,-25.375,-37.563,-38,-36.813,-29,-29.625,-18.938,12.063
0.25,1.9375,2.6875,0,-1.375,-0.875,-6.1875,-1.3125,-70.563,0.875,-59.938,-118.31,-81.188,-79.688,-51.375,54.25,86.375,91.313,72.75,82.5,86,69.5,21.438,13.5,17.313,22.313,-1.375,-25.375,-37.563,-38,-36.813,-29,-29.625,-18.938,12.063
2.4866,2.4839,2.4817,2.4928,2.5007,2.4966,2.4536,2.1475,2.2017,2.8161,3.3429,3.6132,3.6932,3.6831,3.6183,3.5917,3.6236,3.6482,3.6241,3.5928,3.5498,3.5183,3.4626,3.4368,3.4406,3.4474,3.4123,3.2758,3.1616,2.97,2.8766,2.8524,2.7406,2.6107,2.5702
7.221,7.2223,7.2228,7.2223,7.222,7.2209,7.2119,7.1115,7.0586,6.9161,6.7237,6.4348,6.0639,5.8729,5.8298,5.9327,6.0366,6.0971,6.1974,6.2309,6.3038,6.3744,6.4682,6.5352,6.625,6.6777,6.7541,6.8366,6.873,6.9115,6.9651,7.0086,7.052,7.1162,7.1497
5.434,5.4305,5.4235,5.4334,5.4436,5.4415,5.4053,5.0624,5.2065,5.8914,6.5307,7.0448,7.4609,7.6777,7.7929,7.7451,7.595,7.4733,7.0979,6.9251,6.5771,6.352,6.1509,6.0766,6.0409,6.0225,5.9478,5.834,5.7469,5.6458,5.6341,5.6623,5.6101,5.5463,5.496
-1.0073,-0.99365,-0.99463,-0.99756,-0.98535,-1.0054,-0.94873,-1.0942,-1.1396,-1.0654,-1.04,-0.94434,-0.90771,-0.80713,-0.729,-0.76123,-0.83203,-0.84326,-0.81152,-0.82471,-0.90869,-0.85107,-0.89697,-0.91602,-0.91846,-0.91748,-0.95947,-1.0132,-1.0562,-1.0977,-0.9917,-1.0112,-0.96484,-1.001,-1.0454
-0.21436,-0.2085,-0.20947,-0.20654,-0.22461,-0.26611,-0.37207,-0.31592,-0.37646,-0.25244,-0.20654,-0.24268,-0.26709,-0.36279,-0.72656,-0.6582,-0.62793,-0.51953,-0.32373,-0.28711,-0.28906,-0.36768,-0.4209,-0.40967,-0.40625,-0.41699,-0.37451,-0.31055,-0.30811,-0.2041,-0.21875,-0.2334,-0.19336,-0.1626,-0.22461
0.0029297,-0.0063477,-0.015625,-0.012695,-0.030762,-0.083008,-0.28027,-0.047852,0.34766,0.51221,0.57227,0.56543,0.27832,0.1499,0.05127,0.31738,0.35254,0.4585,0.44434,0.43701,0.44678,0.48438,0.33545,0.2666,0.1543,0.24951,0.1958,0.22559,0.037109,-0.10547,-0.16553,-0.14209,-0.019531,0.01123,-0.01709
-2,-14,2,-5,18,21,-4,-16,9,-13,-6,8,0,2,2,-14,-10,-8,2,-1,-6,2,0,6,0,1,-1,-6,2,-2,15,-67,22,-4,-13
-2,-8,-9,-1,6,12,-14,-7,18,-7,-2,11,7,6,9,-26,-13,-11,2,-6,-7,5,0,8,-3,4,-4,-9,7,-12,10,-37,16,0,-1
0,-3,-6,-1,3,1,66,14,45,37,7,9,6,4,11,-35,-42,-22,3,-14,-9,6,-2,16,-7,6,-6,-16,9,-11,6,-13,8,-1,-1
-3,-1,-11,1,0,6,110,-109,14,48,60,13,-16,3,6,-66,-98,-50,12,-19,-18,4,-5,29,-7,6,-4,-22,6,-7,-4,3,5,-3,3
-1,-2,-4,-1,-1,21,-1,-9,18,9,21,8,3,16,12,-64,-28,-38,8,-9,-7,2,-2,20,-3,4,2,-17,5,-5,2,0,2,-2,0
-3,-2,-7,-2,0,8,7,1,19,5,2,3,1,3,5,-18,-10,-20,2,-1,-6,0,-3,11,-2,5,4,-4,1,-5,3,-4,-7,-8,-2
5,0,-5,-1,-9,8,7,-11,19,-2,-8,1,0,-17,6,-11,-8,-4,3,-11,-23,7,0,4,-1,3,-6,9,-8,-81,2,-33,-46,-33,-26
-14,-9,11,-2,17,6,-3,-6,7,-11,-4,3,2,0,2,-6,-7,-10,-2,-7,-8,5,0,2,-3,3,-2,5,3,-3,22,-48,32,24,-31
-3.0625,-2.875,4.1875,1.0625,1.375,-9,3.9375,11.75,-21.25,-35.75,-124.25,-117.94,-101,-112.88,10.438,83.688,91.688,142.75,136.94,106.31,55.438,22.75,31.625,31.938,27.125,2.4375,-24.125,-91.625,-52.313,-32.563,-39.5,-42.188,-20.125,-19.188,-19.75
-3.0625,-2.875,4.1875,1.0625,1.375,-9,3.9375,11.75,-21.25,-35.75,-124.25,-117.94,-101,-112.88,10.438,83.688,91.688,142.75,136.94,106.31,55.438,22.75,31.625,31.938,27.125,2.4375,-24.125,-91.625,-52.313,-32.563,-39.5,-42.188,-20.125,-19.188,-19.75
-3.0625,-2.875,4.1875,1.0625,1.375,-9,3.9375,11.75,-21.25,-35.75,-124.25,-117.94,-101,-112.88,10.438,83.688,91.688,142.75,136.94,106.31,55.438,22.75,31.625,31.938,27.125,2.4375,-24.125,-91.625,-52.313,-32.563,-39.5,-42.188,-20.125,-19.188,-19.75
2.6689,2.6599,2.6552,2.6514,2.6405,2.5693,2.3851,2.2506,2.4164,2.9515,3.456,3.6948,3.7534,3.6742,3.5258,3.5567,3.5695,3.5797,3.5909,3.5621,3.4644,3.3298,3.2974,3.3073,3.2662,3.2133,3.0258,2.8612,2.7597,2.7365,2.7543,2.6966,2.5989,2.5904,2.6022
7.1705,7.1701,7.1697,7.1704,7.1699,7.1637,7.1313,7.0608,6.9742,6.8863,6.6901,6.3897,6.0525,5.8984,5.9089,5.997,6.0706,6.1513,6.1994,6.2687,6.3641,6.5161,6.6204,6.7498,6.8569,6.9347,6.9851,7.0012,7.0171,7.0541,7.0894,7.1234,7.1622,7.1927,7.2048
5.6475,5.6467,5.6405,5.6329,5.6216,5.5615,5.3918,5.2389,5.4114,6.021,6.7549,7.287,7.7098,7.9116,7.9445,7.8094,7.5835,7.1803,6.8458,6.521,6.2204,5.9467,5.8384,5.7659,5.67,5.5954,5.4209,5.3408,5.3448,5.4203,5.5093,5.5253,5.4992,5.5169,5.5714
-1.0068,-0.99902,-1.0098,-1.0044,-1.002,-1.002,-0.99707,-1.0034,-1.0063,-1.0054,-0.99902,-1.0063,-1.0112,-0.92236,-1.1855,-1.2681,-1.0952,-0.95361,-0.85791,-0.72607,-0.66309,-0.68408,-0.79736,-0.84766,-0.84277,-0.86182,-0.79834,-0.83447,-0.86475,-0.87451,-0.89453,-0.96582,-1.0557,-1.0479,-1.001
-0.19287,-0.20166,-0.19141,-0.19775,-0.1958,-0.18896,-0.19531,-0.19727,-0.19824,-0.19678,-0.19287,-0.19336,-0.25195,-0.44141,-0.26074,-0.50439,-0.19287,-0.25684,-0.3418,-0.39893,-0.56543,-0.69922,-0.63184,-0.49268,-0.42725,-0.375,-0.36914,-0.44678,-0.40771,-0.354,-0.42139,-0.38135,-0.37891,-0.23193,-0.20801
0.0068359,0,0.019531,0.0058594,0.0029297,0.0078125,-0.0043945,0.0058594,0.0058594,0.011719,0.0063477,0.0053711,-0.028809,-0.35645,0.069336,0.64795,0.66895,0.53125,0.20801,0.0078125,0.16895,0.45068,0.5083,0.47217,0.47412,0.47412,0.50684,0.35645,0.29688,0.20752,0.29004,0.26416,0.1123,0.0058594,-0.31836
2,-2,2,-2,-6,2,-2,5,3,6,-4,-5,-15,2,15,8,5,-6,4,2,4,6,1,10,-2,0,3,-8,-1,-1,3,2,-1,-32,-71
1,1,1,-4,-1,-1,-2,-2,3,2,-5,-2,-12,9,11,15,-5,2,9,6,11,8,-3,8,-3,-7,1,-3,-4,-5,8,0,3,-13,-47
-1,-1,2,-4,-1,-3,-1,1,3,3,-2,-2,8,-36,-15,77,-4,13,11,7,25,15,-18,13,6,-19,4,-4,-9,-6,11,3,1,-4,-19
-6,-2,3,-4,0,-3,2,-1,7,0,4,-3,33,-99,33,69,-27,17,0,13,63,5,-45,3,45,-36,-5,-20,-21,-12,4,9,0,6,-5
-1,-1,1,-2,-2,-2,0,-1,1,0,0,-2,-22,39,28,45,-18,5,1,-4,50,-7,-6,4,7,-9,-1,-4,-8,-7,4,3,-1,3,-7
2,-1,1,-3,-2,-2,-8,-2,-10,4,-3,-1,-16,22,-4,2,-2,0,0,11,10,1,-1,2,3,-6,1,-1,-3,-3,2,0,-6,7,-5
3,-2,-2,-1,-7,-8,-35,-9,-37,9,-9,-5,-20,-18,-25,14,6,44,5,5,-7,21,-11,1,9,-4,-7,16,-4,10,-2,-29,10,0,-10
5,-5,0,5,-11,-2,-9,7,4,1,1,-2,-14,-2,4,-4,-2,-26,-2,8,0,10,-3,10,0,-3,1,-4,-2,2,2,16,9,-16,-63
-1.5625,-2.125,-0.25,-2.6875,-3.0625,-3.8125,-0.75,1.25,4.6875,4.6875,2.4375,0.375,-4.3125,22.688,-35.813,-75.938,-125.13,-118.06,-78.125,-53.063,54.5,93.188,83.938,93.938,102.56,46.25,15.688,18.563,48.125,39.813,-6,-37.125,-48.813,-48.75,-79.563
-1.5625,-2.125,-0.25,-2.6875,-3.0625,-3.8125,-0.75,1.25,4.6875,4.6875,2.4375,0.375,-4.3125,22.688,-35.813,-75.938,-125.13,-118.06,-78.125,-53.063,54.5,93.188,83.938,93.938,102.56,46.25,15.688,18.563,48.125,39.813,-6,-37.125,-48.813,-48.75,-79.563
-1.5625,-2.125,-0.25,-2.6875,-3.0625,-3.8125,-0.75,1.25,4.6875,4.6875,2.4375,0.375,-4.3125,22.688,-35.813,-75.938,-125.13,-118.06,-78.125,-53.063,54.5,93.188,83.938,93.938,102.56,46.25,15.688,18.563,48.125,39.813,-6,-37.125,-48.813,-48.75,-79.563
2.7494,2.7468,2.7517,2.7556,2.7655,2.7677,2.7579,2.753,2.7484,2.7528,2.7528,2.7495,2.7301,2.5258,2.2977,2.4701,3.4375,3.6351,3.65,3.5881,3.5431,3.5904,3.5927,3.5601,3.5298,3.3961,3.3418,3.3134,3.3801,3.3715,3.2468,3.0997,2.9899,2.9792,2.9024
7.1953,7.1951,7.1958,7.1944,7.1911,7.1903,7.1891,7.1878,7.1871,7.187,7.1879,7.1892,7.1893,7.1707,7.0798,6.9951,6.6271,6.2095,5.8819,5.7559,5.8389,5.9591,6.0923,6.1855,6.2414,6.3753,6.4622,6.5276,6.6219,6.7339,6.837,6.8991,6.9708,7.0195,7.0696
5.8232,5.8242,5.8319,5.841,5.859,5.8627,5.8616,5.8553,5.8442,5.8412,5.8362,5.8316,5.8162,5.5974,5.3759,5.6656,6.9725,7.4895,7.7483,7.8661,7.7976,7.64,7.3178,7.0293,6.8244,6.3404,6.1925,6.1112,6.0888,5.9977,5.8408,5.7278,5.6957,5.7732,5.8205
-1.0073,-1.0054,-1.0093,-1.0024,-1.0029,-0.99902,-1.022,-1.0903,-1.1494,-1.1001,-1.0044,-0.85889,-0.76221,-0.68555,-0.7041,-0.7627,-0.83496,-0.84521,-0.83057,-0.80273,-0.82373,-0.81934,-0.84033,-0.84424,-0.9375,-0.92578,-0.97119,-1.0757,-0.97998,-1.0132,-0.99707,-1.0015,-1.0161,-1.0166,-1.0044
-0.18262,-0.17871,-0.17871,-0.19189,-0.18018,-0.29346,-0.43555,-0.28369,-0.42969,-0.25732,-0.19678,-0.32715,-0.32715,-0.54639,-0.58545,-0.66943,-0.62598,-0.50146,-0.3999,-0.36768,-0.40674,-0.45068,-0.40332,-0.46729,-0.42383,-0.42529,-0.30957,-0.40527,-0.27197,-0.29736,-0.3208,-0.17822,-0.23145,-0.22998,-0.21436
-0.024414,-0.032227,-0.015625,-0.0083008,-0.021973,-0.11816,-0.24951,0.29785,0.43115,0.52783,0.52295,0.30566,0.20801,0.25928,0.24414,0.35352,0.42383,0.43359,0.45215,0.50195,0.4624,0.40137,0.28076,0.22363,0.25342,0.26123,0.095215,0.021484,-0.060547,-0.15576,-0.13281,0.020996,0.036621,-0.034668,-0.032227
0,2,6,-5,-9,-8,1,-3,8,-14,-18,-3,3,8,0,1,-2,-11,4,-6,-2,5,0,-4,-5,-3,-2,-1,7,-12,1,-32,12,-19,-11
4,-2,2,-3,-3,9,20,-13,10,-24,-25,-11,-1,16,0,-2,2,-14,9,-6,6,8,3,-8,-7,-2,0,1,4,-9,-3,-33,6,-18,-2
1,-3,0,0,-3,-6,33,-11,3,-43,-18,-4,4,18,13,18,5,-34,27,-10,8,16,5,-16,-10,-3,4,3,4,-5,0,-14,2,-6,-1
4,-3,2,-2,0,-9,-47,44,21,-28,11,11,5,22,64,46,20,-34,41,-46,-10,37,7,-29,-18,0,2,8,12,-7,-3,-7,-2,13,6
1,-3,1,-1,1,13,32,11,14,-24,7,-4,-3,26,20,2,13,-25,10,-19,-2,14,2,-13,-10,6,0,4,1,-11,0,-1,-4,0,0
2,-2,-1,0,-3,11,27,7,15,-26,-2,-3,1,13,5,-2,3,-21,0,-13,-2,7,1,-7,-7,-4,0,2,-12,-18,5,-16,-3,-11,5
1,-8,-11,11,-2,3,29,-5,19,-12,-28,1,-35,6,-1,-2,5,1,-25,-19,-11,2,4,-4,-1,-7,-3,-16,-31,21,6,-51,12,-58,20
1,13,5,-3,-11,1,20,0,13,-13,-12,-2,12,1,0,-1,0,-8,-8,-16,-25,6,0,-5,-3,-4,-4,4,20,11,0,-12,15,-14,-11
3.0625,0.75,2.6875,10.75,0.9375,-21.125,-2,-68.75,-62.563,-95.563,-137.13,-81.563,-63.625,-16.063,28.438,64.938,98.688,108.88,106.31,58.625,49.688,27.813,30.813,36.375,-5.9375,-31.563,-53.25,-44.25,-27.938,-41.75,-30.875,-24.313,-7.3125,3.375,1.3125
3.0625,0.75,2.6875,10.75,0.9375,-21.125,-2,-68.75,-62.563,-95.563,-137.13,-81.563,-63.625,-16.063,28.438,64.938,98.688,108.88,106.31,58.625,49.688,27.813,30.813,36.375,-5.9375,-31.563,-53.25,-44.25,-27.938,-41.75,-30.875,-24.313,-7.3125,3.375,1.3125
3.0625,0.75,2.6875,10.75,0.9375,-21.125,-2,-68.75,-62.563,-95.563,-137.13,-81.563,-63.625,-16.063,28.438,64.938,98.688,108.88,106.31,58.625,49.688,27.813,30.813,36.375,-5.9375,-31.563,-53.25,-44.25,-27.938,-41.75,-30.875,-24.313,-7.3125,3.375,1.3125
2.4979,2.4952,2.4936,2.4975,2.504,2.469,2.2376,2.2739,2.7175,3.2759,3.5073,3.6333,3.631,3.5775,3.5722,3.5836,3.5629,3.5407,3.4909,3.3714,3.3252,3.2899,3.2943,3.2994,3.1799,3.0522,2.927,2.8262,2.8001,2.7169,2.5826,2.5039,2.4613,2.5359,2.5464
7.2232,7.2244,7.226,7.227,7.2243,7.2108,7.1565,7.0718,6.9729,6.7864,6.5911,6.1074,5.9246,5.8987,5.9426,6.049,6.1421,6.187,6.2437,6.334,6.3829,6.4779,6.5333,6.6556,6.7945,6.8443,6.8873,6.9442,7.0098,7.0542,7.0966,7.1229,7.1543,7.1842,7.1879
5.545,5.5399,5.5358,5.5286,5.5186,5.5049,5.2983,5.4085,5.9866,6.7241,7.1467,7.722,7.9092,8.0065,7.9835,7.8209,7.5098,7.2047,6.8625,6.4659,6.3195,6.1686,6.1264,6.0489,5.8676,5.7706,5.7188,5.7041,5.7269,5.7233,5.6426,5.6124,5.5918,5.6512,5.6623
-1.0728,-0.92334,-0.97021,-1.0313,-0.99707,-1.0034,-1.0054,-0.95459,-1.0156,-1.0586,-1.1006,-1.1138,-1.0435,-0.93896,-0.81934,-0.70703,-0.64795,-0.79297,-0.77344,-0.82373,-0.73877,-0.78174,-0.74902,-0.67822,-0.73633,-0.79297,-0.77246,-0.83594,-0.92773,-0.98145,-1.042,-1.0508,-1.0005,-1.0024,-1.0322
-0.15967,-0.27441,-0.19238,-0.22217,-0.20947,-0.20508,-0.20508,-0.30469,-0.31885,-0.3208,-0.42725,-0.31641,-0.24561,-0.2749,-0.2666,-0.37158,-0.73193,-0.68457,-0.71436,-0.71191,-0.61377,-0.46191,-0.38574,-0.44531,-0.56494,-0.53857,-0.47168,-0.49512,-0.41064,-0.45459,-0.41016,-0.39307,-0.19873,-0.37891,-0.16553
0.059082,-0.015137,-0.080566,-0.049316,-0.029297,-0.019043,-0.0029297,-0.085449,-0.11572,0.104,0.23779,0.42969,0.56543,0.5459,0.32764,0.24268,0.16748,0.26465,0.34961,0.34668,0.50293,0.4873,0.48633,0.4707,0.46777,0.30908,0.21729,0.18604,0.40088,0.34033,0.16699,0.13574,-0.14502,-0.3833,0.019531
9,-1,-2,1,0,0,-3,8,3,-5,-31,-22,-17,0,-8,-4,-4,0,10,-14,-9,7,-2,4,-1,3,6,-3,1,5,1,-3,0,19,-10
1,-1,-3,2,1,-6,-3,9,15,-4,-51,-25,-17,-2,-3,1,-3,2,10,-28,-15,13,4,12,0,6,12,-4,1,1,5,-2,1,8,-4
-1,-1,-3,-1,1,-2,-3,14,32,17,-87,-38,-21,1,-7,17,0,12,19,-37,-48,13,16,26,2,8,29,-11,-2,0,10,0,7,-4,0
0,-1,-3,0,2,-5,-5,-3,56,60,-61,16,-34,26,-11,26,-2,8,43,-3,-82,14,26,49,-3,16,51,-12,-10,1,4,-1,-6,-10,20
2,-3,-1,0,1,-5,-4,11,21,-17,-87,-21,-34,0,12,12,23,-5,11,-27,-43,14,13,24,0,6,26,-5,-2,-4,4,-5,8,-8,4
7,-2,3,1,7,-7,-3,11,4,-14,-48,-21,-20,6,20,8,-21,-11,4,-8,-17,8,4,10,2,2,15,-3,-1,-4,11,-12,7,-7,-9
24,7,19,8,41,-45,2,8,2,-3,-21,-17,-12,3,45,13,-15,3,5,-15,-11,5,12,1,10,1,5,-2,-1,7,8,16,-34,6,-9
-8,-6,-5,3,3,10,1,4,0,-5,-20,-14,-12,0,-12,5,3,0,6,-7,-6,5,1,0,2,2,5,-3,-2,3,5,2,20,36,-26
-19.25,8.5625,23.25,-6.75,-1.4375,7.25,0.6875,-11.625,-23.25,-36.625,-13.563,-68.375,-119,-120.56,-103.88,-108.31,-11.063,86.938,49.875,78.938,98.188,91.438,78.063,37.813,29.375,35.063,27.563,22.25,8.75,-24,-28.125,-32.875,-23.375,-74.438,-24.375
-19.25,8.5625,23.25,-6.75,-1.4375,7.25,0.6875,-11.625,-23.25,-36.625,-13.563,-68.375,-119,-120.56,-103.88,-108.31,-11.063,86.938,49.875,78.938,98.188,91.438,78.063,37.813,29.375,35.063,27.563,22.25,8.75,-24,-28.125,-32.875,-23.375,-74.438,-24.375
-19.25,8.5625,23.25,-6.75,-1.4375,7.25,0.6875,-11.625,-23.25,-36.625,-13.563,-68.375,-119,-120.56,-103.88,-108.31,-11.063,86.938,49.875,78.938,98.188,91.438,78.063,37.813,29.375,35.063,27.563,22.25,8.75,-24,-28.125,-32.875,-23.375,-74.438,-24.375
2.4471,2.5796,2.6483,2.6266,2.5858,2.5586,2.5309,2.4582,2.2492,2.2347,2.5096,3.1454,3.4915,3.6359,3.6742,3.6063,3.4681,3.5168,3.5049,3.4284,3.3978,3.373,3.3615,3.2602,3.2294,3.2344,3.2425,3.1894,3.1483,2.9955,2.95,2.9964,3.135,2.9225,2.5592
7.1493,7.1534,7.15,7.1441,7.1447,7.1501,7.1606,7.16,7.1203,7.0811,7.015,6.8573,6.626,6.3285,5.9564,5.7854,5.802,5.8893,5.963,6.0113,6.0259,6.0152,6.0183,6.1126,6.2043,6.3303,6.4464,6.5892,6.7177,6.8604,6.9364,7.0066,7.0378,7.0947,7.1372
5.6732,5.8497,5.8788,5.8575,5.8248,5.789,5.7546,5.6938,5.5226,5.5594,5.883,6.6414,7.2287,7.6601,8.0678,8.2817,8.3444,8.2343,8.0401,7.6793,7.3774,7.0599,6.9648,6.4936,6.3495,6.2366,6.1784,6.0765,5.9895,5.826,5.8207,5.9207,6.1312,6.0329,5.753
-0.97852,-1.0166,-0.97754,-1.0024,-1.0068,-0.98682,-1.0044,-0.99512,-0.98584,-1.0024,-0.99316,-0.99072,-0.99316,-0.99561,-0.99365,-0.99902,-1.0063,-0.98877,-0.98633,-1.0059,-0.98682,-1.0015,-0.99756,-1.001,-1.0029,-0.99609,-1.001,-1.002,-0.98975,-0.99854,-0.99268,-1.0044,-0.96973,-1.1406,-1.1055
-0.20459,-0.2085,-0.20361,-0.20996,-0.21045,-0.20947,-0.2002,-0.2124,-0.20215,-0.19629,-0.19727,-0.19678,-0.19971,-0.20654,-0.20996,-0.21387,-0.21533,-0.22363,-0.21387,-0.22168,-0.21729,-0.21484,-0.21484,-0.21338,-0.21924,-0.20654,-0.21387,-0.21338,-0.20557,-0.20654,-0.20508,-0.2373,-0.36475,-0.31836,-0.32861
-0.043457,-0.044434,-0.049805,-0.038574,-0.051758,-0.048828,-0.052734,-0.054688,-0.058105,-0.054199,-0.052246,-0.04541,-0.044922,-0.043457,-0.036133,-0.022461,-0.031738,-0.036133,-0.03418,-0.023438,-0.021973,-0.022461,-0.037109,-0.043945,-0.034668,-0.030762,-0.043457,-0.046875,-0.04834,-0.048828,-0.044922,-0.068359,-0.38818,-0.096191,0.65967
0,0,-2,-2,6,-1,-1,-4,4,-2,1,-2,-2,-6,0,-7,1,1,-1,-1,-2,-2,-4,2,-2,1,4,-3,5,1,0,-4,-14,78,-13
-2,-3,-1,-1,2,0,-1,-4,0,-1,0,-3,-2,-6,-2,-3,-2,1,-4,0,-2,-1,-5,3,-1,0,4,0,-1,1,1,-6,-13,50,3
-2,-3,0,-1,0,-1,0,-2,-1,-2,0,-2,-1,-2,-1,-3,0,-1,-2,-1,-1,0,-5,-2,-2,0,1,0,-1,1,0,-9,-9,59,5
-1,-3,-1,1,-3,0,0,-3,-2,-1,-2,-1,1,-4,0,-6,1,1,-1,0,-1,-1,-1,1,0,2,-1,-2,-2,-3,-1,-2,19,-80,84
-1,-2,-1,1,-4,-1,-1,-2,-1,-1,-3,1,-1,-3,1,-5,1,0,0,0,-2,-3,-3,0,0,0,0,0,-4,0,1,-11,-17,67,37
2,0,-8,0,-1,-1,2,-3,-3,0,-2,0,-1,-1,1,-5,0,0,0,1,-1,-3,2,2,-2,1,-3,-4,-3,-1,-1,-4,-24,65,19
6,-4,-30,5,-1,5,-2,-2,10,4,-7,3,-13,-4,1,0,-2,3,-1,10,-6,-3,-9,6,1,4,-14,-11,-17,-4,-4,-4,-10,15,19
4,3,0,-2,16,-3,1,-1,5,-2,-2,-1,1,-8,-4,-6,1,2,1,-2,-4,0,-9,-3,3,1,7,-8,7,-2,-4,-1,-8,32,2
-4.8125,-3.5625,0,-0.625,-5,-4.625,-5.125,-4.5625,-1.6875,-2.375,0.9375,-2.75,-2.0625,-0.125,2.75,0.6875,0.8125,-0.6875,3.375,5.3125,2.9375,2.8125,1.5,0.6875,4.0625,0.8125,-0.875,-0.3125,-0.5,-0.4375,0.4375,-4.25,-5.4375,18.875,-51.813
-4.8125,-3.5625,0,-0.625,-5,-4.625,-5.125,-4.5625,-1.6875,-2.375,0.9375,-2.75,-2.0625,-0.125,2.75,0.6875,0.8125,-0.6875,3.375,5.3125,2.9375,2.8125,1.5,0.6875,4.0625,0.8125,-0.875,-0.3125,-0.5,-0.4375,0.4375,-4.25,-5.4375,18.875,-51.813
-4.8125,-3.5625,0,-0.625,-5,-4.625,-5.125,-4.5625,-1.6875,-2.375,0.9375,-2.75,-2.0625,-0.125,2.75,0.6875,0.8125,-0.6875,3.375,5.3125,2.9375,2.8125,1.5,0.6875,4.0625,0.8125,-0.875,-0.3125,-0.5,-0.4375,0.4375,-4.25,-5.4375,18.875,-51.813
2.2563,2.1998,2.1758,2.1804,2.1889,2.2062,2.2434,2.2817,2.3208,2.3558,2.3785,2.3928,2.4007,2.4087,2.4258,2.4438,2.4494,2.4431,2.4437,2.4484,2.4559,2.4689,2.4777,2.4823,2.4936,2.5002,2.4912,2.4853,2.4439,2.4379,2.4193,2.4029,2.2548,2.0072,2.4783
7.183,7.1803,7.1793,7.1787,7.1797,7.1812,7.1807,7.178,7.1747,7.1721,7.1678,7.1674,7.168,7.1686,7.1715,7.1732,7.1719,7.1689,7.1646,7.1612,7.1597,7.1604,7.1626,7.1644,7.1664,7.1688,7.1687,7.1689,7.1695,7.17,7.1702,7.1679,7.1459,7.0625,7.0329
5.4185,5.372,5.3494,5.3553,5.3696,5.3971,5.4432,5.4921,5.5359,5.5756,5.6031,5.6212,5.6365,5.6451,5.6583,5.675,5.6795,5.6759,5.6725,5.6717,5.6726,5.6799,5.6855,5.6895,5.6974,5.6993,5.6914,5.6859,5.6501,5.645,5.6255,5.6114,5.4764,5.1946,5.7285
-0.99316,-0.99561,-1.0005,-1.0093,-0.99951,-0.99902,-0.95508,-1.0737,-1.0596,-1.1196,-1.1123,-1.0913,-0.96387,-0.90381,-0.75537,-0.73047,-0.82471,-0.86572,-0.89014,-0.91992,-0.85547,-0.8374,-0.85547,-0.89307,-0.90088,-0.93555,-0.95508,-1.0386,-1.0269,-1.0386,-0.99072,-0.99414,-1.0405,-0.98047,-1.0127
-0.21094,-0.2041,-0.2002,-0.20068,-0.19922,-0.20215,-0.33936,-0.17871,-0.34521,-0.41455,-0.29492,-0.1748,-0.25098,-0.24609,-0.41016,-0.5957,-0.67236,-0.63965,-0.47168,-0.41309,-0.30957,-0.38135,-0.41748,-0.38428,-0.41797,-0.46191,-0.40576,-0.37939,-0.30566,-0.24658,-0.25439,-0.23193,-0.2041,-0.21973,-0.20996
-0.054688,-0.045898,-0.051758,-0.049805,-0.058594,-0.067871,-0.20703,-0.050293,0.098145,0.18018,0.45654,0.53711,0.47705,0.12598,-0.016113,0.060059,0.31787,0.43213,0.48877,0.46924,0.38428,0.39648,0.35986,0.25537,0.25342,0.26807,0.18604,0.071777,0.024902,-0.08252,-0.23877,-0.05957,0.012695,-0.003418,-0.036621
-8,7,-18,-6,7,-8,14,-24,-19,-8,-8,-4,-6,6,-5,-1,3,3,2,5,6,2,-1,1,-12,0,-1,3,-3,7,-13,7,9,-5,16
-1,7,-10,-8,1,-7,8,-21,-26,-9,7,-10,1,-1,-3,-1,2,8,11,17,14,8,-1,2,-23,0,0,3,-9,5,2,-1,6,-3,10
-4,1,-2,-3,0,-6,8,-7,-65,-16,26,1,11,2,-1,-6,7,12,9,28,30,15,-1,1,-43,-2,0,9,-9,2,3,-3,-1,1,2
0,2,-2,-2,-2,7,35,6,-45,14,8,15,-1,13,0,-20,31,13,9,31,52,25,-6,7,-72,-14,0,19,-11,11,6,-4,2,4,-1
-3,-2,-1,-2,-2,-9,20,-38,-48,-3,8,-12,-2,6,-5,3,-3,12,13,13,24,8,-4,6,-33,-12,-2,13,-7,3,7,-1,-4,1,-2
-2,-6,-4,-3,-2,-5,13,-25,-20,1,13,-7,10,-7,-2,6,6,8,6,9,10,3,-2,4,-18,-10,-2,15,-4,-3,11,4,0,2,-3
-9,-35,-7,-3,-6,-1,1,-15,-18,-8,3,5,5,-14,-5,-8,17,5,3,18,12,3,-1,1,-10,-1,-10,44,9,-36,31,4,-8,-1,-6
-6,2,-16,-2,11,-5,10,-11,-13,-7,-1,2,-1,8,-6,0,3,5,-2,7,7,1,0,4,-10,-2,-4,0,-5,11,-23,-1,-1,-5,16
3.5,3.5,0.1875,-1.0625,-0.6875,-0.75,1.8125,-16.063,-54.188,-16.438,-59.438,-179.88,-140.44,-112.94,-81.75,55.688,93.625,93.188,114.25,124.25,83.313,62.063,39.938,25.5,14.75,13.25,-29.875,-61.875,-47.688,-49.563,-50.25,-33.375,-10.063,11.938,5.0625
3.5,3.5,0.1875,-1.0625,-0.6875,-0.75,1.8125,-16.063,-54.188,-16.438,-59.438,-179.88,-140.44,-112.94,-81.75,55.688,93.625,93.188,114.25,124.25,83.313,62.063,39.938,25.5,14.75,13.25,-29.875,-61.875,-47.688,-49.563,-50.25,-33.375,-10.063,11.938,5.0625
3.5,3.5,0.1875,-1.0625,-0.6875,-0.75,1.8125,-16.063,-54.188,-16.438,-59.438,-179.88,-140.44,-112.94,-81.75,55.688,93.625,93.188,114.25,124.25,83.313,62.063,39.938,25.5,14.75,13.25,-29.875,-61.875,-47.688,-49.563,-50.25,-33.375,-10.063,11.938,5.0625
2.3115,2.3039,2.2945,2.2674,2.2581,2.252,2.1464,2.0176,2.034,2.4853,3.0524,3.5205,3.6703,3.6481,3.5631,3.5153,3.5472,3.5387,3.4566,3.3947,3.2832,3.2018,3.1896,3.1837,3.1928,3.1334,3.0496,2.9068,2.8563,2.8388,2.777,2.5654,2.4519,2.4484,2.4621
7.1846,7.1859,7.1864,7.1851,7.1858,7.1843,7.1634,7.0997,7.0657,6.9942,6.8835,6.6525,6.1922,5.9369,5.8471,5.9235,6.0362,6.1342,6.242,6.2882,6.3443,6.4494,6.5437,6.6418,6.7944,6.8876,6.9524,6.9912,7.0255,7.0372,7.0694,7.1049,7.1284,7.1536,7.1738
5.5654,5.5498,5.5391,5.5129,5.5056,5.4998,5.3997,5.2475,5.3523,5.88,6.5525,7.3239,7.9866,8.2593,8.4142,8.382,8.2071,7.9413,7.4756,7.0953,6.6483,6.3426,6.2098,6.1391,6.0939,6.0052,5.9448,5.9017,5.9714,6.0378,6.0725,5.9504,5.8659,5.8544,5.8371
-1.063,-1.0552,-1.0405,-1.001,-0.86768,-0.74609,-0.68311,-0.66895,-0.66846,-0.70459,-0.69922,-0.73242,-0.76221,-0.81885,-0.83105,-0.84863,-0.83545,-0.84668,-0.84229,-0.87207,-0.94092,-0.96533,-0.98145,-1.0522,-1.043,-1.0034,-1.0386,-0.97705,-1.0103,-1,-1.0083,-0.99707,-0.99756,-1.0117,-1.0083
-0.31934,-0.31641,-0.35254,-0.36035,-0.32422,-0.43457,-0.44238,-0.59082,-0.62939,-0.65381,-0.66064,-0.66602,-0.56885,-0.53564,-0.47852,-0.39697,-0.37451,-0.36426,-0.375,-0.40283,-0.43848,-0.44971,-0.40527,-0.32666,-0.20752,-0.21387,-0.24902,-0.29541,-0.19629,-0.23828,-0.20264,-0.20215,-0.19238,-0.19434,-0.19434
0.084961,0.19775,0.34619,0.43164,0.37646,0.31934,0.33301,0.33594,0.37451,0.47803,0.46973,0.41797,0.43945,0.42822,0.39063,0.45996,0.44385,0.38281,0.31104,0.31104,0.30908,0.26367,0.14258,0.069336,0.11377,-0.095703,-0.33594,0.052734,0.074707,0.027832,0.0063477,-0.013184,0.010742,-0.0048828,-0.0024414
8,-4,6,16,-2,10,-9,-2,4,8,8,3,-2,4,-3,-2,5,-5,-2,0,-9,13,-3,1,-1,12,-2,-11,16,51,8,18,2,-21,-11
10,-12,16,33,-9,8,-3,-9,1,22,11,4,-2,-3,3,-1,8,-10,-4,1,-20,24,-3,4,-3,2,1,-2,11,13,15,15,2,-8,-5
29,-14,42,40,-37,13,10,-10,-6,43,18,1,2,-8,11,-9,23,-17,2,0,-40,35,-1,5,-7,-3,2,0,3,5,6,4,1,-1,-2
63,-5,96,27,-67,13,41,4,2,72,15,-16,1,-13,27,-19,71,-20,8,1,-51,39,-3,3,-6,-11,0,10,6,-6,4,0,-1,19,2
23,-10,60,36,-15,-3,53,-9,2,33,7,-1,-5,-10,15,0,24,-11,-3,1,-30,23,-6,0,-5,-3,-5,1,0,4,2,-4,-1,5,-1
17,-11,22,18,3,-23,34,-5,-1,18,0,-2,1,-7,6,3,9,-8,-1,2,-19,13,-7,3,-2,4,-7,-1,-1,2,11,0,-1,-1,-1
13,-5,7,8,6,-1,-26,-5,-2,1,14,5,-1,-7,13,0,3,-5,-4,0,-8,9,-5,-3,6,20,-20,-3,-32,-3,39,32,-10,5,4
6,-4,9,12,1,11,-7,-6,2,9,10,2,-2,1,-1,-1,5,-1,-3,0,-9,8,-4,-1,-2,10,-4,-10,17,75,12,5,-5,-32,-13
-16.063,-36.875,-92.688,-111.5,-99.938,-61.75,-49.563,-17.063,26.063,44.063,43.125,63.125,90.125,95.313,102.94,100.06,83.125,57.25,41.563,8.0625,-14.625,-29.563,-54.688,-77.75,-80,-70.125,-79.125,-16.625,16.563,3.9375,11.375,-2.5,-0.9375,-2.5,-2.0625
-16.063,-36.875,-92.688,-111.5,-99.938,-61.75,-49.563,-17.063,26.063,44.063,43.125,63.125,90.125,95.313,102.94,100.06,83.125,57.25,41.563,8.0625,-14.625,-29.563,-54.688,-77.75,-80,-70.125,-79.125,-16.625,16.563,3.9375,11.375,-2.5,-0.9375,-2.5,-2.0625
-16.063,-36.875,-92.688,-111.5,-99.938,-61.75,-49.563,-17.063,26.063,44.063,43.125,63.125,90.125,95.313,102.94,100.06,83.125,57.25,41.563,8.0625,-14.625,-29.563,-54.688,-77.75,-80,-70.125,-79.125,-16.625,16.563,3.9375,11.375,-2.5,-0.9375,-2.5,-2.0625
2.6154,2.9005,3.2352,3.3975,3.5016,3.554,3.5565,3.522,3.5266,3.5561,3.5732,3.5618,3.5561,3.5404,3.4943,3.4516,3.402,3.3841,3.3594,3.3093,3.1829,3.0348,2.9466,2.8782,2.9335,3.0161,2.9436,2.7424,2.6898,2.7021,2.7019,2.68,2.6571,2.6404,2.6401
6.9807,6.9159,6.7561,6.569,6.3415,6.0741,5.9415,5.9029,5.9287,5.9805,6.0208,6.0491,6.1078,6.1519,6.2363,6.3076,6.4064,6.5038,6.5797,6.75,6.9107,6.9868,7.0216,7.0414,7.051,7.0514,7.0614,7.0979,7.112,7.1408,7.1555,7.1672,7.1691,7.1701,7.1686
6.2255,6.5823,7.1275,7.519,7.8649,8.184,8.3526,8.4414,8.4268,8.3646,8.2741,8.1194,7.8237,7.5534,7.1547,6.8568,6.5082,6.3326,6.2391,6.1137,5.9749,5.8559,5.8466,5.9469,6.1369,6.3541,6.4146,6.3357,6.2615,6.2561,6.2374,6.2109,6.1926,6.1812,6.1855
-1.0034,-1.0078,-1.0039,-0.99951,-1.002,-0.99707,-1.0181,-0.95068,-1.1553,-1.147,-1.0874,-1.0591,-0.94727,-0.83154,-0.67578,-0.63818,-0.64502,-0.70117,-0.76074,-0.80469,-0.74463,-0.84131,-0.85156,-0.87109,-0.88721,-0.88867,-0.90674,-0.93408,-0.98633,-1.0337,-1.0244,-1.0654,-1.0171,-1.002,-0.99365
-0.18066,-0.18799,-0.18604,-0.18506,-0.1748,-0.18311,-0.1875,-0.40234,-0.3501,-0.29053,-0.37354,-0.24756,-0.33008,-0.354,-0.4458,-0.60596,-0.604,-0.71045,-0.69385,-0.48047,-0.53809,-0.42627,-0.35791,-0.3501,-0.4209,-0.41016,-0.38281,-0.4668,-0.38916,-0.33887,-0.33447,-0.3125,-0.16406,-0.21875,-0.29346
-0.021484,-0.025879,-0.024414,-0.03418,-0.029297,-0.035156,-0.05957,-0.36035,-0.010254,0.33545,0.53223,0.64502,0.44678,0.28906,0.25098,0.20068,0.35889,0.44434,0.42822,0.54883,0.44482,0.42725,0.43555,0.44043,0.41797,0.30957,0.23779,0.33643,0.24902,0.092285,0.031738,0.025879,-0.088867,-0.15283,-0.0048828
-3,2,-3,4,-1,2,6,10,-23,-32,-15,-20,2,0,-5,-4,-8,-6,-6,1,-4,-2,5,3,1,-3,1,3,4,2,2,0,19,-33,-3
-1,1,-4,2,0,1,8,-5,-25,-36,-30,-28,0,0,-7,-3,-10,-23,-10,13,-9,7,1,5,4,-3,2,0,11,3,1,1,6,-9,-3
1,1,-5,0,-2,-1,8,-48,-14,-28,-69,-18,-7,1,-24,-7,-4,-48,-30,36,-15,5,6,10,8,-3,5,4,21,0,5,4,0,-2,-1
3,6,-12,5,-6,-3,-13,-71,-112,96,-119,12,-18,-4,-41,-8,-15,-79,-63,46,-39,-29,14,4,8,7,12,21,44,-13,8,4,7,-4,-7
-1,1,-5,-1,-4,-1,8,-48,-29,-41,-73,9,-5,-2,-19,-13,-21,-46,-27,27,-28,1,8,4,9,4,2,10,21,-8,6,-1,-4,3,-1
0,-5,-5,-5,-3,-2,5,-20,-34,-33,-12,3,3,-13,-14,-8,-10,-15,-8,6,-12,5,7,-2,1,0,0,3,5,-5,3,-3,-5,2,2
-16,-4,2,-23,-6,-3,3,-22,-29,-17,6,-3,4,8,-6,-6,5,5,-4,-5,-3,-20,1,4,2,-2,-1,6,5,-3,-14,-4,14,-8,-3
-3,-6,-1,-8,4,0,6,-4,-22,-19,-4,-11,2,5,-8,1,-2,4,-3,4,-4,-4,3,2,2,-1,1,4,3,-1,-3,0,56,-38,-5
-1.0625,-2.5,-0.5,-1.375,0.1875,-0.25,1.4375,-2.3125,-0.25,-65.125,-62.125,-98.375,-99.688,-53.438,-52.688,-39.688,27.375,39.938,60.188,103.63,125.13,111.56,79.938,52,16.813,11.125,23.75,13.063,-41.563,-80.375,-66.563,-42.625,-47.563,-66.313,-14.125
-1.0625,-2.5,-0.5,-1.375,0.1875,-0.25,1.4375,-2.3125,-0.25,-65.125,-62.125,-98.375,-99.688,-53.438,-52.688,-39.688,27.375,39.938,60.188,103.63,125.13,111.56,79.938,52,16.813,11.125,23.75,13.063,-41.563,-80.375,-66.563,-42.625,-47.563,-66.313,-14.125
-1.0625,-2.5,-0.5,-1.375,0.1875,-0.25,1.4375,-2.3125,-0.25,-65.125,-62.125,-98.375,-99.688,-53.438,-52.688,-39.688,27.375,39.938,60.188,103.63,125.13,111.56,79.938,52,16.813,11.125,23.75,13.063,-41.563,-80.375,-66.563,-42.625,-47.563,-66.313,-14.125
2.4866,2.4991,2.5062,2.4999,2.4965,2.4892,2.4701,2.2675,2.1136,2.2021,2.675,3.2558,3.583,3.6476,3.6441,3.6007,3.5822,3.5625,3.5239,3.5194,3.5689,3.5683,3.5014,3.3975,3.2825,3.2342,3.2577,3.2276,3.0774,2.931,2.8091,2.7706,2.7471,2.6762,2.6085
7.2113,7.2112,7.2101,7.2107,7.2104,7.211,7.2123,7.1804,7.086,7.0163,6.9233,6.7216,6.2167,5.9651,5.7892,5.7851,5.877,5.9851,6.0399,6.0911,6.1611,6.2362,6.3222,6.4242,6.5631,6.6627,6.7958,6.897,6.9813,7.0079,7.0256,7.0381,7.0579,7.0947,7.1183
6.1089,6.1257,6.1352,6.134,6.1301,6.1229,6.1033,5.9052,5.7302,5.8901,6.5025,7.2829,8.065,8.3254,8.545,8.5855,8.5386,8.3809,8.1872,7.9395,7.5893,7.2932,6.9972,6.7231,6.4948,6.4031,6.3747,6.3028,6.1675,6.127,6.1393,6.1817,6.2457,6.2828,6.2762
-0.99463,-0.99756,-0.99072,-1.0024,-0.99707,-0.99561,-0.99707,-0.99756,-1.0029,-0.99561,-0.99707,-0.9917,-1.0073,-0.99805,-0.93652,-1.1636,-1.144,-1.0776,-0.95996,-0.92334,-0.83838,-0.73633,-0.75049,-0.75537,-0.80957,-0.82227,-0.7876,-0.80176,-0.80615,-0.8374,-0.85645,-0.8501,-0.93213,-0.9502,-1.0679
-0.20703,-0.20264,-0.20996,-0.19678,-0.20361,-0.20361,-0.20459,-0.20801,-0.20166,-0.20947,-0.20264,-0.20996,-0.20361,-0.21924,-0.32959,-0.33545,-0.3335,-0.24365,-0.17773,-0.28467,-0.33887,-0.52002,-0.66113,-0.68945,-0.62256,-0.55273,-0.39648,-0.36816,-0.3833,-0.40332,-0.42139,-0.42676,-0.41699,-0.43311,-0.34424
-0.032715,-0.030762,-0.036621,-0.045898,-0.033691,-0.03125,-0.024902,-0.032227,-0.019043,-0.038086,-0.031738,-0.033691,-0.039063,-0.057129,-0.41016,-0.046387,0.56787,0.69092,0.68604,0.33691,0.11621,-0.013672,0.32813,0.40088,0.50586,0.57813,0.48242,0.43408,0.47949,0.38135,0.25488,0.22949,0.30615,0.32471,0.23389
1,5,-5,3,5,6,-1,3,-6,-2,-1,2,0,0,28,-16,25,26,8,-2,5,1,0,-6,3,7,3,3,-2,2,4,5,-5,6,-4
2,2,-3,1,-4,1,0,1,-5,0,-3,1,3,-3,11,-3,56,30,17,-5,11,3,4,-8,5,7,18,7,0,4,7,10,-2,11,-6
0,1,-2,0,-4,-2,-1,1,-2,1,-4,2,2,-17,-59,70,59,26,23,-15,13,-1,4,-10,-5,19,26,9,2,11,16,14,-5,17,-11
0,4,-2,-1,-7,-3,-3,-2,4,-3,0,-1,-1,10,-69,41,0,31,33,-24,11,-15,-29,-8,-58,19,24,14,4,25,40,19,-1,22,-16
-2,2,-3,-1,-1,-2,-3,-1,3,-2,0,0,2,2,0,14,12,39,29,-13,19,-12,-6,-16,-12,8,23,12,6,7,13,5,-2,12,-14
1,3,-2,1,-5,-1,-6,1,4,0,0,-1,-3,16,1,11,21,15,5,-1,12,3,6,0,-3,8,10,7,4,2,8,1,-2,11,-11
9,16,3,-1,-13,-10,-9,7,15,5,11,4,-14,2,-19,10,4,1,-9,18,-9,3,-2,2,4,7,0,-11,-6,3,1,4,-2,10,-28
-4,6,-8,9,7,14,-6,4,-26,-3,2,0,-1,3,-4,5,12,15,2,-5,4,0,-1,-4,3,4,2,2,-3,3,2,4,-2,6,0
-0.5625,-0.5625,-0.6875,0.875,0.8125,0.8125,1.6875,0.3125,-0.375,-1.75,-2.125,-1.0625,-0.75,0.4375,-3.625,31.813,-79.25,-114.13,-157.69,-108.5,-88.375,-24.75,75.063,74.063,97.938,107.19,109.31,89.063,43.625,26.625,25.375,31.5,6.75,-19.875,-29.063
-0.5625,-0.5625,-0.6875,0.875,0.8125,0.8125,1.6875,0.3125,-0.375,-1.75,-2.125,-1.0625,-0.75,0.4375,-3.625,31.813,-79.25,-114.13,-157.69,-108.5,-88.375,-24.75,75.063,74.063,97.938,107.19,109.31,89.063,43.625,26.625,25.375,31.5,6.75,-19.875,-29.063
-0.5625,-0.5625,-0.6875,0.875,0.8125,0.8125,1.6875,0.3125,-0.375,-1.75,-2.125,-1.0625,-0.75,0.4375,-3.625,31.813,-79.25,-114.13,-157.69,-108.5,-88.375,-24.75,75.063,74.063,97.938,107.19,109.31,89.063,43.625,26.625,25.375,31.5,6.75,-19.875,-29.063
2.4458,2.4426,2.439,2.4429,2.4412,2.4404,2.44,2.4357,2.4327,2.4333,2.4421,2.4557,2.4637,2.4655,2.3298,2.1754,2.575,3.2076,3.61,3.6758,3.6254,3.5266,3.5396,3.5505,3.5125,3.496,3.4959,3.4693,3.3965,3.371,3.3656,3.3354,3.24,3.1111,2.9734
7.1744,7.1753,7.1758,7.1757,7.1758,7.177,7.1776,7.1775,7.1775,7.1777,7.1774,7.1767,7.1748,7.1734,7.1521,7.0723,6.9861,6.8125,6.4735,6.0075,5.8008,5.8094,5.9191,6,6.0741,6.1051,6.1457,6.2018,6.3635,6.4677,6.5817,6.7359,6.8381,6.9155,6.9629
6.151,6.1486,6.1469,6.1492,6.1477,6.1472,6.1432,6.1379,6.1349,6.139,6.1519,6.1685,6.1779,6.1832,6.0625,5.8642,6.3531,7.2193,7.9512,8.4422,8.652,8.6996,8.5676,8.3739,8.0075,7.7941,7.4911,7.2134,6.8616,6.7481,6.6851,6.5686,6.4401,6.3125,6.204
-0.99854,-0.99463,-0.99463,-0.99609,-0.98828,-1.001,-0.99707,-0.99902,-0.99902,-0.99365,-0.99512,-0.99561,-0.99854,-1.0059,-0.99072,-0.99902,-0.99756,-0.99219,-0.99756,-0.99512,-0.99805,-0.99561,-0.99072,-1.0098,-0.99316,-0.99414,-0.99805,-0.99023,-1.001,-0.99365,-1.0015,-0.99463,-0.98877,-0.99902,-0.99854
-0.21094,-0.20508,-0.21533,-0.21729,-0.21777,-0.20605,-0.21143,-0.2168,-0.20801,-0.21338,-0.21045,-0.21094,-0.21289,-0.20361,-0.21924,-0.20801,-0.20508,-0.20996,-0.20605,-0.21045,-0.21289,-0.21826,-0.21582,-0.21387,-0.21826,-0.20313,-0.20947,-0.2124,-0.2085,-0.20947,-0.20703,-0.21289,-0.21338,-0.21045,-0.21387
-0.032715,-0.025391,-0.024414,-0.027344,-0.037109,-0.025879,-0.030762,-0.032227,-0.025391,-0.037109,-0.026367,-0.025391,-0.029297,-0.02832,-0.038574,-0.027832,-0.024902,-0.041016,-0.033203,-0.038574,-0.02832,-0.03418,-0.033203,-0.03125,-0.03418,-0.029785,-0.034668,-0.04248,-0.029297,-0.032715,-0.024414,-0.033691,-0.029297,-0.034668,-0.038574
-7,1,3,5,2,-3,0,3,0,6,2,2,-2,2,-3,-1,1,-2,-3,-3,11,6,-5,-1,-6,1,0,0,0,2,-1,6,-18,-3,0
-4,-1,0,0,1,-1,-3,0,0,0,1,0,0,1,-3,-3,1,-2,-3,0,4,5,-2,-1,-3,1,3,-2,1,-1,0,3,-11,-1,0
-2,0,-1,2,1,-3,-1,1,0,-1,-2,-1,0,1,-2,-3,2,0,-4,1,2,1,-2,0,-2,-1,1,-3,0,0,0,-1,-6,-1,0
0,0,-1,2,3,-2,0,-2,2,-2,0,4,-2,2,0,1,0,-4,-1,2,-4,-1,-2,2,-1,-1,2,0,-1,-2,0,-6,-4,0,-1
-1,-1,0,2,-1,-3,-3,-2,-1,-2,0,-2,3,-2,0,-3,-1,1,-3,-1,-1,0,0,2,1,-1,1,-2,0,-2,-1,-2,-4,-1,-3
-1,2,-1,3,-2,-9,-4,-1,0,-3,2,-4,1,3,2,0,-2,-1,-1,-1,-2,-3,-2,0,0,-4,4,2,-2,0,0,-7,0,-2,-2
8,0,-3,8,-5,-12,-8,0,-9,-8,9,-19,8,-2,-3,3,-1,-12,4,-12,-6,-30,-5,-17,4,-3,9,10,-18,2,-5,-11,3,-8,4
-17,-2,4,6,-9,1,-2,7,1,12,4,4,-6,-5,-7,2,-2,-14,3,-7,9,13,0,-8,-5,-1,-7,-3,10,10,8,1,-16,0,-4
-0.625,0.625,0.8125,1.0625,-1.25,0,0.0625,-0.3125,-1.75,0.875,0.1875,1,-0.0625,-0.5,1.5625,0,-0.8125,0.125,0.3125,0.8125,3,2.25,0.1875,1.1875,-1.1875,-0.0625,-0.6875,0.375,1,0.5625,-0.125,-0.125,-1.0625,-1.3125,-1
-0.625,0.625,0.8125,1.0625,-1.25,0,0.0625,-0.3125,-1.75,0.875,0.1875,1,-0.0625,-0.5,1.5625,0,-0.8125,0.125,0.3125,0.8125,3,2.25,0.1875,1.1875,-1.1875,-0.0625,-0.6875,0.375,1,0.5625,-0.125,-0.125,-1.0625,-1.3125,-1
-0.625,0.625,0.8125,1.0625,-1.25,0,0.0625,-0.3125,-1.75,0.875,0.1875,1,-0.0625,-0.5,1.5625,0,-0.8125,0.125,0.3125,0.8125,3,2.25,0.1875,1.1875,-1.1875,-0.0625,-0.6875,0.375,1,0.5625,-0.125,-0.125,-1.0625,-1.3125,-1
2.4587,2.4666,2.4702,2.4734,2.4701,2.4703,2.4659,2.4684,2.465,2.4652,2.4698,2.4769,2.4798,2.4736,2.4658,2.4591,2.4547,2.4452,2.4447,2.4448,2.4483,2.4543,2.452,2.4518,2.4504,2.4546,2.4566,2.4574,2.454,2.451,2.4484,2.4506,2.4578,2.468,2.467
7.1653,7.1637,7.1632,7.1645,7.1667,7.1688,7.1695,7.1692,7.1697,7.17,7.1697,7.1695,7.1691,7.1702,7.1701,7.1705,7.1704,7.1705,7.1705,7.1711,7.1729,7.1735,7.174,7.173,7.1717,7.1714,7.17,7.1706,7.1717,7.1711,7.1712,7.1701,7.1693,7.168,7.1656
6.2416,6.248,6.2517,6.2548,6.2543,6.2551,6.2525,6.254,6.2526,6.2546,6.2589,6.2671,6.2692,6.2649,6.2565,6.2475,6.244,6.2365,6.2354,6.2352,6.2355,6.2369,6.2338,6.2323,6.2323,6.2372,6.2408,6.242,6.2374,6.2334,6.2312,6.2346,6.244,6.2571,6.2628
-1.0386,-1.1143,-0.98242,-1.0396,-1.0034,-1.1143,-0.88428,-0.74561,-0.74512,-0.80859,-0.90088,-0.97363,-0.8833,-0.84375,-0.78662,-0.82324,-0.87939,-0.89404,-0.91211,-1.0054,-1.0264,-1.1309,-0.99414,-1.0254,-1.0112,-0.99365,-1.0093,-0.99316,-0.99951,-0.99365,-1.0005,-1.0083,-0.98828,-0.99951,-1.0015
-0.41895,-0.1792,-0.35205,-0.33496,-0.40283,-0.29053,-0.37256,-0.43652,-0.63623,-0.62207,-0.59131,-0.40479,-0.43164,-0.31055,-0.39746,-0.42236,-0.39941,-0.42627,-0.40186,-0.4043,-0.35205,-0.27295,-0.22461,-0.31641,-0.21729,-0.17871,-0.21729,-0.19727,-0.18896,-0.18066,-0.22412,-0.16113,-0.22168,-0.19629,-0.19336
-0.19141,0.052246,0.16064,0.28857,0.48389,0.47754,0.27295,0.15723,0.049805,0.10791,0.35205,0.54932,0.52441,0.47803,0.35986,0.26709,0.26465,0.18164,0.22314,0.20313,0.043945,0.076172,-0.23975,-0.2002,-0.037109,0.018066,0,-0.056641,-0.029785,-0.040527,-0.094727,0.0014648,-0.024902,-0.068359,-0.059082
-18,-8,-70,-14,5,7,16,-5,0,1,-10,-12,0,-3,5,-3,-10,0,-1,0,-5,-2,2,-1,0,-12,13,-51,-3,5,3,21,5,6,-10
-21,-20,-102,-26,11,0,13,-3,-4,-12,-8,4,-20,2,6,-12,-10,1,-4,1,-4,0,-19,-10,5,-12,13,-34,-4,2,5,5,0,1,-10
4,-20,-83,0,27,0,2,-5,-1,-23,-3,12,-41,7,5,-22,-25,-1,-3,2,-6,2,-7,-9,1,-5,6,-12,-4,1,0,-1,1,-1,-5
-1,0,-83,32,71,24,-13,-7,13,-40,30,18,-72,30,12,-44,-55,0,-4,-1,-6,2,-2,-19,-2,4,3,-6,-3,-1,-5,2,-5,0,-6
9,-39,-114,6,33,14,-4,8,-12,-20,5,-3,-58,14,7,-24,-12,-1,-1,0,-5,-3,3,-9,-2,0,0,0,-1,-1,0,-1,-2,-1,-3
6,-11,-107,-3,30,14,0,0,3,-21,-3,-1,-29,3,1,-14,-8,-2,-2,3,-3,-4,-3,-8,2,-3,7,-7,-3,-3,1,3,-4,-2,-2
2,-8,-54,-10,11,6,-22,-2,1,-12,-3,-2,-15,5,-8,-11,-6,-1,-7,33,-4,10,23,16,65,-1,33,-14,-5,-22,-2,12,-34,-2,8
-2,-6,-53,-10,4,5,26,-6,7,5,-2,-18,-5,0,0,-8,-6,-2,-4,-11,-13,-1,17,7,-20,-20,7,-53,7,4,10,22,15,8,-12
28.313,-40.313,-57.75,-57.625,-91.063,-130.19,-109.25,-70.75,22.5,103.75,134.75,116.75,108.13,74.875,70.625,50.625,7.375,-3.75,-36.563,-45.188,-38.75,-46.313,-50.625,-31.688,-2.1875,-29,-4.125,5.125,-7.4375,-4.25,8.5,6.875,-8.9375,-11.125,-7.125
28.313,-40.313,-57.75,-57.625,-91.063,-130.19,-109.25,-70.75,22.5,103.75,134.75,116.75,108.13,74.875,70.625,50.625,7.375,-3.75,-36.563,-45.188,-38.75,-46.313,-50.625,-31.688,-2.1875,-29,-4.125,5.125,-7.4375,-4.25,8.5,6.875,-8.9375,-11.125,-7.125
28.313,-40.313,-57.75,-57.625,-91.063,-130.19,-109.25,-70.75,22.5,103.75,134.75,116.75,108.13,74.875,70.625,50.625,7.375,-3.75,-36.563,-45.188,-38.75,-46.313,-50.625,-31.688,-2.1875,-29,-4.125,5.125,-7.4375,-4.25,8.5,6.875,-8.9375,-11.125,-7.125
2.059,2.081,2.2005,2.6868,3.1004,3.4739,3.5737,3.5874,3.5529,3.5633,3.5863,3.5207,3.4354,3.3447,3.3192,3.3279,3.3101,3.199,2.9695,2.8709,2.7805,2.8101,2.8417,2.6886,2.5429,2.4413,2.4358,2.4481,2.4583,2.4725,2.4477,2.4413,2.4576,2.4341,2.3871
7.0249,6.9715,6.9348,6.859,6.7218,6.4061,6.1452,5.9372,5.891,5.9921,6.1046,6.2292,6.2912,6.3487,6.4252,6.5097,6.6419,6.7633,6.9009,6.9834,7.0296,7.0671,7.1073,7.1393,7.1519,7.165,7.1655,7.1664,7.1662,7.162,7.158,7.1681,7.1713,7.1681,7.1671
5.8781,5.9086,6.1347,6.7631,7.3724,8.0887,8.5055,8.7564,8.8062,8.6262,8.327,7.8044,7.4186,7.0998,6.8298,6.708,6.628,6.5024,6.3203,6.2903,6.285,6.3851,6.5412,6.4624,6.3302,6.2644,6.2794,6.2861,6.3028,6.3339,6.3086,6.2693,6.2978,6.2915,6.2612
-0.99561,-0.99756,-1.0322,-1.0801,-1.0396,-1.0059,-0.93604,-0.78906,-0.76709,-0.82227,-0.7998,-0.86621,-0.91016,-0.89014,-0.88525,-0.83691,-0.87891,-0.87354,-0.84424,-0.89697,-0.93994,-1.0928,-1.0435,-1.0283,-1.0171,-0.98242,-1.0088,-0.98291,-1.0122,-1.002,-1.001,-0.99219,-0.98926,-0.99658,-0.99463
-0.21631,-0.28662,-0.35254,-0.34717,-0.30908,-0.29492,-0.33643,-0.3877,-0.58398,-0.58545,-0.60938,-0.57275,-0.40479,-0.31445,-0.25293,-0.33838,-0.39844,-0.38037,-0.38721,-0.42725,-0.40039,-0.32129,-0.31689,-0.28711,-0.22559,-0.23047,-0.21631,-0.24658,-0.19287,-0.20215,-0.19092,-0.1875,-0.20508,-0.18506,-0.20605
0.012695,0.0625,0.16064,0.2832,0.40381,0.42871,0.31152,0.22412,0.13672,0.31445,0.33057,0.37891,0.34668,0.41992,0.4917,0.49414,0.3418,0.18652,0.26514,0.31982,0.23389,0.069824,-0.060059,-0.15869,-0.046387,-0.026855,-0.019531,-0.03418,-0.012207,-0.021973,-0.033691,-0.020996,-0.043457,-0.032227,-0.031738
-8,35,18,8,4,9,-22,14,-3,3,-3,-13,-10,6,-15,-6,-4,-2,0,-4,-1,-8,24,-14,8,9,0,-14,-20,-27,11,5,1,25,-1
24,47,21,-1,5,17,0,16,0,6,1,-29,14,8,-20,-16,-8,-1,0,-6,-2,-2,18,-15,8,12,6,-8,-5,-15,7,0,5,11,0
34,43,29,-18,21,26,7,19,6,11,6,-23,23,13,-31,-27,-23,1,0,-12,-1,-2,16,-6,9,9,6,-5,-4,-6,3,0,4,4,2
-1,10,18,-21,53,27,-9,35,33,32,22,-65,36,4,-64,-28,-48,-3,10,-27,5,-2,9,-7,4,4,9,-3,-5,-9,-3,-1,0,3,6
23,66,33,10,38,23,-3,20,-1,20,11,-55,32,17,-43,-5,-25,0,1,-12,3,1,8,3,2,4,5,-2,-4,-6,-2,-2,0,4,0
16,50,17,18,23,7,-10,13,-4,1,8,-26,16,11,-21,0,-10,1,-4,-4,-2,9,4,1,10,0,2,4,0,-17,-8,-1,-1,3,-1
9,24,5,17,-1,-1,5,1,1,-14,2,-10,17,28,-9,-18,-5,-12,5,10,9,-4,-25,6,61,41,-7,13,-7,-44,-14,-11,-9,-32,15
3,26,10,9,0,4,-43,20,-9,0,-2,-8,-2,18,-12,-6,0,-7,-3,3,2,-26,47,-31,37,-9,-9,-16,-33,-28,8,3,10,43,-6
3.5625,-32.375,-52.938,-109.25,-114.5,-117,-92.438,-81.938,-37.125,71.688,88,120,143.31,127.31,85.563,46.938,39.063,42.938,16.125,-28.25,-49,-51.25,-43.563,-48.563,-60.063,-9.625,-0.9375,-3.0625,1.875,-2.625,-1.0625,-2.75,-0.1875,0,-3.75
3.5625,-32.375,-52.938,-109.25,-114.5,-117,-92.438,-81.938,-37.125,71.688,88,120,143.31,127.31,85.563,46.938,39.063,42.938,16.125,-28.25,-49,-51.25,-43.563,-48.563,-60.063,-9.625,-0.9375,-3.0625,1.875,-2.625,-1.0625,-2.75,-0.1875,0,-3.75
3.5625,-32.375,-52.938,-109.25,-114.5,-117,-92.438,-81.938,-37.125,71.688,88,120,143.31,127.31,85.563,46.938,39.063,42.938,16.125,-28.25,-49,-51.25,-43.563,-48.563,-60.063,-9.625,-0.9375,-3.0625,1.875,-2.625,-1.0625,-2.75,-0.1875,0,-3.75
2.0211,2.1806,2.4454,2.9186,3.2819,3.5282,3.6145,3.6303,3.5488,3.5455,3.5567,3.5589,3.5372,3.4811,3.3769,3.2782,3.2651,3.2817,3.2776,3.1004,2.9905,2.929,2.8834,2.798,2.6813,2.5722,2.5588,2.5275,2.5092,2.4958,2.4749,2.4681,2.4624,2.4451,2.3825
6.9915,6.966,6.9401,6.8635,6.7067,6.4684,6.2365,6.061,6.0035,6.0956,6.1633,6.2106,6.278,6.3411,6.4246,6.5052,6.5965,6.684,6.7804,6.913,6.9648,7.0076,7.0396,7.0575,7.0984,7.1295,7.1443,7.1697,7.1755,7.1758,7.1745,7.1734,7.1723,7.1743,7.1745
5.9174,6.1174,6.471,7.181,7.7889,8.3065,8.6461,8.8744,8.992,8.8954,8.7172,8.4648,8.0021,7.6159,7.2526,7.0015,6.8527,6.7925,6.7298,6.5541,6.5031,6.5646,6.5967,6.5851,6.5705,6.5286,6.5173,6.4966,6.4675,6.46,6.441,6.4378,6.4408,6.421,6.3683
-0.99658,-0.9917,-1.0083,-0.99463,-1.0117,-0.99512,-1.0005,-0.99414,-1.0747,-1.0396,-1.0933,-1.1104,-0.95752,-0.90479,-0.77539,-0.72461,-0.80518,-0.87256,-0.91553,-0.92773,-0.87793,-0.87012,-0.86523,-0.87744,-0.91162,-0.96484,-0.98242,-1.083,-1.084,-1.0215,-1.0151,-1.0093,-1.0151,-0.99414,-0.99463
-0.20459,-0.20703,-0.19531,-0.20117,-0.20459,-0.19727,-0.2168,-0.32715,-0.29639,-0.40527,-0.38672,-0.20752,-0.19922,-0.28125,-0.31152,-0.64111,-0.58496,-0.6001,-0.5332,-0.35449,-0.29053,-0.25195,-0.27686,-0.30859,-0.34326,-0.38281,-0.43066,-0.36572,-0.23242,-0.20752,-0.19336,-0.23828,-0.20166,-0.19141,-0.22168
-0.03125,-0.03125,-0.040039,-0.021973,-0.035645,-0.024902,-0.017578,-0.20068,-0.041016,0.21875,0.24902,0.50732,0.57959,0.27979,0.12793,0.099121,0.31689,0.43945,0.37891,0.40723,0.42383,0.43848,0.35693,0.24121,0.27637,0.29004,0.26611,0.11523,0.058594,-0.050293,-0.18799,-0.16846,0.023438,0.0097656,-0.018066
10,2,-1,4,0,3,10,7,37,8,-53,9,3,4,0,-3,0,-4,3,4,18,3,-3,0,0,5,8,1,-2,2,17,5,-29,-27,-9
6,0,2,1,-2,2,1,13,16,-12,-51,5,3,2,2,-3,-2,-5,4,0,22,-1,-7,-1,1,10,16,4,-2,-2,6,2,-19,-9,-9
4,-1,0,0,-4,2,-3,7,-11,-66,-55,5,-4,-6,-6,-1,-18,7,5,22,36,0,-2,-3,2,30,27,2,-2,-2,1,-1,-7,-4,-3
4,3,2,0,-1,0,8,43,-50,-55,-43,-5,-25,-12,-25,9,-59,50,0,60,60,-4,7,2,4,63,19,-5,-3,8,-9,-4,-2,0,-3
3,-2,-2,0,-1,-2,18,10,4,-21,-41,-2,-8,2,-12,-5,-16,16,22,25,43,1,-14,-1,0,28,15,-8,-1,0,-3,-3,3,-4,-2
4,-3,-1,-2,3,-1,4,-4,4,-25,-35,11,-3,3,-2,-5,1,7,9,6,19,2,-11,0,1,13,10,-4,0,7,-6,3,4,-6,-6
16,-17,1,1,4,-7,2,-7,6,1,-16,2,-16,2,-1,-9,27,-3,-6,-1,7,2,-5,2,0,9,13,2,-1,17,-16,14,48,-13,10
5,9,-4,5,2,2,2,-3,11,1,-25,5,3,3,0,-3,1,-4,-1,-2,12,0,-5,-2,1,7,7,2,-4,-3,40,5,-38,-44,0
-0.5625,-0.625,1.6875,4.625,0.375,1.9375,-2.8125,-12.688,-22.813,-50.313,-39.625,-75.125,-127.13,-93.875,-103.06,-33.188,77.063,94.188,118.69,149.69,125.88,68.563,32.563,28.938,33.938,8.5625,-21.438,-42.313,-44.75,-62.625,-74.25,-50.688,9.5,7.25,-9.9375
-0.5625,-0.625,1.6875,4.625,0.375,1.9375,-2.8125,-12.688,-22.813,-50.313,-39.625,-75.125,-127.13,-93.875,-103.06,-33.188,77.063,94.188,118.69,149.69,125.88,68.563,32.563,28.938,33.938,8.5625,-21.438,-42.313,-44.75,-62.625,-74.25,-50.688,9.5,7.25,-9.9375
-0.5625,-0.625,1.6875,4.625,0.375,1.9375,-2.8125,-12.688,-22.813,-50.313,-39.625,-75.125,-127.13,-93.875,-103.06,-33.188,77.063,94.188,118.69,149.69,125.88,68.563,32.563,28.938,33.938,8.5625,-21.438,-42.313,-44.75,-62.625,-74.25,-50.688,9.5,7.25,-9.9375
2.5036,2.5107,2.5142,2.5164,2.4892,2.444,2.3795,2.2304,2.0975,2.3395,2.4636,3.2401,3.6654,3.7165,3.6614,3.5416,3.5926,3.618,3.6033,3.5823,3.5055,3.4023,3.3318,3.2743,3.2341,3.1216,2.9993,2.8682,2.8092,2.8208,2.8062,2.6865,2.6308,2.6651,2.6772
7.1889,7.1893,7.1901,7.1909,7.1931,7.1959,7.1976,7.1764,7.1209,7.0158,6.9891,6.7622,6.3534,6.0654,5.9076,5.919,6.0519,6.1821,6.2591,6.3398,6.4386,6.5001,6.5713,6.6792,6.8014,6.9751,7.043,7.0833,7.0996,7.1068,7.1073,7.1319,7.1549,7.1701,7.1773
6.593,6.6017,6.6049,6.6013,6.5699,6.5223,6.4585,6.3239,6.2072,6.5876,6.738,7.7399,8.5531,8.8799,9.0884,9.1367,9.0046,8.7559,8.4696,8.1143,7.5982,7.2896,7.1022,6.9721,6.8562,6.6708,6.5526,6.4829,6.4922,6.64,6.7534,6.7424,6.7072,6.7228,6.7451
-1.0181,-0.99805,-1,-1.0044,-0.99805,-1.0088,-0.99316,-0.95996,-1.0386,-1.0518,-1.1528,-1.146,-1.04,-0.92334,-0.90283,-0.84961,-0.73828,-0.86035,-0.8916,-0.93164,-0.91699,-0.92188,-0.8877,-0.83545,-0.81543,-0.87354,-0.87451,-0.94092,-1.0103,-1.0674,-1.0815,-1.0103,-1.0283,-0.97559,-1.0127
-0.20068,-0.20068,-0.19873,-0.18115,-0.19141,-0.19189,-0.19922,-0.28564,-0.34033,-0.29736,-0.39404,-0.43213,-0.14941,-0.096191,-0.28467,-0.39307,-0.67578,-0.66211,-0.62207,-0.52881,-0.38867,-0.31104,-0.35596,-0.34912,-0.39258,-0.41309,-0.41553,-0.39502,-0.33008,-0.24414,-0.16064,-0.25049,-0.20117,-0.24609,-0.15234
-0.018066,-0.013184,-0.014648,-0.023926,-0.026367,-0.029297,-0.037109,-0.069336,-0.22412,0.069824,0.2207,0.42334,0.66455,0.62939,0.33252,0.020508,0.12939,0.25,0.34375,0.46094,0.41406,0.42676,0.47266,0.43604,0.28027,0.14551,0.23145,0.22119,0.15234,0.20508,-0.16943,-0.42578,-0.020508,0.070313,0.012695
12,7,3,2,-12,-9,-9,6,-19,16,-35,-6,-12,0,3,6,1,-7,14,-7,3,-6,3,-9,-1,1,5,-4,-3,-8,-22,-2,0,28,-13
12,1,-1,0,-7,-3,-6,6,-3,9,-48,-19,-11,-4,0,9,-3,-8,25,-13,2,-1,0,-8,-4,3,9,-7,-7,2,-16,-10,-1,6,-13
3,2,-4,-2,-3,-1,-2,-7,14,-16,-77,14,-1,-5,-1,-5,-14,-20,37,-22,3,-4,3,-13,-9,3,19,-6,-7,8,-10,-9,-1,1,-5
-1,3,-12,-1,-2,-2,1,14,-5,-49,-81,93,31,-4,2,-42,-50,-36,48,-49,22,-14,5,-27,-15,4,34,-4,-5,8,-2,3,3,-4,1
-1,1,-7,-1,-2,-3,-1,3,1,21,-68,34,-20,-3,5,7,-17,-12,25,-17,16,2,-6,-11,-10,-1,13,0,-3,2,-6,-10,0,-2,0
0,1,-3,-2,-4,-2,-2,1,-6,31,-46,1,-22,9,5,6,1,2,14,-7,4,4,2,-5,-4,-1,6,-1,-1,-2,-9,-13,-9,-6,-21
2,3,0,0,-9,0,-3,-2,4,8,-18,3,-10,4,3,-6,5,16,23,-7,3,-4,3,-7,1,2,2,-18,4,-12,-24,-17,-24,-8,-102
9,8,12,3,-20,-8,-7,4,-6,7,-21,0,-9,6,2,12,-1,2,13,-6,1,-4,2,-5,0,1,1,-7,-3,-42,-40,-6,-2,33,10
1.6875,4.75,-2.4375,0.0625,-3.375,-2.9375,0.8125,-8.6875,-29.438,-23.813,3.5625,-65.688,-114.5,-159.13,-99.375,-96.563,4.6875,76.813,93.375,129.88,125.5,96.438,93.188,74.5,53.063,31.563,-15.563,-54,-70.625,-82.438,-88.375,-94.938,19.25,-5.8125,34.75
1.6875,4.75,-2.4375,0.0625,-3.375,-2.9375,0.8125,-8.6875,-29.438,-23.813,3.5625,-65.688,-114.5,-159.13,-99.375,-96.563,4.6875,76.813,93.375,129.88,125.5,96.438,93.188,74.5,53.063,31.563,-15.563,-54,-70.625,-82.438,-88.375,-94.938,19.25,-5.8125,34.75
1.6875,4.75,-2.4375,0.0625,-3.375,-2.9375,0.8125,-8.6875,-29.438,-23.813,3.5625,-65.688,-114.5,-159.13,-99.375,-96.563,4.6875,76.813,93.375,129.88,125.5,96.438,93.188,74.5,53.063,31.563,-15.563,-54,-70.625,-82.438,-88.375,-94.938,19.25,-5.8125,34.75
2.5032,2.494,2.4919,2.499,2.5068,2.5118,2.5103,2.4348,2.1812,2.0571,2.3178,2.9683,3.4636,3.6455,3.7062,3.652,3.5458,3.5543,3.5607,3.5182,3.4033,3.2699,3.1847,3.1209,3.2032,3.2219,3.1823,2.9197,2.8276,2.8468,2.9083,2.8139,2.5067,2.4623,2.5471
7.1996,7.1985,7.1987,7.1985,7.2005,7.2011,7.2024,7.196,7.1527,7.074,7.0031,6.8838,6.6631,6.4582,6.0687,5.8884,5.9413,6.0383,6.1519,6.2205,6.2862,6.337,6.3674,6.4151,6.5335,6.6491,6.7841,6.945,7.0212,7.0582,7.1093,7.1419,7.1525,7.1608,7.1583
6.6236,6.607,6.6063,6.6145,6.6273,6.6376,6.6392,6.568,6.3458,6.2859,6.5493,7.3169,8.0269,8.4389,8.9193,9.1928,9.2044,9.0682,8.7686,8.4165,7.856,7.4254,7.1686,6.8952,6.7619,6.7074,6.663,6.4859,6.5175,6.6746,6.9298,6.9497,6.6967,6.6655,6.7015
