-0.771,-0.77002,-0.77197,-0.75586,-0.73633,-0.81104,-1.0444,-0.99609,-1.0708,-0.99902,-1.0278,-1.043,-1.0347,-0.99854,-1.0313,-1.0161,-1.0078,-1.0234,-0.99121,-0.99707,-1.001,-1.0151,-1.0078,-1.0005,-1.0117,-0.9751,-1.0161,-1.0005,-1.0127,-0.98926,-1.0151,-1.0073,-0.99023,-0.98779,-1.0112
-0.51611,-0.53467,-0.52246,-0.41211,-0.3374,-0.36865,-0.20313,-0.1665,-0.22998,-0.23828,-0.25195,-0.2002,-0.22217,-0.16162,-0.19043,-0.18848,-0.17383,-0.15625,-0.14551,-0.14941,-0.15967,-0.17529,-0.16113,-0.16357,-0.16357,-0.17578,-0.18213,-0.1665,-0.16797,-0.17578,-0.1626,-0.19189,-0.18701,-0.19873,-0.19629
0.4751,0.47266,0.45459,0.41553,0.26416,0.38379,0.48975,0.58008,0.43896,0.21045,0.090332,-0.060547,0.032715,0.0078125,0.020508,-0.020996,-0.05127,-0.061523,-0.039551,-0.04834,-0.018066,-0.069824,-0.030273,-0.037109,-0.030762,-0.064453,-0.022461,-0.037109,-0.040527,-0.044434,-0.0097656,-0.030762,-0.042969,-0.039551,-0.036133
5,5,-5,-5,3,-12,2,-12,5,4,1,10,10,-5,-1,5,0,-23,5,2,17,-9,38,0,11,-3,-3,-13,-9,2,-12,24,9,0,-24
5,-4,0,-1,1,-18,-7,-10,6,8,-5,-15,14,-4,0,9,3,-9,1,-1,11,-4,10,-1,3,-6,-4,-6,-3,1,-7,12,1,4,-10
-31,-17,1,5,1,-16,-3,-9,5,13,-1,-13,3,-5,1,5,4,-7,-1,-1,2,-1,1,-3,0,-3,-1,-3,-3,0,-6,4,1,1,-3
-44,-17,-5,3,1,-5,24,-24,2,11,18,-6,-2,-4,-3,5,1,-3,1,1,0,-1,-4,0,4,3,-2,-3,-5,-2,-3,1,-3,-4,-1
-14,2,-10,5,-1,-16,-1,-23,5,10,0,-4,-2,-1,-4,1,3,-4,-2,2,-1,-1,-1,-2,1,1,0,-5,-5,1,-3,0,0,-1,-3
-4,-3,-7,0,3,-10,-3,-10,5,2,4,0,-5,2,-5,6,6,-7,-3,6,1,-4,-5,-2,-3,0,4,-6,-2,-3,-3,4,1,0,-1
6,-3,-38,22,-16,-7,-6,11,-1,-28,46,44,14,11,-22,39,36,3,-17,9,-1,-5,-55,0,-6,-4,11,-27,11,-16,-7,15,6,11,3
4,4,-17,-14,15,-3,-2,-7,1,2,5,3,8,-8,6,-14,-15,-30,0,0,19,-18,44,-1,18,-1,0,-14,-7,11,-14,12,11,-3,-25
-8.5625,0.9375,14.375,52.938,120,138.75,138.44,63.25,66.875,29.75,1.8125,-7.0625,-2.5,68.188,-10.125,4,-12.625,-8,0,-2.0625,-3.1875,-1.125,-0.0625,-1.875,1,-2.125,-6.125,4.0625,-1.1875,1.25,-1.0625,-5.8125,-7.625,5.375,-0.9375
-8.5625,0.9375,14.375,52.938,120,138.75,138.44,63.25,66.875,29.75,1.8125,-7.0625,-2.5,68.188,-10.125,4,-12.625,-8,0,-2.0625,-3.1875,-1.125,-0.0625,-1.875,1,-2.125,-6.125,4.0625,-1.1875,1.25,-1.0625,-5.8125,-7.625,5.375,-0.9375
-8.5625,0.9375,14.375,52.938,120,138.75,138.44,63.25,66.875,29.75,1.8125,-7.0625,-2.5,68.188,-10.125,4,-12.625,-8,0,-2.0625,-3.1875,-1.125,-0.0625,-1.875,1,-2.125,-6.125,4.0625,-1.1875,1.25,-1.0625,-5.8125,-7.625,5.375,-0.9375
3.5634,3.5787,3.6084,3.708,3.8688,3.9965,4.0425,3.871,3.5335,3.3763,3.1533,2.9332,2.7344,2.494,2.3605,2.3432,2.3668,2.3825,2.3998,2.4005,2.4219,2.4268,2.4116,2.4232,2.4245,2.4167,2.3893,2.3949,2.3799,2.3681,2.3562,2.3496,2.352,2.3643,2.3882
6.2247,6.2427,6.2441,6.2317,6.2636,6.3826,6.6561,6.8399,7.0056,7.0834,7.1049,7.1482,7.2087,7.245,7.2714,7.2749,7.2743,7.2613,7.2588,7.2597,7.2632,7.2607,7.2562,7.2546,7.2511,7.2452,7.2345,7.228,7.2245,7.2236,7.2263,7.2288,7.232,7.2284,7.2229
0.91563,0.93244,0.952,0.98294,0.9772,0.85208,0.47544,0.10038,9.5804,9.3373,9.0954,8.8855,8.6991,8.3329,8.1694,8.156,8.1943,8.2372,8.2573,8.2592,8.2904,8.2935,8.2798,8.2947,8.2965,8.2902,8.2724,8.2776,8.2624,8.2525,8.2382,8.2388,8.2549,8.2672,8.2845
-1.0068,-1.0039,-1.0049,-1.0034,-0.99316,-1.0161,-1.0068,-0.99365,-0.99561,-1.0088,-1.0181,-0.98926,-1.0225,-1.002,-0.99854,-1.0024,-0.99805,-0.98242,-0.9707,-1.0293,-1.0576,-1.0405,-1.0205,-1.0342,-1.0371,-1.061,-1.0405,-1.0132,-0.94238,-0.89746,-0.84277,-0.79541,-0.74854,-0.72314,-0.7373
-0.17432,-0.16943,-0.17334,-0.17871,-0.16699,-0.18994,-0.19287,-0.17041,-0.18408,-0.18994,-0.1748,-0.18506,-0.18604,-0.17676,-0.19482,-0.16992,-0.20801,-0.22705,-0.30664,-0.2583,-0.19141,-0.18262,-0.24561,-0.26953,-0.28467,-0.39404,-0.31592,-0.2334,-0.24951,-0.27051,-0.3418,-0.36768,-0.42773,-0.48389,-0.55469
-0.030273,-0.027832,-0.030762,-0.039551,-0.030762,-0.027832,-0.020996,-0.0063477,-0.016602,-0.021973,-0.00048828,-0.018555,-0.019531,-0.050293,-0.025391,-0.02002,-0.041016,-0.11816,-0.16992,-0.075684,0.04248,0.071777,0.16016,0.19189,0.25879,0.28906,0.35791,0.42822,0.42285,0.49414,0.44482,0.41943,0.33545,0.37256,0.38525
1,-5,-1,1,1,0,15,-12,-2,0,-2,-12,8,4,-1,-4,-3,6,10,13,-13,-9,7,-15,-60,32,-20,3,11,-6,9,11,4,-14,-4
0,-6,-5,2,-15,2,7,-1,-1,-4,-2,-11,7,5,-2,-2,0,3,17,7,-22,-12,10,-13,-9,-3,-13,-15,26,-13,16,11,0,-27,-9
-2,-4,-1,0,-9,1,1,-1,1,-6,-1,-3,2,3,1,1,3,4,18,7,-21,-12,7,-5,-5,0,-28,-40,40,-14,27,21,-9,-40,-15
-3,-1,-1,0,-7,2,-2,2,0,-6,-1,1,2,2,6,-3,0,8,15,13,-100,61,19,-15,6,9,-31,-55,53,-8,46,21,-19,-60,-19
-3,1,-2,0,-5,1,-2,0,1,-5,-1,1,1,0,2,2,3,16,22,27,-50,-6,11,-24,-5,12,-21,-16,48,-9,29,16,-22,-52,-11
-3,-1,-1,-1,0,1,-5,-1,2,-5,2,-3,6,1,-10,0,4,6,11,19,-29,-8,8,-19,-3,-1,-1,-4,19,-2,16,-1,-16,-24,-6
-5,-2,1,1,0,1,-2,-4,8,-8,3,-4,13,1,-29,-2,1,2,2,7,-13,-5,0,-12,6,-10,-3,-10,10,-6,10,-8,-7,-12,-4
4,-2,0,-4,4,0,12,-14,3,-13,6,-6,17,5,-11,-6,-5,6,9,5,-12,-10,4,-11,-11,-2,-4,-5,9,-6,6,4,-1,-13,-4
2.8125,1.375,-0.4375,3,3.125,3.875,8.75,4.875,3,3.25,2.875,2.125,-0.375,-5.8125,-1.1875,4.5,3.4375,5.125,-2.25,3.75,-5.4375,-13.75,-38,-45,-59.625,-56.813,-56.125,-88.75,-127.19,-134.56,-110.38,-102.19,-98.938,-64.813,-41.313
2.8125,1.375,-0.4375,3,3.125,3.875,8.75,4.875,3,3.25,2.875,2.125,-0.375,-5.8125,-1.1875,4.5,3.4375,5.125,-2.25,3.75,-5.4375,-13.75,-38,-45,-59.625,-56.813,-56.125,-88.75,-127.19,-134.56,-110.38,-102.19,-98.938,-64.813,-41.313
2.8125,1.375,-0.4375,3,3.125,3.875,8.75,4.875,3,3.25,2.875,2.125,-0.375,-5.8125,-1.1875,4.5,3.4375,5.125,-2.25,3.75,-5.4375,-13.75,-38,-45,-59.625,-56.813,-56.125,-88.75,-127.19,-134.56,-110.38,-102.19,-98.938,-64.813,-41.313
2.5182,2.5203,2.5173,2.5119,2.5041,2.4923,2.4876,2.4876,2.4899,2.4925,2.5083,2.5152,2.4879,2.4606,2.4444,2.4478,2.4518,2.4222,2.324,2.2977,2.3308,2.3805,2.663,2.9168,3.2784,3.4655,3.6172,3.7293,3.77,3.7731,3.7727,3.7649,3.6728,3.6181,3.576
7.2261,7.2256,7.226,7.224,7.225,7.2235,7.2222,7.2234,7.222,7.2217,7.2221,7.2231,7.2213,7.2224,7.2173,7.2163,7.212,7.1985,7.1785,7.1493,7.1299,7.1225,7.0925,7.0569,6.9641,6.8801,6.7746,6.6563,6.5267,6.4603,6.2681,6.207,6.0786,6.0895,6.1235
8.4488,8.4483,8.4478,8.439,8.429,8.4133,8.3993,8.3891,8.3882,8.389,8.4018,8.4066,8.3768,8.3565,8.3411,8.342,8.3427,8.3051,8.2113,8.1791,8.2167,8.2754,8.6208,8.9311,9.4039,9.6723,9.9045,0.13226,0.33332,0.42898,0.69367,0.76303,0.96621,1.0134,1.0322
-1.0405,-1.0117,-1.0811,-1.0254,-1.0254,-0.98145,-0.90137,-0.86572,-0.78613,-0.7373,-0.73438,-0.72412,-0.73682,-0.76611,-0.76172,-0.76318,-0.76025,-0.76025,-0.75928,-0.76514,-0.76953,-0.75049,-0.73877,-0.8042,-0.89844,-0.99902,-1.022,-0.96533,-0.93506,-1.0952,-1.0215,-1.0322,-1.0054,-0.98047,-1.0098
-0.28027,-0.28955,-0.26416,-0.26123,-0.26123,-0.21289,-0.26416,-0.28662,-0.37109,-0.42725,-0.50928,-0.50293,-0.59277,-0.58398,-0.54443,-0.54736,-0.53809,-0.53223,-0.51221,-0.521,-0.50488,-0.48096,-0.47217,-0.34619,-0.31055,-0.20361,-0.20801,-0.2085,-0.35938,-0.2417,-0.26416,-0.25977,-0.22119,-0.18799,-0.21143
0.24365,0.29004,0.35254,0.43262,0.43262,0.44775,0.39453,0.37842,0.25928,0.33301,0.26318,0.34033,0.39746,0.42188,0.53662,0.49756,0.48584,0.47217,0.46387,0.46582,0.47852,0.45508,0.44531,0.30127,0.33154,0.40039,0.40332,0.39941,0.27637,0.08252,-0.13818,-0.037598,0.035645,-0.012695,-0.050293
14,10,16,2,2,14,-4,5,-16,-2,-9,-2,-3,2,11,-13,2,5,-1,-4,3,3,2,-1,-2,3,-2,-8,-6,3,4,-1,13,9,-15
18,13,18,-6,-6,17,-1,16,-10,7,-12,0,-1,5,16,-29,5,2,-8,-3,-1,-1,4,0,-5,5,-4,-7,2,0,-6,4,-1,2,1
21,14,-1,-39,-39,17,-13,26,-13,24,-22,-13,12,13,31,-33,-9,11,-14,2,0,0,17,-2,-9,10,-5,-8,8,-2,-4,-1,-4,1,3
51,-9,-13,-64,-64,-22,-46,1,-18,37,-36,-63,22,-9,27,-8,-12,63,-21,-20,-19,-5,59,-18,-18,6,-5,-4,9,1,-1,-4,-5,-6,0
22,23,-5,-11,-11,21,0,19,-9,13,-33,-13,3,-3,25,-33,-5,18,-15,-16,-2,-2,18,-2,-11,5,-1,-2,-1,-4,6,-3,-2,0,-1
17,22,10,-13,-13,11,1,6,-3,8,-21,-11,-9,3,13,-16,-5,5,-5,-4,-3,3,7,-2,-6,3,0,0,-1,14,-2,-1,1,0,-6
3,16,15,-10,-10,8,-4,10,33,13,3,-5,-4,12,7,-14,6,2,1,-2,-6,6,-11,0,-2,1,1,46,-2,59,13,1,3,-3,-18
3,12,9,0,0,7,1,3,-14,7,-5,-4,2,5,6,-10,1,0,0,-5,2,7,3,1,-5,3,-2,-10,-7,9,6,-4,14,5,-12
-66.625,-93.188,-110.81,-131.88,-131.88,-125.75,-123.56,-113.44,-104.31,-111.44,-58.125,-34.313,10.875,19.438,10.188,5.125,3.3125,4.5625,5.5,7.375,15.25,37.688,82.188,125.5,120.31,125.81,110.06,78.563,61.688,46.938,16.5,2.875,14,6.3125,-8.75
-66.625,-93.188,-110.81,-131.88,-131.88,-125.75,-123.56,-113.44,-104.31,-111.44,-58.125,-34.313,10.875,19.438,10.188,5.125,3.3125,4.5625,5.5,7.375,15.25,37.688,82.188,125.5,120.31,125.81,110.06,78.563,61.688,46.938,16.5,2.875,14,6.3125,-8.75
-66.625,-93.188,-110.81,-131.88,-131.88,-125.75,-123.56,-113.44,-104.31,-111.44,-58.125,-34.313,10.875,19.438,10.188,5.125,3.3125,4.5625,5.5,7.375,15.25,37.688,82.188,125.5,120.31,125.81,110.06,78.563,61.688,46.938,16.5,2.875,14,6.3125,-8.75
2.6824,2.9846,3.2576,3.5351,3.5351,3.6328,3.6842,3.6873,3.6615,3.5974,3.5357,3.4922,3.485,3.4935,3.5193,3.5425,3.549,3.5651,3.576,3.584,3.6132,3.6708,3.782,3.9778,4.0058,3.9773,3.7772,3.5364,3.2558,3.0647,2.7713,2.4822,2.2315,2.1433,2.0579
7.0644,7.001,6.9043,6.7027,6.7027,6.5421,6.3791,6.2383,6.1294,6.0572,6.0572,6.0964,6.1668,6.184,6.2072,6.2213,6.2228,6.2286,6.2337,6.2362,6.2421,6.2452,6.2428,6.315,6.5121,6.6277,6.8424,6.9648,7.0542,7.0924,7.1301,7.1658,7.1815,7.2029,7.2207
8.8029,9.2162,9.6312,0.16913,0.16913,0.44645,0.6807,0.85816,0.99971,1.0985,1.1415,1.141,1.1502,1.1469,1.155,1.1664,1.1708,1.1797,1.1839,1.1877,1.1995,1.2089,1.2115,1.1312,0.84156,0.64263,0.13424,9.7139,9.2658,8.9621,8.6251,8.3183,8.0485,7.9363,7.8607
-0.76025,-0.77637,-0.74463,-0.74512,-0.76807,-0.77881,-0.76367,-0.73877,-0.73047,-0.72314,-0.75977,-0.8418,-0.92236,-0.98047,-0.98486,-0.95313,-1.0698,-0.99219,-1.0054,-0.97266,-1.0479,-1.0278,-1.0029,-0.98877,-1.0039,-0.99561,-1.0103,-1.0103,-0.99951,-1.0078,-0.9917,-0.99316,-0.99707,-0.99707,-1.0024
-0.56934,-0.57324,-0.54053,-0.53369,-0.53271,-0.52295,-0.50439,-0.49365,-0.4834,-0.46973,-0.33154,-0.35303,-0.35498,-0.29199,-0.26514,-0.29688,-0.27002,-0.2334,-0.18359,-0.30225,-0.2583,-0.30371,-0.37207,-0.29102,-0.2417,-0.24854,-0.22803,-0.22803,-0.23926,-0.17725,-0.22705,-0.24512,-0.23242,-0.23242,-0.18652
0.52832,0.4873,0.48242,0.4668,0.44873,0.46924,0.46484,0.48047,0.46191,0.38721,0.34277,0.27881,0.375,0.48145,0.48584,0.41406,0.37646,0.30469,0.31494,0.18701,0.2583,0.25439,0.04834,-0.03418,-0.077637,-0.031738,0.04834,0.04834,0.045898,0.014648,-0.0053711,-0.026367,-0.047852,-0.047852,-0.038574
8,4,13,-8,-2,6,1,-1,0,3,-3,-2,-8,10,1,8,-1,-3,4,-1,3,1,-6,10,4,-12,-11,3,18,8,-14,3,-11,-7,-8
22,-4,5,-14,-35,4,0,-5,-1,4,1,-7,-17,7,5,6,0,-2,5,3,-1,0,-5,8,-1,-35,-14,0,6,-7,-4,2,-11,-7,0
34,3,-7,-26,-56,6,11,-10,-1,4,6,-13,-16,13,5,6,0,-2,7,4,-2,-3,-5,4,-2,-20,-8,3,-2,-5,-3,2,-6,-5,2
39,35,-27,-50,-32,19,36,-33,-1,6,19,-19,0,29,-1,8,-6,-3,-2,10,1,6,-8,3,-2,-15,-5,2,-6,-2,0,-2,1,1,-2
28,22,0,-14,-29,14,6,-12,-4,7,4,-15,-12,12,-1,7,3,-4,5,3,-2,-1,-5,1,1,-10,-2,3,-6,2,0,1,0,-1,-2
11,10,4,-1,-17,6,-1,-4,-3,5,0,-10,-7,2,4,6,-1,-2,7,2,-2,-4,-5,5,1,-13,3,10,-5,7,-4,-2,2,-1,-6
8,21,4,-16,-9,2,-1,5,-1,7,9,-4,-3,1,1,-36,-2,8,4,0,-1,-6,-15,11,2,-54,24,51,-9,42,-11,-9,32,0,-7
8,5,5,-9,-6,0,-1,8,1,2,-5,-3,-7,4,2,15,-1,-7,7,-3,2,0,-15,8,0,18,-20,-8,20,0,-27,11,-25,-7,-12
3.9375,7.375,7.5625,2.5625,1.1875,10.688,20.813,50.813,63.125,128.5,134.56,117.38,114.06,111.81,99.438,105.19,105,78.188,58,29.625,24.875,32.5,54.063,55.313,-1,-16.438,-21.313,-21.313,5.1875,-0.4375,-13.438,-14.313,-6.875,-6.875,-6.1875
3.9375,7.375,7.5625,2.5625,1.1875,10.688,20.813,50.813,63.125,128.5,134.56,117.38,114.06,111.81,99.438,105.19,105,78.188,58,29.625,24.875,32.5,54.063,55.313,-1,-16.438,-21.313,-21.313,5.1875,-0.4375,-13.438,-14.313,-6.875,-6.875,-6.1875
3.9375,7.375,7.5625,2.5625,1.1875,10.688,20.813,50.813,63.125,128.5,134.56,117.38,114.06,111.81,99.438,105.19,105,78.188,58,29.625,24.875,32.5,54.063,55.313,-1,-16.438,-21.313,-21.313,5.1875,-0.4375,-13.438,-14.313,-6.875,-6.875,-6.1875
3.4903,3.4949,3.5106,3.5219,3.5249,3.5511,3.5846,3.6744,3.715,3.883,3.9825,4.0036,3.9989,3.9759,3.8767,3.8246,3.6412,3.5053,3.4377,3.2218,3.1179,3.09,3.0165,2.981,2.8087,2.7323,2.5376,2.5376,2.4292,2.4232,2.4402,2.4506,2.4896,2.4896,2.5247
6.2226,6.2301,6.2423,6.2474,6.2495,6.252,6.2504,6.2393,6.2394,6.2455,6.2978,6.3342,6.4616,6.5625,6.7105,6.7542,6.869,6.9218,6.9486,7.0061,7.036,7.0497,7.0655,7.0881,7.1262,7.1347,7.1589,7.1589,7.1886,7.2233,7.2396,7.2454,7.2552,7.2552,7.2518
1.2338,1.232,1.2257,1.2313,1.233,1.248,1.263,1.2943,1.3022,1.2966,1.2257,1.1667,0.93248,0.74353,0.41748,0.29247,9.892,9.6404,9.5314,9.2386,9.0981,9.049,8.8916,8.7906,8.5832,8.5145,8.3521,8.3521,8.2569,8.237,8.2645,8.2838,8.34,8.34,8.3991
-0.99365,-1.0171,-1.0342,-1.0479,-1.0405,-1.0073,-1.104,-1.0249,-1.0586,-1.0723,-1.0063,-0.96729,-0.82471,-0.76367,-0.71631,-0.70654,-0.70264,-0.74463,-0.79004,-0.77539,-0.74951,-0.75781,-0.76611,-0.76514,-0.77881,-0.77881,-0.77344,-0.79053,-0.78027,-0.77197,-0.76758,-0.76465,-0.71289,-0.69043,-0.79248
-0.2334,-0.25439,-0.23828,-0.22803,-0.22754,-0.33789,-0.30322,-0.24365,-0.24561,-0.25928,-0.24658,-0.25342,-0.26855,-0.37598,-0.48096,-0.49805,-0.5415,-0.54492,-0.57764,-0.58838,-0.54932,-0.52441,-0.50049,-0.50781,-0.50244,-0.52197,-0.51074,-0.52197,-0.50781,-0.47754,-0.48682,-0.45215,-0.44287,-0.39258,-0.27832
-0.15039,-0.092285,-0.061035,0.030273,0.10498,0.11035,0.26465,0.34131,0.43457,0.44043,0.41211,0.38135,0.29541,0.24707,0.26123,0.24902,0.41553,0.44287,0.53223,0.51514,0.49854,0.48584,0.45947,0.47412,0.46191,0.47314,0.46631,0.4834,0.49268,0.50293,0.46777,0.45264,0.39063,0.31885,0.29395
10,6,-6,21,6,-34,28,25,9,0,14,14,22,-5,-4,-7,-3,-15,-29,-2,-12,-13,-9,-1,1,-6,3,-4,1,2,-1,-5,0,-5,4
8,3,1,7,28,2,11,34,28,-15,-18,18,0,9,-16,-9,3,-5,21,-11,-3,11,-17,14,6,5,8,-7,-3,3,-4,-5,1,-9,0
4,-1,5,-3,11,44,4,29,37,-31,-28,33,-20,2,-24,-30,20,9,38,-23,12,35,-35,32,13,15,24,-12,-6,-1,-10,-6,0,-18,2
11,-10,-12,-37,31,70,30,-7,64,-7,-11,53,-28,-13,-24,-68,41,13,14,-31,67,60,-66,47,7,32,27,-2,15,-1,-18,-8,2,-20,6
20,13,1,-7,33,36,19,6,43,-7,-12,30,-7,-3,-26,-14,14,-19,18,-17,21,19,-36,25,13,15,14,-4,-10,16,-13,-5,4,-11,2
12,1,-4,-6,22,32,2,14,23,-9,-16,6,-5,1,-14,-5,5,-9,11,-7,2,9,-17,14,8,2,6,-5,-6,8,-2,-3,1,-8,0
4,1,0,-5,12,16,0,10,14,5,-6,5,-4,1,0,-5,1,-2,-4,8,-8,2,-10,9,3,-2,-1,-6,-1,7,34,-8,-3,-4,2
9,5,-6,3,12,6,5,10,4,-2,-3,6,5,-7,-8,-5,1,-11,-15,0,-6,-8,-6,2,4,-5,3,-4,-2,7,4,-10,-3,-5,-1
-6.6875,-16.063,-10.313,-17.313,-42.125,-70.75,-78.563,-109.13,-133.13,-132.13,-118.44,-115.13,-114.5,-108.88,-79,-55.125,-10.5,-15.125,-0.125,3.625,-0.5625,-1.875,-8.875,-6.875,2.25,7.5,7.3125,4.0625,4.5,14.688,25.375,38.188,99.063,120.56,127.06
-6.6875,-16.063,-10.313,-17.313,-42.125,-70.75,-78.563,-109.13,-133.13,-132.13,-118.44,-115.13,-114.5,-108.88,-79,-55.125,-10.5,-15.125,-0.125,3.625,-0.5625,-1.875,-8.875,-6.875,2.25,7.5,7.3125,4.0625,4.5,14.688,25.375,38.188,99.063,120.56,127.06
-6.6875,-16.063,-10.313,-17.313,-42.125,-70.75,-78.563,-109.13,-133.13,-132.13,-118.44,-115.13,-114.5,-108.88,-79,-55.125,-10.5,-15.125,-0.125,3.625,-0.5625,-1.875,-8.875,-6.875,2.25,7.5,7.3125,4.0625,4.5,14.688,25.375,38.188,99.063,120.56,127.06
2.1577,2.0615,2.0612,2.1393,2.2733,2.4809,2.7683,3.0754,3.4486,3.5322,3.6722,3.6908,3.6976,3.6478,3.5897,3.5649,3.5392,3.5257,3.5339,3.543,3.5514,3.5567,3.5584,3.5613,3.5814,3.6026,3.6119,3.6343,3.6414,3.6693,3.698,3.7436,3.8627,3.9212,4.0297
7.1892,7.154,7.1359,7.1239,7.1133,7.0973,7.0493,6.9845,6.7983,6.7172,6.4602,6.3762,6.2273,6.0749,6.0491,6.0545,6.1107,6.1669,6.2066,6.234,6.2487,6.255,6.2569,6.2574,6.2633,6.2681,6.2711,6.2767,6.2769,6.2754,6.2746,6.2698,6.2679,6.2731,6.3839
8.1347,8.0625,8.0737,8.1679,8.345,8.6298,9.0122,9.4498,0.080726,0.25553,0.66097,0.76615,0.94755,1.1394,1.215,1.2302,1.2451,1.2484,1.2613,1.2638,1.2709,1.2765,1.2855,1.2924,1.3152,1.3315,1.3377,1.3517,1.3565,1.3688,1.3729,1.3829,1.3782,1.3673,1.2244
-1.0767,-1.0498,-1.0635,-0.98828,-0.94629,-0.83789,-0.7583,-0.73096,-0.7207,-0.75488,-0.80371,-0.78027,-0.78027,-0.76563,-0.75195,-0.74854,-0.7666,-0.7666,-0.77783,-0.7666,-0.77246,-0.77734,-0.77197,-0.78076,-0.77148,-0.72119,-0.81543,-0.90283,-0.92529,-1.0371,-0.93945,-0.92676,-0.97168,-0.99756,-1.0542
-0.35693,-0.21289,-0.25,-0.19775,-0.18555,-0.30762,-0.32422,-0.48486,-0.56152,-0.52686,-0.55664,-0.57227,-0.57227,-0.52832,-0.51611,-0.51367,-0.51758,-0.51758,-0.52441,-0.53076,-0.50879,-0.5166,-0.46924,-0.42627,-0.43506,-0.43799,-0.29102,-0.40576,-0.34473,-0.19336,-0.16113,-0.30225,-0.2334,-0.25342,-0.35498
0.30859,0.41699,0.43066,0.43652,0.39014,0.28125,0.23438,0.23242,0.33203,0.41504,0.50195,0.50684,0.50684,0.48926,0.49512,0.47607,0.46777,0.46777,0.47363,0.47021,0.48877,0.49072,0.47754,0.45215,0.42773,0.31689,0.23193,0.45068,0.37402,0.50537,0.46191,0.57813,0.38818,0.375,0.21191
-13,-7,11,5,-1,-4,-13,1,-1,-6,2,-6,-6,1,13,-8,-4,-4,3,6,16,3,-3,0,-4,-5,-6,1,-6,4,-2,4,-9,8,1
-24,2,17,19,0,-6,-36,8,-10,-22,1,-19,-19,-1,20,-12,-9,-9,11,7,31,-2,-4,-1,-2,-4,1,1,-6,6,-6,2,-15,6,3
-23,11,25,31,9,3,-93,23,-15,-45,-4,-32,-32,-5,28,-36,-22,-22,26,-2,54,2,-6,-8,-1,-6,1,-2,-1,9,-12,5,-15,3,4
-15,-6,33,15,17,20,-124,51,-18,-39,-18,-15,-15,8,40,-93,-60,-60,37,-27,91,-2,-11,-15,-1,-4,-6,-11,14,7,-11,10,-14,5,9
-27,2,18,15,17,-5,-66,22,-20,-29,1,-16,-16,-2,33,-30,-35,-35,23,1,51,-9,-11,-4,1,-1,-2,-6,9,3,-7,3,-14,11,7
-26,8,12,9,3,1,-29,0,-3,-20,3,-10,-10,-4,15,-12,-18,-18,8,2,24,-6,-11,-3,-1,-1,0,-4,2,1,-3,1,-13,6,0
-19,8,11,6,-4,-5,-24,3,-2,-14,6,-1,-1,-3,9,-8,-8,-8,4,3,13,0,2,-30,6,-3,-1,0,-3,-1,1,-9,-2,-6,8
-15,1,9,4,-1,-3,-11,-3,-1,-13,1,-1,-1,-2,11,-7,-6,-6,3,3,15,2,-3,-5,-3,-5,-1,1,-2,2,-2,2,-8,10,3
-111.31,-132.5,-141.69,-121.88,-111.31,-107.88,-99.75,-78.875,-27.563,-18.125,-3.125,-2.4375,-2.4375,4.25,3.0625,0.8125,2.5625,2.5625,9.4375,9.125,9.1875,10.438,26.813,52.063,71.063,121.75,107.56,118.5,138.88,128.56,101.31,63.813,48.688,29.188,50
-111.31,-132.5,-141.69,-121.88,-111.31,-107.88,-99.75,-78.875,-27.563,-18.125,-3.125,-2.4375,-2.4375,4.25,3.0625,0.8125,2.5625,2.5625,9.4375,9.125,9.1875,10.438,26.813,52.063,71.063,121.75,107.56,118.5,138.88,128.56,101.31,63.813,48.688,29.188,50
-111.31,-132.5,-141.69,-121.88,-111.31,-107.88,-99.75,-78.875,-27.563,-18.125,-3.125,-2.4375,-2.4375,4.25,3.0625,0.8125,2.5625,2.5625,9.4375,9.125,9.1875,10.438,26.813,52.063,71.063,121.75,107.56,118.5,138.88,128.56,101.31,63.813,48.688,29.188,50
3.1637,3.5015,3.5661,3.6775,3.6977,3.6857,3.6526,3.5905,3.5538,3.5337,3.5281,3.5325,3.5325,3.5412,3.5534,3.5628,3.5731,3.5731,3.589,3.6028,3.6254,3.6327,3.6695,3.7222,3.7611,3.9159,3.978,4.0015,4.0207,3.9936,3.9281,3.7943,3.5941,3.5242,3.3327
6.995,6.8157,6.7377,6.4791,6.3975,6.1887,6.1011,6.0864,6.1153,6.1692,6.2235,6.2363,6.2363,6.2405,6.2423,6.2453,6.2494,6.2494,6.2525,6.254,6.2582,6.2597,6.2602,6.2621,6.265,6.2979,6.3629,6.4598,6.5656,6.6737,6.7714,6.8447,6.9281,6.9456,6.9922
9.6515,0.2254,0.38413,0.76811,0.87121,1.1003,1.2218,1.2889,1.3049,1.3072,1.3151,1.3212,1.3212,1.324,1.3289,1.3365,1.3437,1.3437,1.3493,1.3532,1.3614,1.3619,1.363,1.3647,1.364,1.3322,1.2486,1.123,0.95595,0.75345,0.5402,0.30393,9.9829,9.8889,9.6096
-0.72412,-0.68408,-0.69092,-0.87109,-0.94385,-0.98145,-0.99609,-0.99414,-0.98877,-0.95752,-1.0845,-0.97461,-1.0552,-0.98779,-0.98535,-0.99902,-1.0259,-0.98047,-1.0146,-0.98633,-0.99512,-1.022,-0.97998,-1.0054,-0.99707,-1.0054,-1.0054,-1.0054,-1.002,-1.0098,-1.0024,-0.98828,-0.9917,-0.99707,-1.0044
-0.5127,-0.46338,-0.42383,-0.32422,-0.3999,-0.26025,-0.22412,-0.22754,-0.25977,-0.27881,-0.29297,-0.30078,-0.22803,-0.30713,-0.33789,-0.27783,-0.2207,-0.25635,-0.26904,-0.2251,-0.22656,-0.20898,-0.2334,-0.25879,-0.22656,-0.21875,-0.20215,-0.20215,-0.20898,-0.18311,-0.2002,-0.19775,-0.18994,-0.19434,-0.19385
0.45557,0.35596,0.30273,0.27588,0.42871,0.42529,0.53418,0.4668,0.46289,0.37646,0.29883,0.20215,0.1665,0.13037,0.045898,-0.0058594,-0.04834,0.0043945,0.0087891,-0.033691,-0.043457,-0.0063477,0.0078125,-0.0087891,-0.046387,-0.02832,-0.01709,-0.01709,-0.024902,-0.019531,-0.035156,-0.040039,-0.046387,-0.036133,-0.033691
5,1,-1,-9,7,-10,1,-3,0,-3,-7,-2,-5,2,-8,4,-1,-6,1,7,-10,-7,-12,-7,-14,7,-5,-5,10,-4,1,-2,-18,1,5
10,-3,-2,-8,10,-12,11,-10,3,-6,-11,-6,-6,0,-6,1,-8,-5,-6,4,2,5,-8,-6,-3,4,-1,-1,7,-1,-2,0,-17,-3,3
22,-9,1,-1,23,-18,17,-15,5,-9,-12,-8,-5,0,-2,0,-5,-2,-6,2,0,5,-1,-5,-2,0,-4,-4,5,-1,-2,-2,-7,-4,0
40,-2,14,-19,28,-20,19,-24,7,-19,0,-3,-10,-4,0,2,-6,2,-6,1,-2,0,1,-1,1,0,-5,-5,0,-3,-2,-1,-4,-3,0
16,-10,3,-14,16,-16,8,-13,4,-5,2,-4,-5,-1,3,-4,1,-1,-6,-4,0,1,4,-2,-2,-2,-3,-3,3,-1,-1,-1,-2,-3,-3
8,-5,0,-8,4,-10,4,-8,3,-5,4,-2,0,-4,-2,-8,-1,-2,-11,-7,3,2,4,1,-4,-1,-3,-3,3,-3,-4,-2,-8,-4,-3
5,0,4,-12,15,-9,53,-6,3,-18,7,3,-6,-33,6,-13,-14,-8,-43,-23,31,6,36,13,-11,-4,1,1,4,-18,-10,1,-15,0,-9
1,-5,-2,-10,3,-5,1,0,1,-3,-4,-2,-13,2,4,13,4,4,12,16,-17,-11,-19,-17,-24,4,-7,-7,11,-10,3,6,-12,8,16
33.188,88.125,109.69,133.63,133,141.56,117.19,79.563,71.813,84.125,81.438,77.375,53.063,35.813,30.313,33.75,23.063,-8.4375,3.4375,9.625,1,-13.063,-19.25,-9.875,-0.25,-5.625,-9.5,-9.5,-7.625,-6.875,-7.5,-1.6875,-0.5625,-1.1875,-2.0625
33.188,88.125,109.69,133.63,133,141.56,117.19,79.563,71.813,84.125,81.438,77.375,53.063,35.813,30.313,33.75,23.063,-8.4375,3.4375,9.625,1,-13.063,-19.25,-9.875,-0.25,-5.625,-9.5,-9.5,-7.625,-6.875,-7.5,-1.6875,-0.5625,-1.1875,-2.0625
33.188,88.125,109.69,133.63,133,141.56,117.19,79.563,71.813,84.125,81.438,77.375,53.063,35.813,30.313,33.75,23.063,-8.4375,3.4375,9.625,1,-13.063,-19.25,-9.875,-0.25,-5.625,-9.5,-9.5,-7.625,-6.875,-7.5,-1.6875,-0.5625,-1.1875,-2.0625
3.6181,3.7326,3.7879,3.9307,3.9765,4.0071,3.9711,3.8114,3.6414,3.5523,3.2707,3.124,3.0091,2.9263,2.8387,2.7783,2.7257,2.6396,2.5655,2.5206,2.4684,2.4139,2.3827,2.3788,2.3889,2.4019,2.4131,2.4131,2.4317,2.4522,2.4603,2.4671,2.476,2.4761,2.4696
6.1784,6.1779,6.1936,6.2981,6.4093,6.5346,6.6604,6.8277,6.915,6.9522,7.0228,7.0517,7.0761,7.0919,7.0938,7.1012,7.1191,7.1449,7.1519,7.1645,7.1772,7.1891,7.2017,7.2077,7.2123,7.2153,7.215,7.215,7.2114,7.2091,7.2062,7.2049,7.2027,7.2024,7.2029
1.4848,1.493,1.4858,1.3805,1.2508,1.087,0.88228,0.51923,0.25103,0.10543,9.6632,9.4167,9.2273,9.0942,8.9691,8.8691,8.784,8.7015,8.6263,8.5708,8.5137,8.4691,8.4574,8.4692,8.4813,8.5018,8.5173,8.5173,8.5541,8.5819,8.598,8.6112,8.6194,8.6211,8.617
-1.0313,-1.0308,-1.0518,-1.0259,-1.0127,-0.95361,-0.92822,-0.87061,-0.80908,-0.75586,-0.69189,-0.69922,-0.75391,-0.7666,-0.79395,-0.7793,-0.77686,-0.79199,-0.77637,-1.0244,-0.60986,-0.64209,-0.76953,-0.78223,-0.76709,-0.77881,-0.76465,-0.76465,-0.74561,-0.79736,-0.85352,-0.86475,-0.94092,-0.96094,-0.96875
-0.28223,-0.26953,-0.28418,-0.28223,-0.31543,-0.28662,-0.30908,-0.35254,-0.35693,-0.42285,-0.49072,-0.51221,-0.5415,-0.55518,-0.55273,-0.51025,-0.53613,-0.52246,-0.51855,-0.52588,-0.59912,-0.59473,-0.52686,-0.52979,-0.52197,-0.50928,-0.50879,-0.50879,-0.46729,-0.39844,-0.37402,-0.3208,-0.28564,-0.23682,-0.28564
0.18213,0.19922,0.38379,0.39941,0.43311,0.42871,0.36719,0.35352,0.26855,0.4248,0.30127,0.34277,0.39453,0.42383,0.44287,0.49268,0.43457,0.43066,0.43066,0.53516,0.34814,0.40674,0.47168,0.45947,0.44141,0.43994,0.4126,0.4126,0.32666,0.26318,0.27295,0.31689,0.4873,0.45166,0.4751
-20,14,-28,-1,-11,10,-19,14,2,-2,0,6,3,12,-6,-5,-6,-7,-1,0,-4,1,4,-11,2,3,3,3,-2,2,5,1,2,-1,3
-22,4,-5,-9,-21,21,-32,22,5,-4,-12,11,8,18,-6,-10,-21,-11,5,-2,-7,-1,3,-26,5,6,2,4,-5,4,12,5,5,-3,1
1,-30,8,-10,-38,13,-38,22,15,-18,-17,20,14,34,-14,-33,-36,-5,-9,-2,-23,7,0,-34,2,17,4,6,-8,6,19,12,7,-3,3
102,-6,24,4,-52,0,-24,3,11,-58,-11,57,10,53,-19,-76,1,16,-16,25,-31,30,11,-47,-2,23,4,10,-13,11,27,14,14,-12,10
11,7,-22,10,-25,14,-31,27,18,-15,-24,22,24,16,-8,-62,-2,-3,6,9,-23,15,10,-40,3,20,-1,6,-4,3,9,7,8,-6,21
8,2,-23,10,-22,5,-16,22,10,-10,-16,9,13,7,-11,-27,-1,-9,27,4,-10,3,2,-17,3,0,3,2,-3,1,7,2,3,0,-4
2,1,-10,5,-18,8,-5,4,5,-10,-5,8,11,5,-15,-19,1,-5,0,-16,-3,-9,3,-5,4,-2,-7,1,-5,5,7,1,4,2,-14
0,4,-12,1,-10,10,-9,10,3,-3,-5,6,2,12,-5,-6,-5,-5,0,-4,-1,-4,2,-8,4,0,1,4,-3,2,5,1,4,2,-1
-53.063,-66.5,-87.125,-91.563,-83.063,-79.75,-81.125,-89.25,-90.375,-94.563,-70.813,-63.438,-34,-8.4375,3.5,-3.6875,-7.75,-4.875,-5.375,-37,-24.25,-3.4375,4.875,1.25,13.438,17.188,36.813,36.813,74.5,102.56,107.88,125.06,95.375,41.188,29.25
-53.063,-66.5,-87.125,-91.563,-83.063,-79.75,-81.125,-89.25,-90.375,-94.563,-70.813,-63.438,-34,-8.4375,3.5,-3.6875,-7.75,-4.875,-5.375,-37,-24.25,-3.4375,4.875,1.25,13.438,17.188,36.813,36.813,74.5,102.56,107.88,125.06,95.375,41.188,29.25
-53.063,-66.5,-87.125,-91.563,-83.063,-79.75,-81.125,-89.25,-90.375,-94.563,-70.813,-63.438,-34,-8.4375,3.5,-3.6875,-7.75,-4.875,-5.375,-37,-24.25,-3.4375,4.875,1.25,13.438,17.188,36.813,36.813,74.5,102.56,107.88,125.06,95.375,41.188,29.25
2.8215,3.0106,3.3272,3.4051,3.5916,3.6664,3.7039,3.7143,3.7104,3.6841,3.6093,3.5796,3.5039,3.4878,3.4896,3.5043,3.5051,3.5091,3.5122,3.5198,3.4918,3.4952,3.5265,3.5361,3.5581,3.5695,3.6117,3.6117,3.704,3.8023,3.8266,3.8559,3.8257,3.6782,3.5961
7.0745,7.0204,6.8867,6.8315,6.6514,6.5246,6.4067,6.2968,6.2475,6.1742,6.1418,6.1432,6.1845,6.2171,6.2321,6.2679,6.2897,6.3013,6.306,6.2962,6.251,6.2463,6.2593,6.267,6.2794,6.284,6.2872,6.2872,6.3078,6.3543,6.3862,6.5191,6.6116,6.7431,6.784
9.2994,9.5649,0.039594,0.17861,0.5463,0.73988,0.90263,1.044,1.1091,1.2179,1.3083,1.3192,1.3179,1.3158,1.3141,1.3135,1.3326,1.3422,1.3493,1.3856,1.405,1.413,1.4389,1.4463,1.4533,1.4549,1.4491,1.4491,1.4412,1.3667,1.3203,1.1119,0.93313,0.63646,0.52557
-1,-0.98877,-1.0054,-1.0034,-1.0464,-1.0181,-1.0518,-1.0469,-1.0591,-1.0454,-1.0615,-1.0562,-1.0254,-1.0049,-0.95898,-0.86426,-0.77441,-0.77441,-0.66211,-0.66943,-0.68994,-0.73926,-0.75635,-0.72021,-0.74072,-0.7124,-0.72559,-0.72852,-0.73096,-0.73096,-0.70361,-0.70605,-0.69287,-0.73389,-0.8623
-0.19043,-0.22803,-0.21973,-0.22852,-0.25146,-0.25049,-0.23828,-0.22656,-0.28809,-0.28174,-0.2373,-0.24854,-0.30225,-0.26416,-0.22705,-0.24414,-0.36035,-0.36035,-0.53711,-0.54639,-0.58789,-0.57178,-0.63037,-0.55811,-0.54053,-0.54395,-0.56787,-0.5415,-0.5498,-0.5498,-0.52539,-0.50879,-0.43896,-0.20557,-0.33594
-0.020996,-0.047363,-0.033691,-0.071777,-0.036133,-0.061035,0.019531,0.13867,0.23486,0.28271,0.37939,0.4165,0.45947,0.42285,0.37646,0.34131,0.28516,0.28516,0.35596,0.42139,0.4043,0.521,0.50977,0.51318,0.49023,0.46729,0.49219,0.4873,0.49023,0.49023,0.47998,0.4585,0.39893,0.2334,0.38232
4,-3,3,-32,-32,-44,-25,4,-23,25,15,11,14,-8,9,-10,-6,-1,-13,2,-18,-47,-12,6,-6,-2,-16,-5,2,2,-1,1,-6,0,-5
2,-6,2,-41,-41,-55,-21,11,-10,18,-12,-3,6,-10,9,-15,-13,-3,-20,-15,-19,-13,-5,-2,-3,2,-15,-8,-1,-1,-1,-1,-10,3,-2
0,-10,2,-35,-35,-74,-8,42,11,8,-22,12,23,-18,13,-31,-39,15,-23,-14,-52,-8,15,-8,14,-4,-22,-14,-3,-3,3,3,-14,12,3
-8,-13,-7,-61,-61,-73,-76,42,11,33,-36,28,30,-3,21,-91,-69,63,-49,10,-90,-38,58,-21,56,0,-41,-26,-17,-17,13,-2,-26,14,7
-3,-13,0,-47,-47,-90,-30,20,-17,34,-17,1,38,-20,21,-41,-19,3,-39,-13,-39,-31,14,-8,17,-6,-26,-19,-4,-4,-1,-7,-17,10,0
0,-10,1,-28,-28,-66,-29,5,-3,24,-7,0,19,-14,13,-9,-4,-5,-23,-13,-29,-18,7,-4,1,-2,-17,-16,2,2,-2,-3,-11,5,1
-2,-6,1,-22,-22,-44,-15,2,-4,11,-4,2,11,-7,6,1,-6,3,-19,-10,-10,-16,-2,0,3,-4,-9,-16,-4,-4,-4,2,-6,2,-1
5,-4,1,-16,-16,-36,-16,4,-6,11,1,1,8,-6,8,-3,-5,0,-11,2,-14,-23,-5,1,0,-5,-10,-7,4,4,-3,0,-7,1,-1
3.3125,-2.4375,-11.125,-14.25,-16.375,1,-3.75,-34.313,-68.188,-80.25,-95,-92.625,-79.188,-82.563,-115.63,-130.5,-141.69,-141.69,-43.5,-27.75,-29.688,-15.563,13.188,0.4375,-8.25,-17.063,1.875,2.375,10.063,10.063,36,62.375,103.88,108.25,111.94
3.3125,-2.4375,-11.125,-14.25,-16.375,1,-3.75,-34.313,-68.188,-80.25,-95,-92.625,-79.188,-82.563,-115.63,-130.5,-141.69,-141.69,-43.5,-27.75,-29.688,-15.563,13.188,0.4375,-8.25,-17.063,1.875,2.375,10.063,10.063,36,62.375,103.88,108.25,111.94
3.3125,-2.4375,-11.125,-14.25,-16.375,1,-3.75,-34.313,-68.188,-80.25,-95,-92.625,-79.188,-82.563,-115.63,-130.5,-141.69,-141.69,-43.5,-27.75,-29.688,-15.563,13.188,0.4375,-8.25,-17.063,1.875,2.375,10.063,10.063,36,62.375,103.88,108.25,111.94
2.4222,2.4207,2.4206,2.3892,2.3914,2.418,2.4879,2.6424,2.8708,3.1363,3.4443,3.5315,3.7236,3.7974,3.8112,3.7829,3.7179,3.7179,3.5749,3.5525,3.5358,3.5166,3.5237,3.5411,3.5386,3.525,3.5306,3.5437,3.5641,3.5641,3.6267,3.7026,3.8089,3.9065,3.9528
7.2071,7.2041,7.1953,7.1839,7.1754,7.1601,7.1408,7.1207,7.0804,7.0188,6.8765,6.8216,6.6152,6.4633,6.311,6.181,6.0704,6.0704,5.9778,6.0217,6.0476,6.1248,6.1435,6.1543,6.1559,6.1594,6.1649,6.1688,6.1742,6.1742,6.1734,6.1678,6.178,6.2278,6.3292
8.7655,8.7645,8.7729,8.7587,8.7704,8.8035,8.8766,9.0628,9.3643,9.7271,0.2148,0.36536,0.74171,0.94303,1.1201,1.2773,1.4163,1.4163,1.6021,1.6164,1.618,1.645,1.6434,1.6477,1.6491,1.6513,1.6587,1.6692,1.682,1.682,1.7072,1.73,1.7353,1.6969,1.5996
-1.0093,-1.02,-0.9917,-1.001,-1.0054,-1.019,-1.0166,-1.0298,-1.0527,-1.084,-1.0928,-1.0337,-1.0654,-0.99219,-0.98682,-0.87354,-0.80127,-0.72119,-0.66113,-0.65771,-0.75195,-0.82227,-0.73242,-0.69775,-0.71045,-0.70508,-0.71436,-0.74805,-0.74365,-0.74316,-0.73291,-0.71729,-0.70117,-0.65723,-0.77002
-0.19385,-0.18262,-0.21729,-0.18311,-0.22217,-0.19141,-0.20605,-0.22852,-0.25195,-0.26855,-0.25928,-0.25732,-0.24268,-0.2373,-0.25977,-0.2417,-0.34375,-0.46289,-0.51611,-0.52051,-0.56592,-0.65332,-0.60352,-0.58057,-0.62744,-0.55469,-0.54053,-0.57275,-0.59082,-0.59326,-0.58203,-0.57275,-0.51611,-0.4458,-0.31787
-0.053223,-0.079102,-0.083496,-0.037109,-0.054199,-0.012695,0.0039063,0.022949,0.092285,0.2124,0.27295,0.40625,0.40234,0.49463,0.46631,0.30371,0.27344,0.31445,0.33838,0.31738,0.39404,0.40283,0.49658,0.5625,0.49023,0.45166,0.46143,0.45215,0.44971,0.4375,0.44092,0.42773,0.42969,0.31689,0.27344
4,-6,-3,-3,5,-4,11,-19,-22,19,3,-48,2,-28,19,-1,-11,-8,7,-1,-14,4,10,-21,-3,8,-12,-4,-4,-13,-3,-1,-2,2,-3
-4,-8,-1,-3,5,-7,7,-21,-2,18,-34,-26,-11,-41,12,11,-22,5,8,-28,-17,13,6,-32,3,3,-7,5,5,-9,-4,-6,-1,-5,3
-2,-8,0,-7,4,-14,0,-13,13,19,-8,-53,-13,-74,-14,33,-39,9,12,-61,-28,25,21,-58,-8,-10,-13,11,1,-12,-6,-4,-5,-5,11
-1,-7,2,0,-6,5,-16,6,36,-3,-6,-86,9,-97,-58,58,-77,-13,22,-107,-54,59,50,-57,-52,-40,-17,1,-29,-24,-2,-2,-9,-11,24
-1,-7,-2,-8,3,-15,27,-29,3,21,-22,-31,-3,-45,-11,24,-55,3,28,-92,-13,27,22,-37,-14,4,-17,9,7,-11,-7,-5,0,-2,9
-2,-6,-2,-5,3,-13,29,-28,-2,20,-17,-15,-4,-27,3,14,-28,1,10,-45,-2,11,8,-17,-5,7,-14,1,8,-6,-3,-6,-2,2,7
-9,-6,-5,-3,0,-6,17,-21,-1,11,-10,-13,-1,-14,2,8,-13,8,8,-14,-9,-2,12,-18,-3,0,-8,-3,-1,11,-7,-9,-5,3,1
7,-4,0,-1,1,-6,11,-21,-6,8,-8,-17,-2,-17,3,6,-11,0,2,-9,-8,1,9,-14,-4,6,-8,-3,-13,-16,-8,0,-4,1,0
-0.0625,-11.375,-9.125,5,7.375,7.5625,-17.188,-44.063,-48.063,-48.5,-80.875,-118.38,-127.5,-146.19,-142,-134.06,-140.25,-121.94,-81.625,-53.5,-13.063,16.625,14.375,3.6875,-3.5625,-3.8125,-1.75,1.875,5.9375,12,16.438,27.688,45.938,102.06,111.56
-0.0625,-11.375,-9.125,5,7.375,7.5625,-17.188,-44.063,-48.063,-48.5,-80.875,-118.38,-127.5,-146.19,-142,-134.06,-140.25,-121.94,-81.625,-53.5,-13.063,16.625,14.375,3.6875,-3.5625,-3.8125,-1.75,1.875,5.9375,12,16.438,27.688,45.938,102.06,111.56
-0.0625,-11.375,-9.125,5,7.375,7.5625,-17.188,-44.063,-48.063,-48.5,-80.875,-118.38,-127.5,-146.19,-142,-134.06,-140.25,-121.94,-81.625,-53.5,-13.063,16.625,14.375,3.6875,-3.5625,-3.8125,-1.75,1.875,5.9375,12,16.438,27.688,45.938,102.06,111.56
2.3345,2.3028,2.2515,2.242,2.2545,2.3275,2.4202,2.6197,2.7134,3.0313,3.2649,3.4626,3.6207,3.719,3.7512,3.73,3.6768,3.5978,3.5219,3.4664,3.4099,3.4109,3.4182,3.4247,3.4219,3.4192,3.4253,3.4413,3.4581,3.4815,3.5084,3.5461,3.6061,3.7355,3.805
7.2245,7.2182,7.2124,7.2038,7.196,7.1885,7.1791,7.1587,7.1494,7.0909,7.0168,6.9174,6.789,6.6356,6.4695,6.2401,6.1065,6.0079,5.9842,6.0012,6.0787,6.134,6.1746,6.19,6.1901,6.1843,6.1866,6.1922,6.1962,6.1953,6.19,6.1768,6.1647,6.1784,6.2448
8.698,8.6737,8.637,8.624,8.6312,8.6943,8.801,9.0696,9.1922,9.5991,9.9235,0.25723,0.58021,0.86653,1.0951,1.3615,1.5102,1.6214,1.6695,1.6899,1.6766,1.6584,1.6369,1.6373,1.6204,1.6169,1.6229,1.639,1.6546,1.6698,1.6842,1.6991,1.7217,1.7157,1.6339
-1.0332,-1.0552,-1.1699,-1.0903,-1.0742,-1.041,-1.0015,-0.92871,-0.79932,-0.79932,-0.77783,-0.58936,-0.59326,-0.62402,-0.64551,-0.72803,-0.71289,-0.71289,-0.6875,-0.68652,-0.6875,-0.70068,-0.71631,-0.68604,-0.70459,-0.70459,-0.64746,-0.70361,-0.81152,-0.85059,-0.90283,-1.0327,-1.0542,-0.91846,-1.1113
-0.2832,-0.3877,-0.16455,-0.24365,-0.32861,-0.26514,-0.29492,-0.26953,-0.29932,-0.29932,-0.33838,-0.53174,-0.5083,-0.56494,-0.5874,-0.73047,-0.59863,-0.59863,-0.61328,-0.59912,-0.57861,-0.56543,-0.56152,-0.55225,-0.4917,-0.4917,-0.50537,-0.40332,-0.41211,-0.35254,-0.26465,-0.21631,-0.15283,-0.39258,-0.46094
-0.019043,0.18359,0.32275,0.49512,0.58545,0.56982,0.50537,0.40869,0.28906,0.28906,0.2749,0.26123,0.33105,0.41162,0.6123,0.51514,0.52637,0.52637,0.51123,0.50488,0.5293,0.52539,0.52832,0.51611,0.46729,0.46729,0.32715,0.31787,0.31055,0.46973,0.44727,0.49951,0.5166,0.49121,0.35645
-37,2,11,-22,-23,28,-7,-2,-5,-5,-6,0,9,3,-14,-4,6,6,10,-5,1,1,5,-4,3,3,-4,-4,-5,5,-6,-38,23,19,-1
-7,-6,-8,-20,-15,47,-10,17,-10,-10,-11,12,15,-22,-44,-7,-4,-4,4,-10,8,4,5,5,-2,-2,-2,0,5,5,5,-4,-23,13,-2
8,12,-16,-10,-10,53,7,29,-7,-7,-20,10,21,-32,-69,-3,-3,-3,-4,-15,17,6,4,5,-2,-2,-5,-2,7,10,4,16,-20,3,1
-53,-96,76,41,-13,8,32,32,9,9,-49,2,63,-4,-119,22,-27,-27,-6,-38,28,27,5,5,-5,-5,-7,-4,6,22,6,24,-1,-3,-7
11,23,-25,7,-13,50,-4,26,-2,-2,-12,4,15,-17,-43,9,4,4,5,-8,-1,-5,10,8,-7,-7,-5,-3,3,10,3,23,-9,-2,-2
-8,10,7,4,-5,17,0,19,-7,-7,-5,4,7,-13,-26,10,5,5,2,-3,-2,2,7,1,-4,-4,-3,1,0,6,2,-9,-18,-5,11
-24,1,10,2,4,15,0,20,-18,-18,-19,14,20,-13,-20,-14,6,6,12,-18,-4,4,-17,-12,-1,-1,4,0,-4,8,-10,-12,-26,-13,0
-9,4,9,-9,-5,18,-3,10,-6,-6,-5,-1,14,-6,-12,-7,3,3,8,-7,-5,3,4,3,-4,-4,-13,0,-6,3,-6,-31,7,0,-4
-45.125,-12.25,-59.313,-150.75,-173.63,-159.31,-137.31,-123.38,-113.69,-113.69,-116.25,-64.25,-47.063,-2.9375,-3.75,17.813,0.8125,0.8125,0.8125,1.125,3.8125,6.75,11.375,22,46.25,46.25,107.06,106.44,127.38,120.75,124.88,91.813,89.625,87.25,169.94
-45.125,-12.25,-59.313,-150.75,-173.63,-159.31,-137.31,-123.38,-113.69,-113.69,-116.25,-64.25,-47.063,-2.9375,-3.75,17.813,0.8125,0.8125,0.8125,1.125,3.8125,6.75,11.375,22,46.25,46.25,107.06,106.44,127.38,120.75,124.88,91.813,89.625,87.25,169.94
-45.125,-12.25,-59.313,-150.75,-173.63,-159.31,-137.31,-123.38,-113.69,-113.69,-116.25,-64.25,-47.063,-2.9375,-3.75,17.813,0.8125,0.8125,0.8125,1.125,3.8125,6.75,11.375,22,46.25,46.25,107.06,106.44,127.38,120.75,124.88,91.813,89.625,87.25,169.94
2.4871,2.6477,2.9666,3.2692,3.5278,3.6624,3.7099,3.717,3.685,3.685,3.655,3.5195,3.4934,3.4793,3.4958,3.5186,3.5327,3.5327,3.5367,3.5377,3.5467,3.5533,3.572,3.6204,3.6721,3.6721,3.8092,3.8542,3.9249,3.9408,3.9424,3.8633,3.7479,3.658,3.4295
7.1496,7.099,7.0537,6.9647,6.8135,6.6162,6.4042,6.1972,6.0046,6.0046,5.9353,5.8532,5.8656,5.9097,5.9985,6.0232,6.0466,6.0466,6.08,6.0873,6.1019,6.1092,6.1222,6.1304,6.1302,6.1302,6.1581,6.1737,6.3081,6.4242,6.4855,6.6746,6.8003,6.8764,6.9921
9.0402,9.2346,9.6021,0.070243,0.55242,0.90967,1.1591,1.353,1.5076,1.5076,1.5684,1.6958,1.6978,1.6972,1.7119,1.7227,1.7314,1.7314,1.7341,1.7328,1.7352,1.7364,1.741,1.7558,1.7665,1.7665,1.7628,1.7424,1.5724,1.4165,1.3303,1.0191,0.77328,0.6217,0.098299
-0.74023,-0.66113,-0.73438,-0.70996,-0.73047,-0.72021,-0.70703,-0.69336,-0.70215,-0.70703,-0.79492,-0.87988,-0.97314,-1.0122,-0.98389,-0.94385,-1.0464,-0.98145,-1.085,-0.96533,-1.0244,-0.979,-1.0161,-0.96924,-1.0103,-0.98584,-0.98389,-0.979,-0.97217,-0.99316,-0.99658,-1.0229,-0.99561,-0.98486,-0.99951
-0.57861,-0.61816,-0.59277,-0.57861,-0.55859,-0.54932,-0.55322,-0.54297,-0.44141,-0.36328,-0.30713,-0.37109,-0.2915,-0.23584,-0.32471,-0.40186,-0.30518,-0.31689,-0.21924,-0.36182,-0.41895,-0.30225,-0.23682,-0.2373,-0.25635,-0.26465,-0.24072,-0.22119,-0.2417,-0.25732,-0.26465,-0.24463,-0.22559,-0.20557,-0.21338
0.56885,0.50684,0.49561,0.50488,0.46826,0.47119,0.47559,0.45801,0.42334,0.31201,0.33008,0.35596,0.49902,0.46191,0.59229,0.58105,0.39209,0.229,0.17822,-0.019531,-0.081055,-0.10059,-0.020996,0.068359,0.07373,0.044922,-0.025391,-0.039063,-0.029785,-0.022461,-0.02002,-0.043457,-0.064941,-0.057129,-0.047852
-4,5,-6,-15,-2,-3,-6,0,-3,2,0,5,0,-5,4,-4,-2,3,-6,47,-20,29,-12,-23,-2,-4,-10,36,-34,20,11,-9,-10,2,-2
-9,8,-14,-14,6,1,-3,-2,-5,3,-4,8,0,-5,8,-7,-3,5,-4,22,-15,21,-11,-18,0,4,4,18,-7,25,9,1,-4,-1,-2
-39,17,-12,-16,17,6,0,-5,-10,7,0,10,-2,-10,10,-9,-6,7,-6,10,-11,11,-8,-7,0,7,0,4,-2,10,4,-2,-2,0,3
-92,28,4,-32,20,2,17,-16,-19,10,12,6,17,-14,15,-8,-5,16,-7,14,-13,1,-10,-2,0,8,-4,1,-4,5,0,-8,-4,4,-4
-30,33,6,-1,-1,4,-4,-8,-11,6,1,8,4,-10,9,-8,-6,7,-8,4,-6,3,-5,-3,0,7,-3,-1,-4,2,-1,-4,-3,3,-1
-8,20,6,3,-6,5,-5,-3,-6,4,2,4,0,-4,6,-9,-9,8,-9,3,0,7,-5,-5,1,2,-1,1,-11,1,-4,-5,2,6,-6
-8,1,5,-38,-7,9,-2,-1,-2,5,0,1,0,-2,3,5,-5,8,-20,16,9,18,-7,-9,-2,-4,-4,9,-21,2,-5,-14,22,13,-24
-7,3,0,-13,7,2,-9,-2,-2,2,1,3,0,-1,2,-7,-2,-7,-13,41,-5,34,-10,-18,-8,-6,-17,40,-55,39,4,-9,-21,3,1
15.813,1.8125,1.8125,-1.875,2.5,18,26.625,43.438,86,103.56,92.625,114.81,118.38,125.5,73.688,72.563,54,44.438,24.438,22.875,38.938,43.375,25.625,4.75,27.125,49.063,59.563,41,4.9375,-10.188,-1.75,9.6875,2.25,-8.125,-15.5
15.813,1.8125,1.8125,-1.875,2.5,18,26.625,43.438,86,103.56,92.625,114.81,118.38,125.5,73.688,72.563,54,44.438,24.438,22.875,38.938,43.375,25.625,4.75,27.125,49.063,59.563,41,4.9375,-10.188,-1.75,9.6875,2.25,-8.125,-15.5
15.813,1.8125,1.8125,-1.875,2.5,18,26.625,43.438,86,103.56,92.625,114.81,118.38,125.5,73.688,72.563,54,44.438,24.438,22.875,38.938,43.375,25.625,4.75,27.125,49.063,59.563,41,4.9375,-10.188,-1.75,9.6875,2.25,-8.125,-15.5
3.4853,3.4977,3.5058,3.5052,3.5091,3.5365,3.5544,3.6087,3.7408,3.8266,3.865,3.8873,3.8937,3.8853,3.7314,3.6568,3.4136,3.2917,3.1812,3.0646,2.9052,2.7214,2.5193,2.2758,2.1861,2.1534,2.1484,2.1464,2.1364,2.1505,2.1899,2.2323,2.2629,2.2757,2.272
6.0851,6.1199,6.1445,6.144,6.1465,6.1531,6.1551,6.1567,6.1741,6.226,6.3197,6.4285,6.5979,6.6576,6.7988,6.8399,6.9228,6.9574,6.9939,7.0268,7.0534,7.0762,7.0857,7.1038,7.11,7.1208,7.1323,7.1469,7.159,7.1687,7.1793,7.1867,7.1957,7.2007,7.203
1.8321,1.8396,1.8314,1.8298,1.8305,1.8359,1.8391,1.8542,1.876,1.8406,1.7496,1.6286,1.3861,1.2939,0.94598,0.81893,0.41608,0.22958,0.075216,9.9287,9.7302,9.4899,9.2461,8.9817,8.8629,8.7768,8.7047,8.6481,8.6216,8.6453,8.6914,8.7256,8.752,8.7702,8.783
-0.74561,-0.7373,-0.74805,-0.73926,-0.76709,-0.75684,-0.75342,-0.76709,-0.75586,-0.74609,-0.74609,-0.7251,-0.74072,-0.87207,-0.87695,-0.93994,-1.0044,-0.9248,-0.94287,-1.0718,-0.98926,-1.0708,-0.98584,-1.0205,-0.97412,-0.99268,-0.99316,-1.0205,-0.99268,-1.0039,-0.98633,-0.99268,-0.98584,-1.0205,-0.99023
-0.5293,-0.60303,-0.57031,-0.53418,-0.50928,-0.56348,-0.5791,-0.54102,-0.52588,-0.51758,-0.49219,-0.46045,-0.35693,-0.4375,-0.31641,-0.32715,-0.20947,-0.31885,-0.32324,-0.29443,-0.34033,-0.35303,-0.2666,-0.34668,-0.3252,-0.25586,-0.27197,-0.24805,-0.24854,-0.22266,-0.27051,-0.25342,-0.24512,-0.25342,-0.26367
0.51611,0.50537,0.46094,0.47314,0.4668,0.44824,0.48633,0.49316,0.48877,0.47803,0.43262,0.35205,0.29443,0.39697,0.3501,0.35742,0.47412,0.5127,0.36963,0.33203,0.26514,0.229,0.14453,0.093262,0.066895,-0.0024414,-0.031738,0.0019531,0.0053711,0.021484,0.047852,-0.0058594,-0.020508,-0.019043,-0.028809
9,0,3,-3,-10,-9,-4,6,2,5,-8,4,3,-5,-10,-2,-1,10,9,-5,4,2,2,-9,12,-22,3,14,22,-22,3,-8,-11,11,-13
-9,17,13,-10,1,5,-17,4,2,2,-4,2,7,-2,-11,4,-5,8,21,-13,5,1,-1,-5,5,-22,-4,4,6,-16,-8,-3,-2,8,-5
-32,10,25,-28,26,23,-32,7,1,-1,5,2,8,-4,-19,12,-8,12,25,-19,5,-2,-1,-4,2,-9,-4,0,3,-7,-6,0,-1,4,-3
-27,-23,22,-48,37,12,-21,-12,-3,-6,15,-7,-3,-11,-33,15,-7,10,9,-18,1,-4,-2,6,3,2,1,-5,0,-2,-1,1,-3,2,-1
-6,4,9,-21,17,3,-25,7,-9,0,-3,1,8,-2,-8,7,-4,-5,6,-10,-2,-6,-1,-1,0,1,1,-5,5,-2,4,0,-3,2,-1
-12,7,3,-11,13,1,-12,8,-14,-4,-2,1,5,-1,-2,3,4,3,11,-6,2,-2,-2,-5,2,3,2,-2,6,-4,14,4,-1,14,4
-1,-13,-21,3,6,1,-12,10,-10,-12,3,4,12,-6,-6,0,-1,11,17,-1,1,-20,-4,-42,10,2,6,14,3,-16,50,4,14,19,24
7,-7,5,-1,-1,-8,-3,30,-13,12,-13,5,3,-3,-3,1,-2,8,5,7,5,3,-3,-35,15,-4,1,14,23,-12,0,2,-25,9,-19
4.625,8.0625,7.25,-3.6875,-5.125,-1.5,11.063,13.688,11.563,19.375,37.75,77.5,93.188,90.25,107.88,115.06,94.5,73.313,81.75,75.563,79.25,73.25,66.375,51.125,54.25,44.313,22.125,9.1875,10.188,4.5625,9.6875,10.5,-3.9375,-7.1875,5.125
4.625,8.0625,7.25,-3.6875,-5.125,-1.5,11.063,13.688,11.563,19.375,37.75,77.5,93.188,90.25,107.88,115.06,94.5,73.313,81.75,75.563,79.25,73.25,66.375,51.125,54.25,44.313,22.125,9.1875,10.188,4.5625,9.6875,10.5,-3.9375,-7.1875,5.125
4.625,8.0625,7.25,-3.6875,-5.125,-1.5,11.063,13.688,11.563,19.375,37.75,77.5,93.188,90.25,107.88,115.06,94.5,73.313,81.75,75.563,79.25,73.25,66.375,51.125,54.25,44.313,22.125,9.1875,10.188,4.5625,9.6875,10.5,-3.9375,-7.1875,5.125
3.5212,3.5241,3.5306,3.5344,3.5389,3.5442,3.5597,3.5816,3.6007,3.6262,3.6681,3.747,3.8336,3.8716,3.8957,3.8994,3.8634,3.7595,3.5582,3.4014,3.2712,3.1559,3.0569,2.9757,2.9257,2.8689,2.7807,2.6782,2.5772,2.4811,2.419,2.3681,2.296,2.2741,2.2711
6.1611,6.1916,6.204,6.2106,6.2202,6.2345,6.2395,6.244,6.2438,6.2389,6.2317,6.2314,6.2704,6.4,6.4939,6.6004,6.6947,6.7806,6.8677,6.9301,6.9711,7.0004,7.0379,7.0526,7.0643,7.0796,7.0967,7.1105,7.1242,7.1382,7.1478,7.1578,7.1666,7.1721,7.1767
1.9201,1.9135,1.9059,1.9072,1.9178,1.9269,1.9338,1.939,1.945,1.9529,1.9611,1.9752,1.9557,1.8219,1.7067,1.5585,1.3839,1.1692,0.84933,0.58489,0.35055,0.13871,9.9041,9.7595,9.6452,9.5327,9.4098,9.293,9.1779,9.0714,8.9973,8.9331,8.8551,8.8418,8.8367
-1.0313,-1.0361,-0.98926,-0.96484,-0.91992,-0.91992,-0.91992,-0.8457,-0.74463,-0.69434,-0.69434,-0.71924,-0.72363,-0.73438,-0.7666,-0.73877,-0.73877,-0.74316,-0.75293,-0.74316,-0.7417,-0.75244,-0.75537,-0.75635,-0.74854,-0.75488,-0.75488,-0.76074,-0.74121,-0.72705,-0.76563,-0.76123,-0.74072,-0.75244,-0.75781
-0.33154,-0.33105,-0.34473,-0.33887,-0.3335,-0.3335,-0.3335,-0.31982,-0.42041,-0.51465,-0.51465,-0.63135,-0.56592,-0.61523,-0.58984,-0.61133,-0.61133,-0.59619,-0.56836,-0.56885,-0.59473,-0.58496,-0.58105,-0.5791,-0.5874,-0.5791,-0.5791,-0.58252,-0.57373,-0.5625,-0.5293,-0.54395,-0.479,-0.43115,-0.35547
0.25244,0.30566,0.40332,0.37012,0.41943,0.41943,0.41943,0.47021,0.36523,0.47266,0.47266,0.30322,0.37549,0.34229,0.41748,0.42578,0.42578,0.43311,0.44775,0.4248,0.43066,0.41553,0.43115,0.42773,0.44287,0.4248,0.4248,0.42627,0.42188,0.42139,0.46729,0.41064,0.36279,0.28613,0.34961
23,0,40,11,-7,-7,-3,1,-3,-10,13,-5,12,-5,-16,12,-25,-6,-16,-5,-6,1,0,3,6,3,-9,-3,-11,15,9,0,7,1,0
27,-7,42,25,-4,-4,1,10,-7,7,29,-4,12,-9,-12,18,6,0,-9,2,-1,-16,13,0,12,10,-5,-1,-15,16,13,2,3,0,3
32,7,31,50,16,16,0,23,-13,19,52,-3,28,-26,-4,21,9,1,-12,6,-11,-5,25,9,23,13,-9,-7,-30,15,29,0,5,-1,4
13,26,19,68,3,3,-7,78,-24,35,60,11,50,-19,30,28,-3,-15,-36,6,-24,40,52,18,69,18,-37,-19,-49,67,51,7,10,3,8
17,-4,46,37,-7,-7,-12,28,-14,18,16,-9,23,-11,-2,18,-13,-3,-30,8,-13,-5,24,5,29,8,-22,7,-21,35,31,4,7,2,-2
14,-10,34,23,-6,-6,-11,21,-6,13,11,-4,8,-3,-7,10,0,-2,-15,0,-6,-1,17,0,11,3,-5,3,-13,10,17,2,3,3,0
10,-10,17,9,-11,-11,-18,10,0,9,30,-7,-1,-3,-7,7,-3,0,-4,-9,2,-3,4,2,6,2,-3,5,-12,3,11,9,12,-16,-5
11,-8,19,7,-8,-8,-4,3,-1,-1,14,-6,5,-3,-7,15,-11,-4,-7,-5,-3,0,3,2,6,2,-6,1,-12,11,16,4,10,-1,0
-98.5,-94.188,-95.063,-88.75,-76.75,-76.75,-76.75,-96.938,-93.063,-80.75,-80.75,-58.375,-29.375,-8.4375,9.25,1.0625,1.0625,5.8125,-0.5,-8.25,-0.5625,0.625,-0.5,0.75,1.125,1.375,1.375,4.5625,9.8125,13.938,29.438,47.75,74,98.375,109.44
-98.5,-94.188,-95.063,-88.75,-76.75,-76.75,-76.75,-96.938,-93.063,-80.75,-80.75,-58.375,-29.375,-8.4375,9.25,1.0625,1.0625,5.8125,-0.5,-8.25,-0.5625,0.625,-0.5,0.75,1.125,1.375,1.375,4.5625,9.8125,13.938,29.438,47.75,74,98.375,109.44
-98.5,-94.188,-95.063,-88.75,-76.75,-76.75,-76.75,-96.938,-93.063,-80.75,-80.75,-58.375,-29.375,-8.4375,9.25,1.0625,1.0625,5.8125,-0.5,-8.25,-0.5625,0.625,-0.5,0.75,1.125,1.375,1.375,4.5625,9.8125,13.938,29.438,47.75,74,98.375,109.44
3.4423,3.5569,3.5949,3.6083,3.6489,3.6489,3.6489,3.6395,3.5962,3.5699,3.5699,3.4368,3.3953,3.3867,3.3883,3.4102,3.4102,3.4257,3.4305,3.4282,3.4306,3.436,3.4423,3.4511,3.4542,3.46,3.46,3.4723,3.4869,3.4978,3.5577,3.6216,3.6919,3.7796,3.874
6.8699,6.7071,6.5892,6.5378,6.3882,6.3882,6.3882,6.2514,6.1539,6.1063,6.1063,6.1104,6.1444,6.1557,6.1795,6.2074,6.2074,6.2092,6.2129,6.2165,6.218,6.2195,6.2211,6.2254,6.2272,6.235,6.235,6.2396,6.2413,6.2401,6.241,6.2534,6.2672,6.2855,6.3212
0.6222,0.92941,1.0969,1.1718,1.3804,1.3804,1.3804,1.5703,1.7366,1.8365,1.8365,1.8836,1.8827,1.8784,1.8662,1.8811,1.8811,1.8918,1.8942,1.8974,1.9021,1.9063,1.9127,1.9205,1.9227,1.9238,1.9238,1.9293,1.9359,1.9401,1.9604,1.9685,1.9648,1.9514,1.9184
-1.0151,-1.1162,-1.0054,-1.0034,-1.0566,-1.0728,-1.0757,-1.1826,-1.001,-0.91943,-0.80078,-0.71729,-0.79053,-0.69775,-0.66455,-0.68408,-0.77539,-0.7334,-0.71826,-0.72314,-0.75244,-0.71631,-0.72314,-0.72607,-0.72217,-0.6958,-0.72461,-0.70996,-0.71924,-0.76514,-0.84619,-0.84033,-0.97168,-0.98535,-0.87402
-0.2124,-0.15674,-0.23096,-0.25,-0.30273,-0.3335,-0.34082,-0.29785,-0.28613,-0.25488,-0.27197,-0.39746,-0.34766,-0.45215,-0.55859,-0.54346,-0.60352,-0.58105,-0.62256,-0.61328,-0.61426,-0.58643,-0.56885,-0.56104,-0.57227,-0.55615,-0.53076,-0.47852,-0.40479,-0.33057,-0.36719,-0.35107,-0.3252,-0.35498,-0.38379
-0.01709,0.14258,0.043945,0.05957,0.054199,0.1875,0.29199,0.47119,0.50049,0.57764,0.41064,0.40674,0.21191,0.28271,0.26172,0.38916,0.45703,0.53809,0.49268,0.50098,0.49854,0.45166,0.44385,0.47266,0.48047,0.44434,0.43652,0.38721,0.28369,0.32959,0.37549,0.42529,0.49854,0.60596,0.59424
-6,1,11,1,-25,-6,-18,15,-7,-6,2,-15,-2,-22,-7,-14,1,-9,-5,4,7,-15,5,2,3,6,2,-1,0,-6,8,4,-5,4,2
-8,4,13,-3,-26,12,4,4,0,-18,-7,-12,5,-23,-9,-8,-6,-19,-2,-10,0,12,-9,2,3,-1,3,0,0,-14,7,4,1,7,2
-6,9,17,-3,4,32,-7,-26,7,-22,-12,-11,24,-49,-30,12,-27,-26,-14,-12,2,32,-12,7,7,4,-2,0,4,-34,12,6,0,9,6
8,-1,26,-15,68,64,-7,-37,14,12,-5,-4,6,-101,-80,54,-41,-11,-45,-4,-4,5,-25,24,2,11,-6,-6,14,-76,28,14,-2,19,4
-14,2,23,1,-6,10,-3,-18,-10,-22,-4,-2,12,-61,-19,15,-3,-19,-1,-1,15,18,3,5,12,-10,0,-5,2,-30,11,9,0,19,-9
-11,-2,10,-7,-6,2,-1,-14,8,-24,3,2,9,-42,-12,14,-6,-17,-1,-1,12,11,4,5,2,-11,-2,-2,3,-15,8,4,3,10,5
-14,6,0,-5,-3,-6,4,0,-1,-17,7,14,23,-11,-17,2,-6,-15,7,-9,17,-3,2,6,4,-17,-20,-15,5,0,4,-15,35,-26,-3
-5,-2,1,-3,-9,-4,2,0,-1,-9,0,-19,11,-31,-11,-9,-5,-6,-3,4,3,-3,3,5,3,47,-9,-3,-4,-6,4,1,-17,-1,13
-24.313,-19.563,-29.625,-34.313,-55.688,-84.75,-106.38,-141.44,-142.81,-129,-112.25,-129.88,-90.25,-89.063,-43.125,-2.25,19,4,0.3125,-1.4375,-8.875,-18.5,-7.75,4,14.75,21.813,35.625,65.188,107.56,104.94,108.94,126.63,111.31,106.25,75.563
-24.313,-19.563,-29.625,-34.313,-55.688,-84.75,-106.38,-141.44,-142.81,-129,-112.25,-129.88,-90.25,-89.063,-43.125,-2.25,19,4,0.3125,-1.4375,-8.875,-18.5,-7.75,4,14.75,21.813,35.625,65.188,107.56,104.94,108.94,126.63,111.31,106.25,75.563
-24.313,-19.563,-29.625,-34.313,-55.688,-84.75,-106.38,-141.44,-142.81,-129,-112.25,-129.88,-90.25,-89.063,-43.125,-2.25,19,4,0.3125,-1.4375,-8.875,-18.5,-7.75,4,14.75,21.813,35.625,65.188,107.56,104.94,108.94,126.63,111.31,106.25,75.563
2.532,2.6464,2.8723,2.9626,3.1014,3.2444,3.3878,3.548,3.636,3.6796,3.6936,3.6605,3.6108,3.5373,3.4722,3.4601,3.484,3.5055,3.5149,3.5153,3.5096,3.4771,3.4689,3.4772,3.5129,3.5452,3.5939,3.6658,3.7682,3.851,3.8905,3.9126,3.8796,3.8159,3.6635
7.1784,7.1605,7.1466,7.1339,7.0927,7.0265,6.9332,6.7436,6.6,6.4342,6.2706,6.1114,6.0156,6.0123,6.0311,6.0722,6.1205,6.1428,6.1602,6.1747,6.1801,6.1833,6.1852,6.1904,6.1979,6.1988,6.1981,6.2036,6.2193,6.2736,6.3751,6.5032,6.6192,6.7147,6.7825
9.369,9.5182,9.8008,9.914,0.11216,0.35264,0.62068,1.0305,1.311,1.5409,1.7307,1.8831,1.9937,2.0402,2.0468,2.0477,2.0475,2.0586,2.0697,2.0661,2.0633,2.0591,2.0601,2.066,2.0817,2.096,2.1146,2.1299,2.1243,2.0715,1.9624,1.8228,1.6218,1.4108,1.134
-1.0908,-1.0762,-1.0356,-0.9458,-0.85107,-0.79199,-0.72217,-0.69678,-0.69873,-0.68994,-0.77637,-0.72949,-0.71094,-0.70117,-0.71143,-0.75635,-0.68848,-0.7168,-0.73145,-0.73047,-0.73828,-0.72949,-0.70215,-0.70752,-0.7876,-0.84131,-0.93115,-0.93555,-1.103,-1.0342,-1.1177,-1.1123,-0.9834,-0.96973,-1.0508
-0.35742,-0.24268,-0.24902,-0.23779,-0.28711,-0.34961,-0.47998,-0.52051,-0.54492,-0.59131,-0.61963,-0.61133,-0.58496,-0.62451,-0.58838,-0.58643,-0.58643,-0.57813,-0.56396,-0.55029,-0.54004,-0.52051,-0.4917,-0.47168,-0.31152,-0.2251,-0.25684,-0.2998,-0.20459,-0.29102,-0.25781,-0.30908,-0.48047,-0.40674,-0.28125
0.354,0.48828,0.40039,0.44629,0.41504,0.31201,0.30225,0.27344,0.36133,0.43799,0.47363,0.5293,0.5083,0.50635,0.47705,0.52344,0.45459,0.45557,0.4624,0.4751,0.47852,0.44922,0.37305,0.31348,0.27051,0.45313,0.39844,0.49609,0.52734,0.43018,0.55371,0.31738,0.19385,-0.04834,-0.20605
-9,7,-6,8,-4,-10,22,-11,-29,5,3,9,-5,1,9,-11,-16,8,-4,-13,4,-2,5,-1,-5,-4,1,0,-6,-8,-3,6,19,4,-1
-19,-5,-7,10,-12,-16,28,-16,-16,-2,4,35,6,22,8,-3,12,-10,1,8,-2,-4,0,5,-9,-8,7,3,-8,-8,-1,4,9,7,6
-5,-5,-18,18,-39,-26,34,-26,-13,-7,7,52,4,19,-10,-7,15,-18,2,8,4,0,-2,5,-21,-7,10,12,-14,-12,-1,6,5,0,-1
-22,29,-41,49,-74,-15,42,-22,-22,-16,24,62,7,14,19,-16,3,-30,9,8,25,-2,0,-1,-41,-8,-1,1,-15,-19,5,6,20,-5,-6
-39,15,-12,8,-24,-18,41,-15,-33,-4,6,47,13,16,-2,-6,-6,-19,5,5,7,2,4,4,-23,-3,3,0,-7,-9,-2,4,1,1,-3
-31,7,-4,-2,-8,-13,31,-17,-15,-4,10,31,3,9,6,4,-3,-5,4,1,3,1,9,3,-11,-2,5,-2,1,0,-3,-5,0,-2,1
-13,4,0,5,-8,-26,24,-13,-7,3,2,23,5,6,31,-2,-3,-4,4,-39,-3,28,8,4,-9,0,7,0,-11,5,13,-52,-13,-23,-18
-12,3,-2,9,-3,-4,18,-12,-17,3,-3,15,-4,-1,11,-6,-15,6,0,3,-4,0,16,3,-2,-6,1,0,-6,-2,-3,9,46,12,-20
-102.31,-125.31,-127.38,-122.38,-138.56,-147.69,-139,-87.625,-32.75,2.6875,14.813,3,-14.625,-2.1875,-4.375,-9.8125,4,8.25,13.125,16.5,42.563,70.625,107.88,132.44,160.56,137.56,118.06,102.13,88.188,52.813,32.063,41.188,63.938,91.875,97.625
-102.31,-125.31,-127.38,-122.38,-138.56,-147.69,-139,-87.625,-32.75,2.6875,14.813,3,-14.625,-2.1875,-4.375,-9.8125,4,8.25,13.125,16.5,42.563,70.625,107.88,132.44,160.56,137.56,118.06,102.13,88.188,52.813,32.063,41.188,63.938,91.875,97.625
-102.31,-125.31,-127.38,-122.38,-138.56,-147.69,-139,-87.625,-32.75,2.6875,14.813,3,-14.625,-2.1875,-4.375,-9.8125,4,8.25,13.125,16.5,42.563,70.625,107.88,132.44,160.56,137.56,118.06,102.13,88.188,52.813,32.063,41.188,63.938,91.875,97.625
3.3388,3.5679,3.6663,3.7123,3.7168,3.6699,3.5825,3.5054,3.4645,3.4538,3.4722,3.4881,3.4884,3.4876,3.4856,3.4775,3.4761,3.4915,3.5225,3.5373,3.6071,3.6823,3.7831,3.8501,3.9933,4.1173,4.1066,4.0334,3.8897,3.6762,3.4898,3.2185,3.1618,3.113,3.0516
6.8979,6.7039,6.5607,6.3996,6.2487,6.117,6.0207,5.9884,6.004,6.0696,6.1072,6.1243,6.1421,6.1441,6.1495,6.1535,6.1577,6.1639,6.1691,6.1712,6.1822,6.1887,6.1988,6.2057,6.2444,6.4078,6.5657,6.7152,6.845,6.9361,6.9864,7.065,7.0728,7.0711,7.0897
0.62529,1.0878,1.3662,1.5944,1.8025,1.9618,2.0807,2.144,2.1627,2.1612,2.1646,2.1745,2.186,2.1891,2.1882,2.1813,2.1756,2.1835,2.1968,2.2033,2.2264,2.2331,2.2251,2.217,2.1733,2.0255,1.8465,1.6201,1.3416,1.0394,0.79187,0.4189,0.29401,0.14917,9.9721
-1.0156,-0.99463,-1.0005,-0.98242,-1.0454,-1.0518,-1.021,-1.0342,-1.0249,-1.0596,-1.0718,-1.02,-0.97656,-0.94775,-0.94775,-0.87842,-0.81641,-0.76172,-0.75586,-0.71094,-0.69092,-0.69189,-0.69189,-0.73779,-0.71582,-0.69189,-0.71143,-0.73145,-0.75,-0.73486,-0.74756,-0.72803,-0.69336,-0.69238,-0.73486
-0.20215,-0.21582,-0.20605,-0.22168,-0.27295,-0.28564,-0.27588,-0.28076,-0.27783,-0.27539,-0.41455,-0.1875,-0.25635,-0.30078,-0.30078,-0.3374,-0.40527,-0.45264,-0.50977,-0.56055,-0.53955,-0.58984,-0.58984,-0.64697,-0.5083,-0.57813,-0.57666,-0.55273,-0.56445,-0.57959,-0.5625,-0.55176,-0.51563,-0.52051,-0.35742
-0.0087891,-0.017578,-0.012695,-0.071777,-0.046387,-0.040039,0.072266,0.12842,0.17383,0.21631,0.3252,0.47168,0.40771,0.4458,0.4458,0.45117,0.32959,0.30713,0.28369,0.32275,0.43457,0.35596,0.35596,0.45996,0.52783,0.4707,0.48877,0.47314,0.48926,0.4707,0.49609,0.48486,0.45557,0.41211,0.35107
-11,-14,1,0,-16,15,9,2,-31,12,-2,-18,3,-17,-17,8,-1,-7,-16,-3,-8,-5,-5,3,14,9,-9,0,8,-6,-5,12,5,3,0
-4,-16,-1,3,-8,7,20,-13,10,-14,4,-23,-8,-22,-22,9,0,-17,-30,1,-1,-5,-5,6,16,-5,1,-2,13,-6,-7,22,2,1,6
-1,-7,-6,3,-14,3,4,-9,28,-42,20,-10,-30,-37,-37,7,-4,-26,-27,-20,-22,-26,-26,-4,18,-11,10,-7,8,4,-5,29,3,-1,8
-4,-5,9,-17,-18,20,-7,27,27,-40,35,-18,-55,-12,-12,-16,-11,-42,42,-56,-52,-84,-84,26,9,21,29,-17,7,42,1,24,-3,-3,-7
0,-4,-8,7,-29,22,28,10,5,5,15,-33,-30,-29,-29,7,-12,-34,-15,-6,17,-26,-26,-1,11,9,5,-17,18,7,-7,15,1,-2,4
4,-9,-6,6,-15,12,16,14,1,12,8,-11,-24,-16,-16,-7,4,-15,-5,-1,5,-4,-4,-2,16,8,-3,-9,11,5,-1,13,2,1,3
18,-30,-13,2,-15,1,3,7,2,4,-1,-4,-9,-13,-13,4,-20,0,20,-14,-5,3,3,-8,9,-8,-17,6,21,8,7,-47,4,5,2
-4,3,-5,-1,-10,6,6,4,-4,10,2,-5,-4,-7,-7,6,8,-8,-14,-12,-26,-9,-9,-1,13,2,-8,2,-14,4,-5,31,-3,3,1
-0.5625,-3.625,-0.8125,-8.4375,-3,-8.25,-14.688,-21.75,-49.563,-77.25,-108.94,-140.06,-131.75,-109.56,-109.56,-100.06,-103.81,-110.31,-107.94,-54.688,-18.125,11.688,11.688,30.188,0.25,-8.9375,10.438,11.438,6,6.5,8.5625,12.625,33.313,46.5,101.56
-0.5625,-3.625,-0.8125,-8.4375,-3,-8.25,-14.688,-21.75,-49.563,-77.25,-108.94,-140.06,-131.75,-109.56,-109.56,-100.06,-103.81,-110.31,-107.94,-54.688,-18.125,11.688,11.688,30.188,0.25,-8.9375,10.438,11.438,6,6.5,8.5625,12.625,33.313,46.5,101.56
-0.5625,-3.625,-0.8125,-8.4375,-3,-8.25,-14.688,-21.75,-49.563,-77.25,-108.94,-140.06,-131.75,-109.56,-109.56,-100.06,-103.81,-110.31,-107.94,-54.688,-18.125,11.688,11.688,30.188,0.25,-8.9375,10.438,11.438,6,6.5,8.5625,12.625,33.313,46.5,101.56
2.5133,2.5184,2.5234,2.522,2.5192,2.5303,2.5956,2.7067,2.8567,3.0364,3.2103,3.4513,3.542,3.6192,3.6192,3.6674,3.6718,3.627,3.5399,3.4823,3.4615,3.4479,3.4479,3.4611,3.4775,3.4761,3.5005,3.5231,3.5411,3.5566,3.573,3.5925,3.6506,3.6799,3.8089
7.1746,7.1757,7.1745,7.1736,7.154,7.1324,7.1073,7.0752,7.0295,6.975,6.8785,6.708,6.5767,6.4418,6.4418,6.3078,6.1298,6.0438,5.9986,5.9997,6.0248,6.0821,6.0821,6.1119,6.1345,6.145,6.1573,6.1654,6.1764,6.182,6.1858,6.1851,6.1844,6.1852,6.2119
9.4314,9.4406,9.4471,9.4542,9.4658,9.4849,9.5675,9.7019,9.9036,0.17131,0.48077,0.98323,1.2635,1.5146,1.5146,1.7255,1.971,2.0935,2.1692,2.2072,2.2161,2.1903,2.1903,2.1613,2.1609,2.1689,2.1842,2.1935,2.2041,2.2142,2.2225,2.2314,2.2534,2.2604,2.2459
-0.81543,-0.73584,-0.71973,-0.72119,-0.69727,-0.71289,-0.71826,-0.70996,-0.74121,-0.72754,-0.73389,-0.71191,-0.73291,-0.75439,-0.74365,-0.75244,-0.76221,-0.76465,-0.74951,-0.78271,-0.71973,-0.76025,-0.96729,-0.95459,-1.0269,-0.98535,-0.89697,-0.98877,-1.0029,-1.0439,-0.99805,-1.0405,-0.9917,-1.0278,-1.0083
-0.36719,-0.4585,-0.4668,-0.47363,-0.54004,-0.56641,-0.56445,-0.62207,-0.61865,-0.60254,-0.55762,-0.53174,-0.55127,-0.54834,-0.55371,-0.53662,-0.54004,-0.50146,-0.42969,-0.37451,-0.28174,-0.40234,-0.40967,-0.28516,-0.24805,-0.18555,-0.19971,-0.38818,-0.35645,-0.26074,-0.27881,-0.3208,-0.25879,-0.18457,-0.16699
0.34619,0.31396,0.33252,0.35986,0.45361,0.49121,0.56641,0.48779,0.51221,0.5415,0.52197,0.49268,0.47803,0.47949,0.47119,0.47461,0.48682,0.49414,0.4502,0.35498,0.18994,0.40723,0.4668,0.45557,0.55029,0.51709,0.43066,0.29199,0.17285,0.095703,-0.088379,-0.12842,-0.091309,0.068359,0.054199
2,8,5,10,-10,3,6,10,-10,-6,-15,-21,2,2,11,-2,-10,0,-3,1,3,4,9,2,0,5,9,9,3,18,-11,4,11,-40,-7
1,13,16,11,-31,-8,36,10,-16,0,-2,-8,18,-2,12,-4,-7,-2,0,1,-6,-1,16,6,-2,10,13,0,4,9,-2,-8,10,-24,-1
-1,21,22,14,-56,9,65,33,-30,21,-11,-22,48,4,21,-3,-1,-8,-2,-2,-5,3,29,11,-5,15,18,-2,6,4,1,-6,5,-11,1
-8,25,29,36,-85,37,39,76,-40,54,-57,-76,88,47,-1,16,18,-7,-4,-3,-6,10,54,11,-5,24,42,-4,6,2,15,-10,2,-1,7
-6,7,19,21,-29,7,27,36,-20,0,-25,-31,16,2,20,10,-3,3,2,-2,-3,4,26,9,-3,14,25,-3,7,0,6,-2,1,-2,5
2,5,17,6,-3,-1,14,8,-12,-11,-8,-13,7,-1,9,1,-4,-1,6,1,-1,-2,14,7,-1,3,12,-2,3,-7,8,-2,3,-4,0
8,9,66,3,-35,-3,11,22,-18,2,-1,-6,26,2,-3,-2,-5,13,8,-9,1,12,12,0,-2,-3,1,-53,0,-3,19,-4,6,-6,-11
2,9,9,10,-18,2,9,12,-14,-3,-8,-12,14,1,4,-3,-8,-5,-4,2,2,4,7,2,-2,3,8,30,-1,31,0,-7,-1,-38,-14
-137.19,-89,-54.5,-28.5,3.9375,8.75,4.6875,-2.0625,-12.563,-15.188,-10.625,-4.5625,2.1875,9.1875,10.25,16.75,31.063,34.5,54.625,74.688,112.63,112.5,116.75,118.69,71.25,60,66.5,78.625,113.63,100.75,57,50.188,42.375,24.313,9.25
-137.19,-89,-54.5,-28.5,3.9375,8.75,4.6875,-2.0625,-12.563,-15.188,-10.625,-4.5625,2.1875,9.1875,10.25,16.75,31.063,34.5,54.625,74.688,112.63,112.5,116.75,118.69,71.25,60,66.5,78.625,113.63,100.75,57,50.188,42.375,24.313,9.25
-137.19,-89,-54.5,-28.5,3.9375,8.75,4.6875,-2.0625,-12.563,-15.188,-10.625,-4.5625,2.1875,9.1875,10.25,16.75,31.063,34.5,54.625,74.688,112.63,112.5,116.75,118.69,71.25,60,66.5,78.625,113.63,100.75,57,50.188,42.375,24.313,9.25
3.6822,3.5922,3.5534,3.5296,3.5344,3.5502,3.5671,3.5695,3.5558,3.5404,3.5366,3.5383,3.5463,3.5724,3.5818,3.6065,3.6612,3.6817,3.7571,3.8253,3.9286,3.9887,4.0093,3.9962,3.8955,3.7168,3.6335,3.4089,3.1685,3.0963,2.8341,2.5869,2.4804,2.3006,2.2317
6.1572,6.0326,6.0069,6.0138,6.0666,6.1127,6.1496,6.1774,6.1878,6.1866,6.1849,6.1891,6.1966,6.2065,6.2098,6.2165,6.2292,6.2314,6.2429,6.2762,6.3343,6.4279,6.5404,6.6511,6.7496,6.8911,6.9447,7.0267,7.0784,7.0968,7.1204,7.1334,7.1418,7.1451,7.144
2.0529,2.2027,2.2585,2.2837,2.3063,2.3122,2.3202,2.3228,2.3162,2.3145,2.3144,2.3236,2.3308,2.3444,2.3489,2.3584,2.3741,2.3748,2.3698,2.3582,2.344,2.2654,2.1302,1.953,1.7339,1.4167,1.2873,0.95721,0.51843,0.38615,9.9988,9.689,9.5572,9.338,9.2611
-1.0562,-1.0928,-1.021,-1.0259,-0.89063,-0.85449,-0.77246,-0.75195,-0.70068,-0.6665,-0.69141,-0.67725,-0.75732,-0.71875,-0.74805,-0.71631,-0.72607,-0.72314,-0.7334,-0.72998,-0.72266,-0.72119,-0.72363,-0.72363,-0.73096,-0.71094,-0.7124,-0.74072,-0.91455,-0.84131,-0.80322,-0.98779,-0.99512,-1.061,-1.0317
-0.27441,-0.31787,-0.2793,-0.26123,-0.19775,-0.26416,-0.37549,-0.47168,-0.48096,-0.48682,-0.55518,-0.57813,-0.59619,-0.56738,-0.59131,-0.59668,-0.58301,-0.58545,-0.58936,-0.56299,-0.5542,-0.5459,-0.5542,-0.52979,-0.48779,-0.53027,-0.41309,-0.32178,-0.35352,-0.3374,-0.37549,-0.2749,-0.24902,-0.32959,-0.093262
0.30225,0.33936,0.37305,0.44043,0.46484,0.47852,0.39111,0.38965,0.29883,0.27979,0.3877,0.4585,0.48193,0.53125,0.52441,0.50928,0.50586,0.48926,0.50195,0.49072,0.49805,0.47949,0.47754,0.47168,0.46143,0.4292,0.29688,0.24316,0.60449,0.61279,0.53906,0.36475,0.53809,0.39844,0.29346
-10,22,8,-11,-14,18,9,-4,15,-11,3,-8,4,0,4,12,5,2,-9,-2,-5,0,0,-1,3,5,-1,0,-4,2,6,2,-3,5,-4
26,8,-1,6,-7,21,15,10,4,-18,16,-4,0,6,6,3,16,-8,-13,4,-4,1,7,-1,2,7,-2,1,-4,4,7,4,-5,2,-2
46,10,14,9,11,19,15,25,2,-24,31,-4,0,11,8,2,20,-4,-28,17,6,4,19,-1,-5,6,-3,1,-9,10,10,11,-12,0,0
79,42,-10,28,38,29,27,33,-21,-48,32,6,-21,16,28,16,25,16,-84,26,20,6,19,1,-20,5,-5,1,-10,12,12,19,-3,-8,-2
41,43,-5,24,-2,31,18,10,-12,-46,19,-2,-1,18,17,0,41,1,-35,17,4,8,13,8,-1,2,-1,0,-7,8,8,12,6,-4,-1
17,25,-10,22,-3,23,9,5,0,-14,10,-5,-5,12,12,6,20,1,-17,8,-1,9,8,7,-2,1,0,1,-3,2,7,-1,-2,2,-5
2,12,5,22,1,18,6,10,-8,0,-4,-15,3,2,7,9,6,-5,-8,4,2,2,1,9,-14,0,-3,-3,-2,15,7,0,-3,1,-2
4,7,5,4,-5,18,5,0,35,-4,8,-8,3,3,1,12,5,2,-8,1,3,7,-1,11,-1,9,-4,0,-5,5,4,2,-2,-2,-3
-88.5,-95.563,-111.88,-99.688,-109.81,-140.06,-140.88,-126.38,-100.13,-67.813,-29.313,-4.875,18.5,-0.4375,-4.6875,0.5,-2.75,-5.6875,-11.688,-2.5625,3.9375,4.375,8.875,24.938,41.625,83.438,104.06,99.188,98.688,121.88,138.25,91.5,90.75,120.81,117.81
-88.5,-95.563,-111.88,-99.688,-109.81,-140.06,-140.88,-126.38,-100.13,-67.813,-29.313,-4.875,18.5,-0.4375,-4.6875,0.5,-2.75,-5.6875,-11.688,-2.5625,3.9375,4.375,8.875,24.938,41.625,83.438,104.06,99.188,98.688,121.88,138.25,91.5,90.75,120.81,117.81
-88.5,-95.563,-111.88,-99.688,-109.81,-140.06,-140.88,-126.38,-100.13,-67.813,-29.313,-4.875,18.5,-0.4375,-4.6875,0.5,-2.75,-5.6875,-11.688,-2.5625,3.9375,4.375,8.875,24.938,41.625,83.438,104.06,99.188,98.688,121.88,138.25,91.5,90.75,120.81,117.81
3.2491,3.448,3.6502,3.7243,3.7766,3.7701,3.7216,3.6526,3.5842,3.5156,3.477,3.4721,3.4972,3.5169,3.527,3.5374,3.5414,3.5443,3.5327,3.5318,3.5444,3.5513,3.577,3.6181,3.6689,3.7447,3.8322,3.8662,3.9205,3.9484,3.9681,3.8907,3.7418,3.6802,3.5524
7.0091,6.9021,6.7032,6.5654,6.4279,6.2833,6.1534,6.0522,5.9936,5.9939,6.0238,6.0631,6.1099,6.1328,6.1479,6.1513,6.1522,6.1584,6.1675,6.1707,6.1733,6.1752,6.1806,6.1846,6.1919,6.2017,6.2271,6.2553,6.3809,6.44,6.5013,6.7323,6.8823,6.9591,7.1062
0.57521,0.89704,1.311,1.5346,1.7472,1.9302,2.0858,2.2025,2.287,2.3236,2.3308,2.3398,2.3398,2.3551,2.3698,2.3853,2.3914,2.4039,2.4118,2.4156,2.4235,2.4282,2.4447,2.4575,2.4707,2.4675,2.4367,2.4098,2.274,2.2218,2.15,1.7762,1.4648,1.3269,0.94674
-1.0518,-1.0269,-1.0352,-1.0605,-1.0879,-1.0703,-1.002,-0.97852,-0.94189,-0.83984,-0.78467,-0.69434,-0.67578,-0.68408,-0.68848,-0.75928,-0.71094,-0.69629,-0.72217,-0.73682,-0.74756,-0.74902,-0.73633,-0.73145,-0.72266,-0.73486,-0.73242,-0.74609,-0.77441,-0.93164,-0.97754,-1.0093,-1.0313,-0.87842,-1.1733
-0.229,-0.24902,-0.24316,-0.27588,-0.24854,-0.26025,-0.23145,-0.28564,-0.25342,-0.28076,-0.40625,-0.51514,-0.50391,-0.56543,-0.60156,-0.58887,-0.54785,-0.60693,-0.58252,-0.55469,-0.55225,-0.55078,-0.55176,-0.54834,-0.52686,-0.47998,-0.46045,-0.33984,-0.34619,-0.35449,-0.2915,-0.21777,-0.13672,-0.25,-0.3457
-0.068848,0.060059,0.17822,0.25879,0.30127,0.43213,0.52051,0.48096,0.41406,0.3125,0.29395,0.30566,0.30225,0.33105,0.4292,0.41748,0.55176,0.521,0.49072,0.50732,0.50732,0.4668,0.48584,0.46533,0.46484,0.43994,0.38623,0.25732,0.30664,0.38232,0.37354,0.48145,0.5,0.36133,0.31641
11,-38,-17,-15,-31,-6,-18,1,-5,-6,14,7,-1,5,15,3,3,10,7,19,-15,-1,10,-3,6,-4,0,5,-3,-5,-4,1,-10,-1,-12
-9,-18,-31,0,-30,18,-30,6,-11,-18,19,15,3,3,12,7,21,23,-23,-6,2,-1,3,-8,1,-2,-1,1,-5,2,-5,2,-12,1,-21
-3,15,-22,-13,-12,16,-26,19,-11,-25,17,12,0,-10,1,2,35,26,-7,-26,5,-3,13,-20,-2,1,-1,2,-11,2,-2,3,-15,-1,-21
8,-15,79,27,-44,9,14,25,5,-32,0,-1,29,-44,-27,-13,36,36,5,-31,20,5,31,-42,-2,2,6,-6,-14,-2,-1,-3,-1,-5,1
9,-21,-30,0,-31,28,-25,14,-10,-21,19,12,-13,-21,10,17,35,38,-5,-6,8,12,24,-14,-2,-3,2,3,-10,0,-1,-3,-2,-1,-14
2,-30,-25,-2,-23,18,-29,10,-10,-8,21,11,-10,-7,10,12,21,21,-4,0,-7,8,17,-10,-2,-5,1,1,-5,3,-1,-4,-1,-5,-10
-9,-22,-19,-5,-15,12,-15,12,-2,-5,15,5,-5,-3,9,3,17,11,-3,0,-14,-9,-5,0,-3,-9,-6,-1,-6,-5,2,-2,-1,-13,3
1,-24,-16,-11,-23,8,-17,3,0,-3,11,2,-3,3,8,6,6,8,2,8,-11,-3,3,-20,13,-33,2,3,0,0,-5,-3,-3,2,-5
-16.625,-23.25,-48.75,-77.875,-107.06,-114.31,-123.63,-131.19,-127.06,-135.5,-158.63,-120.25,-69.688,-19.938,16.063,31.375,21.75,10.125,2.4375,-3.4375,-3,-0.5,7.25,14,18.625,33.75,64.688,102.38,110.44,127.06,145.38,100.88,83.688,101.63,151.13
-16.625,-23.25,-48.75,-77.875,-107.06,-114.31,-123.63,-131.19,-127.06,-135.5,-158.63,-120.25,-69.688,-19.938,16.063,31.375,21.75,10.125,2.4375,-3.4375,-3,-0.5,7.25,14,18.625,33.75,64.688,102.38,110.44,127.06,145.38,100.88,83.688,101.63,151.13
-16.625,-23.25,-48.75,-77.875,-107.06,-114.31,-123.63,-131.19,-127.06,-135.5,-158.63,-120.25,-69.688,-19.938,16.063,31.375,21.75,10.125,2.4375,-3.4375,-3,-0.5,7.25,14,18.625,33.75,64.688,102.38,110.44,127.06,145.38,100.88,83.688,101.63,151.13
2.5887,2.6568,2.8754,3.0827,3.2835,3.5402,3.6647,3.6976,3.7355,3.7098,3.6277,3.538,3.4714,3.439,3.4451,3.4712,3.5116,3.5353,3.5475,3.5489,3.5503,3.5519,3.5625,3.5823,3.609,3.6503,3.7169,3.8032,3.8663,3.9032,3.9147,3.839,3.7136,3.4877,3.1774
7.1609,7.143,7.0969,7.0391,6.9582,6.7818,6.6356,6.5558,6.391,6.1711,6.0553,5.9815,5.9684,5.9982,6.0515,6.0842,6.1219,6.1456,6.1666,6.1739,6.1775,6.1861,6.1888,6.1898,6.1874,6.187,6.2029,6.2506,6.325,6.4996,6.5683,6.7464,6.8542,6.974,7.0741
9.8279,9.9186,0.20469,0.49821,0.82316,1.3062,1.5985,1.723,1.945,2.2153,2.3502,2.4489,2.4969,2.5076,2.5033,2.4929,2.4991,2.5098,2.5115,2.511,2.5134,2.5159,2.5194,2.526,2.536,2.5477,2.5553,2.5329,2.4585,2.258,2.1737,1.8605,1.609,1.2577,0.76537
