-0.3584,-0.38428,-0.3877,-0.38867,-0.3584,-0.33691,-0.32715,-0.3623,-0.36426,-0.4082,-0.4082,-0.42725,-0.41504,-0.39111,-0.38525,-0.40039,-0.33398,-0.22803,-0.064941,-0.098145,-0.057617,0.17822,0.11133,0.46094,0.91943,0.94238,1.0234,1.0205,0.96387,0.9082,0.89404,0.8999,0.90283,0.8916,0.88477
-0.94043,-0.9126,-0.95801,-0.89844,-0.94043,-0.94092,-0.91357,-0.89307,-0.90039,-0.86572,-0.86572,-0.87305,-0.98389,-0.88672,-0.89844,-0.87988,-0.92969,-0.87842,-0.82178,-0.63965,-0.82471,-0.82178,-0.87158,-1.064,-0.87354,-0.72168,-0.53369,-0.40381,-0.44385,-0.43555,-0.43213,-0.41504,-0.41357,-0.41797,-0.42627
0.23828,0.25391,0.28271,0.29443,0.30664,0.29102,0.26367,0.2583,0.26611,0.27051,0.27051,0.26563,0.27686,0.25439,0.24854,0.22607,0.18262,0.097656,0.18213,0.21875,0.3584,0.39844,0.14551,0.088379,0.13574,-0.03125,-0.0625,-0.13721,-0.089844,-0.045898,-0.048828,-0.070313,-0.070313,-0.070801,-0.049805
-1,-2,-2,-1,0,0,-2,-2,2,0,-1,-1,0,-1,-3,-2,-2,-1,-3,-3,4,0,-2,2,-1,-3,-3,-3,-1,-1,-2,-2,0,-2,-1
1,-1,-1,-4,-2,-1,-3,-3,-1,-1,-3,-4,-1,-2,-1,-1,-1,-2,-2,-1,1,-2,-1,0,-3,-1,-2,-1,0,-3,-2,-2,-1,0,0
-2,-4,0,-2,0,-1,-3,-3,1,0,3,-1,-2,-4,0,0,0,-2,-1,1,0,-1,-1,-1,-3,-3,-1,-1,-4,-1,-2,-2,-1,-1,0
-2,-2,0,0,1,1,-3,-1,-2,1,0,-1,1,-3,-1,-2,-1,-1,-2,-3,-1,-2,-1,2,0,0,0,-1,-1,0,-2,-1,-4,-1,-1
-6,-5,3,-2,-5,-1,0,1,-5,0,1,-1,0,-4,-4,-3,-2,-2,-3,3,2,0,2,5,-2,-1,-4,0,0,-1,-2,0,0,1,-1
-8,-9,11,-6,-10,2,1,-4,-9,-12,3,1,-3,1,-6,3,-1,-6,0,15,1,5,3,9,-2,0,-2,1,1,1,1,0,-3,-2,-1
-10,-6,14,-8,-1,-2,-7,-6,-22,4,2,1,0,5,-9,-3,3,-11,4,3,0,-4,0,3,0,-1,-4,-2,-2,-2,0,0,-2,-1,-2
-5,-2,3,0,-1,2,-4,-7,7,2,3,1,2,5,-7,-3,-3,-2,-1,-2,0,0,-1,1,-1,-2,0,-2,-2,0,-1,0,-2,-3,1
-2.1875,0.1875,-1.375,3.4375,-2.0625,4.4375,5.625,1.625,-0.375,-4.125,-4.125,-1.8125,4.25,-1.9375,1.25,-7.5,-16,-40.438,-71.938,-30.313,7.6875,28.875,38.313,17.188,-4.375,28.563,67.563,17.25,-1.6875,-0.875,-0.0625,0.3125,-6.5,-11.688,-6.1875
-2.1875,0.1875,-1.375,3.4375,-2.0625,4.4375,5.625,1.625,-0.375,-4.125,-4.125,-1.8125,4.25,-1.9375,1.25,-7.5,-16,-40.438,-71.938,-30.313,7.6875,28.875,38.313,17.188,-4.375,28.563,67.563,17.25,-1.6875,-0.875,-0.0625,0.3125,-6.5,-11.688,-6.1875
-2.1875,0.1875,-1.375,3.4375,-2.0625,4.4375,5.625,1.625,-0.375,-4.125,-4.125,-1.8125,4.25,-1.9375,1.25,-7.5,-16,-40.438,-71.938,-30.313,7.6875,28.875,38.313,17.188,-4.375,28.563,67.563,17.25,-1.6875,-0.875,-0.0625,0.3125,-6.5,-11.688,-6.1875
2.9229,2.9317,2.9309,2.9432,2.9422,2.9498,2.9554,2.9588,2.9589,2.9596,2.9596,2.9524,2.9433,2.9482,2.9437,2.9324,2.8987,2.851,2.7716,2.744,2.7524,2.8064,2.828,2.727,2.5905,2.305,2.0432,1.7977,1.8316,1.9896,2.1982,2.3046,2.3743,2.4035,2.4006
5.579,5.5611,5.547,5.5452,5.5498,5.5709,5.5944,5.6278,5.633,5.6518,5.6518,5.6383,5.6348,5.6432,5.65,5.6488,5.6352,5.615,5.553,5.3557,5.1037,4.7403,4.3608,3.891,3.5839,3.2868,3.1586,3.1049,3.1059,3.1251,3.1696,3.2024,3.2271,3.2434,3.2529
3.9874,4.0091,4.0311,4.0313,4.0261,4.0103,4.0002,3.992,3.993,4.0028,4.0028,3.9894,3.971,3.9648,3.9595,3.949,3.9489,3.9873,4.0755,4.2451,4.38,4.5163,4.6512,4.8478,5.0497,5.4312,5.826,6.1883,6.1594,5.9914,5.7691,5.6521,5.5662,5.5117,5.492
-0.043945,-0.086914,-0.18652,-0.26904,-0.35742,-0.33984,-0.30322,-0.27441,-0.27197,-0.30273,-0.3125,-0.3125,-0.39014,-0.41113,-0.41846,-0.42334,-0.34131,-0.31934,-0.31689,-0.32129,-0.36816,-0.4248,-0.44873,-0.4375,-0.37207,-0.36865,-0.37354,-0.38623,-0.39453,-0.3457,-0.20508,0.040039,0.11377,0.28857,0.48291
-0.77686,-0.84326,-0.99902,-0.98193,-0.91406,-1.0308,-0.86816,-0.94336,-0.90332,-0.88916,-0.89014,-0.89014,-0.92627,-0.91113,-0.97119,-0.92041,-0.93066,-0.92969,-0.91992,-0.90527,-0.90527,-0.83057,-0.88525,-0.87598,-0.92236,-0.91748,-0.86719,-0.92578,-0.91992,-0.89063,-0.72656,-0.73145,-0.76758,-1.0454,-1.041
0.14746,0.19092,0.18262,0.21777,0.21436,0.24365,0.26074,0.31494,0.27734,0.25439,0.21826,0.21826,0.229,0.25,0.28711,0.28174,0.26611,0.24609,0.24365,0.25635,0.23242,0.2085,0.18262,0.22803,0.25439,0.23682,0.23145,0.22363,0.19971,0.1499,0.013184,0.18799,0.29053,0.271,0.21924
-4,1,-2,-4,-1,-1,-2,-3,0,1,0,-1,-2,0,-1,0,0,-3,-2,1,-1,0,1,-2,-2,1,0,0,2,-1,-1,1,-1,-1,-2
2,-3,-2,-4,-1,0,-1,-3,-2,-2,0,0,1,-3,-2,0,-1,-2,-1,0,-1,-2,-1,0,-2,2,-4,-1,-2,-1,1,-1,-2,-1,0
-1,-2,0,0,-2,7,-6,-4,-3,1,-39,-1,2,-4,1,-1,-1,0,0,0,-3,-2,-1,-4,1,11,-1,-2,1,-5,-1,-4,3,-3,0
1,1,0,-1,0,-1,-6,-3,0,-2,0,0,0,-1,-1,-1,-2,-1,-3,-3,-2,1,0,-2,0,4,-1,-2,-2,-1,-3,-3,0,0,-1
0,0,-2,-11,-1,-3,-6,-8,-7,-6,6,-5,0,-6,1,6,-7,-5,2,-2,-2,0,5,-2,-3,0,-2,-2,0,1,-1,-4,-1,1,-2
18,3,-13,-34,10,4,-3,-16,-17,-7,25,-15,-7,-17,-14,12,-22,-3,8,-1,4,-3,9,-17,-2,-9,3,3,-4,2,1,-12,-1,5,4
18,3,-5,-21,11,-8,3,-6,21,-5,7,-9,0,-4,19,4,-12,-19,0,-4,13,6,5,9,-12,5,-5,5,-5,1,1,-6,0,3,0
4,0,-7,-16,1,3,0,-1,8,-1,1,-3,-1,-4,9,0,-3,-11,-3,-2,5,5,-6,5,-8,1,-1,0,-2,3,-2,-4,-3,-1,-1
-3.0625,21.5,40.25,8.3125,-12.188,-29.75,-15.563,-4.125,-3.375,12.875,11.625,11.625,10.438,-15.313,1.5,-5.25,2.375,1.25,3,2.25,2.6875,-2.4375,-9.75,1.875,-3,-2.8125,-3.625,-1.5,-6.5625,-11.5,-50.063,-18.625,-1.6875,22.063,35.438
-3.0625,21.5,40.25,8.3125,-12.188,-29.75,-15.563,-4.125,-3.375,12.875,11.625,11.625,10.438,-15.313,1.5,-5.25,2.375,1.25,3,2.25,2.6875,-2.4375,-9.75,1.875,-3,-2.8125,-3.625,-1.5,-6.5625,-11.5,-50.063,-18.625,-1.6875,22.063,35.438
-3.0625,21.5,40.25,8.3125,-12.188,-29.75,-15.563,-4.125,-3.375,12.875,11.625,11.625,10.438,-15.313,1.5,-5.25,2.375,1.25,3,2.25,2.6875,-2.4375,-9.75,1.875,-3,-2.8125,-3.625,-1.5,-6.5625,-11.5,-50.063,-18.625,-1.6875,22.063,35.438
2.8379,2.8446,2.8828,2.9162,2.958,2.94,2.9195,2.8804,2.8729,2.8825,2.8963,2.8963,2.9161,2.9148,2.909,2.9126,2.9021,2.8986,2.9007,2.9066,2.9167,2.9262,2.9192,2.9175,2.9009,2.8897,2.8884,2.8795,2.8714,2.8532,2.8006,2.6594,2.6674,2.6853,2.6949
5.4327,5.457,5.4379,5.4068,5.3847,5.3902,5.4291,5.4677,5.4959,5.532,5.5676,5.5676,5.5797,5.5602,5.5467,5.5504,5.57,5.5882,5.6034,5.6156,5.624,5.6241,5.6198,5.6119,5.6283,5.6343,5.6341,5.6297,5.6248,5.6097,5.5557,5.2469,4.943,4.494,4.174
4.1592,4.0787,4.064,4.0743,4.0785,4.0792,4.0698,4.038,4.0067,3.9845,3.9728,3.9728,4.0209,4.0405,4.0519,4.0454,4.0183,3.998,3.9878,3.9924,4.0027,4.008,4.0087,3.998,3.9891,3.9802,3.9751,3.9674,3.9629,3.9626,3.9932,4.1326,4.2358,4.4055,4.5446
0.20117,0.022949,-0.045898,-0.092773,-0.19238,-0.27637,-0.35352,-0.35645,-0.39307,-0.43945,-0.396,-0.36963,-0.38428,-0.38281,-0.38037,-0.38867,-0.40234,-0.42871,-0.47656,-0.49854,-0.49023,-0.49756,-0.45752,-0.40625,-0.39063,-0.40088,-0.4209,-0.46045,-0.50488,-0.48779,-0.47803,-0.4668,-0.46484,-0.46582,-0.47705
-0.85107,-0.70996,-0.74561,-0.84326,-0.82422,-0.95508,-0.78613,-1.0205,-0.90771,-0.97363,-0.98926,-0.93799,-0.92578,-0.91992,-0.93408,-0.90625,-0.84717,-0.88867,-0.83545,-0.84912,-0.9165,-0.93604,-0.94238,-0.92529,-0.92578,-0.88281,-0.86279,-0.84375,-0.87158,-0.88086,-0.90723,-0.91846,-0.8623,-0.89063,-0.88672
0.30811,0.2168,0.2041,0.13916,0.11963,0.15137,0.099609,0.18213,0.19434,0.17773,0.23193,0.23145,0.23047,0.22266,0.19434,0.14404,0.14404,0.15234,0.14746,0.20068,0.22168,0.23438,0.22266,0.18945,0.18311,0.16943,0.17773,0.16895,0.17578,0.19336,0.18945,0.18359,0.15674,0.15625,0.13037
-1,0,-3,1,0,-1,-1,1,1,-5,1,1,3,-1,0,-2,-1,-1,-2,1,-1,-1,-1,-2,-1,-3,-1,0,-4,-2,-2,-2,-2,-1,-1
-2,0,0,1,-1,-1,-1,0,2,-1,-1,1,3,-1,-2,-1,-2,-2,-2,-1,0,0,-2,-1,0,-1,-2,0,-2,-2,0,-3,0,-3,-2
-1,4,7,-6,0,1,-2,-1,8,1,-6,-3,0,-4,-3,0,-1,-2,-2,0,-3,-1,-3,-1,27,-12,1,-1,1,-2,-4,0,-2,-1,-2
-2,-2,-1,-1,-2,3,0,-2,1,-2,-2,1,-1,-1,-1,-1,-3,-1,0,-2,-2,0,-3,1,-1,-1,-1,1,-2,1,-1,0,-3,1,0
-6,-2,10,0,-1,7,0,4,-4,-6,2,3,1,3,-7,-2,-11,-1,3,-6,-2,-5,-4,-5,0,4,-1,1,-5,-9,-1,0,0,2,-3
-23,2,22,0,-6,20,-3,-2,-8,-20,2,0,14,9,-17,5,-33,2,6,-10,-4,-7,-5,-6,7,22,-3,-1,-5,-23,2,2,3,4,-3
-6,-3,-19,-14,-5,10,-2,3,-6,-15,0,-20,12,-5,7,-18,4,0,-4,-6,-1,0,8,-22,-7,-1,2,7,-6,5,-1,-11,-7,0,22
-1,-1,-17,3,2,3,-1,0,0,-6,13,-1,6,-7,4,-6,2,5,-2,-4,-1,7,8,-27,-7,-9,2,-5,-2,-2,1,4,-3,-3,4
-24.75,1.75,4,13.813,30.813,41.25,4.6875,5.375,8.3125,-1,-9.375,-7.875,-7,-0.5,12.125,12.438,1.375,-1.125,-8.25,-0.6875,-1.4375,1,-3.1875,1.75,0.375,-2.1875,-4.4375,-2.1875,0.0625,-6.125,-2.75,0.9375,-1.3125,-0.75,-2.0625
-24.75,1.75,4,13.813,30.813,41.25,4.6875,5.375,8.3125,-1,-9.375,-7.875,-7,-0.5,12.125,12.438,1.375,-1.125,-8.25,-0.6875,-1.4375,1,-3.1875,1.75,0.375,-2.1875,-4.4375,-2.1875,0.0625,-6.125,-2.75,0.9375,-1.3125,-0.75,-2.0625
-24.75,1.75,4,13.813,30.813,41.25,4.6875,5.375,8.3125,-1,-9.375,-7.875,-7,-0.5,12.125,12.438,1.375,-1.125,-8.25,-0.6875,-1.4375,1,-3.1875,1.75,0.375,-2.1875,-4.4375,-2.1875,0.0625,-6.125,-2.75,0.9375,-1.3125,-0.75,-2.0625
2.7694,2.7566,2.7373,2.7193,2.7452,2.7814,2.8105,2.798,2.8264,2.8227,2.8122,2.8142,2.8007,2.7927,2.7903,2.7991,2.8068,2.8115,2.8138,2.82,2.8293,2.8372,2.8328,2.8205,2.8121,2.8095,2.8058,2.8103,2.8128,2.8049,2.7947,2.7908,2.7874,2.7802,2.7739
4.8271,5.2359,5.4458,5.5573,5.6111,5.619,5.6229,5.6065,5.5781,5.5613,5.5551,5.5713,5.59,5.6084,5.655,5.6842,5.7408,5.7611,5.7519,5.7096,5.6945,5.6866,5.6912,5.7114,5.7302,5.7477,5.7632,5.7726,5.7672,5.7547,5.747,5.7532,5.7618,5.7628,5.7639
4.5856,4.3611,4.2208,4.1092,4.0088,3.9647,3.9445,3.9529,3.9607,3.9651,3.9691,3.9726,3.9598,3.9308,3.8905,3.8781,3.8756,3.8938,3.9191,3.9609,3.983,3.9869,3.9711,3.9402,3.9244,3.9196,3.9261,3.9408,3.9621,3.9555,3.946,3.9421,3.9357,3.927,3.9203
0.074219,-0.040527,-0.15234,-0.2373,-0.35547,-0.38184,-0.39404,-0.45605,-0.45947,-0.46973,-0.43604,-0.41211,-0.43896,-0.46387,-0.46875,-0.49316,-0.50391,-0.47949,-0.49268,-0.46777,-0.46094,-0.45117,-0.45801,-0.44922,-0.47754,-0.48193,-0.49951,-0.47607,-0.47217,-0.46924,-0.38428,-0.2666,-0.15234,-0.19043,-0.12793
-0.73193,-0.70264,-0.82324,-0.80322,-0.86719,-1.0254,-0.90527,-0.92383,-0.92969,-0.91455,-0.90723,-0.91357,-0.86621,-0.83936,-0.86621,-0.87744,-0.9082,-0.90039,-0.89111,-0.89355,-0.87061,-0.896,-0.93408,-0.8999,-0.86914,-0.87402,-0.88184,-0.92725,-0.89258,-0.89258,-0.85205,-0.78516,-0.71387,-0.7041,-0.89355
0.2583,0.23682,0.12842,0.10986,0.078125,0.083008,0.16895,0.18799,0.20801,0.22217,0.15039,0.16943,0.13965,0.10693,0.10986,0.11914,0.13965,0.15186,0.15332,0.15771,0.1377,0.10107,0.12061,0.11426,0.13623,0.12646,0.11328,0.12354,0.13477,0.11621,0.1001,0.10156,0.15918,0.12939,0.27783
-4,-4,2,-2,1,-2,3,-1,2,0,-2,-1,2,-1,1,-2,-2,-1,-1,3,-3,1,0,-5,0,-1,-2,1,1,-1,0,-2,-3,-3,-4
-4,-4,0,1,1,-2,1,-3,-1,-1,-1,-2,0,-2,-2,-2,-2,-4,-1,0,0,-1,-3,-2,-2,-2,-2,0,-2,0,-3,-1,-1,-2,-2
2,0,-2,-3,0,-1,6,-4,-4,-1,-4,-3,-2,-8,-1,-1,-4,2,-9,-7,3,-2,1,-2,-4,-1,-1,0,-2,0,-4,-3,-3,-2,-1
-3,-1,0,-2,0,-2,6,0,-1,-1,-3,-3,-1,-3,0,-5,-4,0,-6,-4,-1,-3,0,-2,-2,-2,1,2,-2,-2,1,-1,-3,0,0
-2,-4,-1,-1,-9,-6,9,6,0,-3,-3,-4,-3,-1,-3,2,0,-1,-3,-1,-2,0,-6,5,-3,-4,1,6,-1,-4,2,-3,-4,0,7
3,5,-4,3,-36,3,22,16,-7,-4,-10,4,3,11,-3,14,-3,-9,-14,10,5,2,-9,6,3,-10,-7,36,2,-10,8,-2,-3,7,11
-1,-7,10,-11,-21,-7,17,46,-6,-7,-21,-3,25,2,-8,-7,4,-2,0,-3,-3,9,11,-30,-16,-12,16,3,1,-2,8,5,-1,-11,7
-8,-5,0,1,-11,-6,5,13,-1,0,-4,-1,13,-1,2,-7,4,-2,0,3,-5,3,13,-17,-9,-6,1,2,-2,-2,0,0,-1,-3,2
-13.938,18.25,25.688,17.938,40.313,0.5,10.563,-8.625,-4.6875,-7,-5.3125,-1.1875,-7.6875,3.5625,-10.063,-0.4375,-7.8125,0.5,-4.1875,-4.875,-4.5625,8.6875,2,-0.25,2.3125,-0.875,-4.625,-1.3125,-1.4375,-1.625,-5.625,-8.4375,-8,-9,17.188
-13.938,18.25,25.688,17.938,40.313,0.5,10.563,-8.625,-4.6875,-7,-5.3125,-1.1875,-7.6875,3.5625,-10.063,-0.4375,-7.8125,0.5,-4.1875,-4.875,-4.5625,8.6875,2,-0.25,2.3125,-0.875,-4.625,-1.3125,-1.4375,-1.625,-5.625,-8.4375,-8,-9,17.188
-13.938,18.25,25.688,17.938,40.313,0.5,10.563,-8.625,-4.6875,-7,-5.3125,-1.1875,-7.6875,3.5625,-10.063,-0.4375,-7.8125,0.5,-4.1875,-4.875,-4.5625,8.6875,2,-0.25,2.3125,-0.875,-4.625,-1.3125,-1.4375,-1.625,-5.625,-8.4375,-8,-9,17.188
2.7444,2.7236,2.7246,2.7423,2.7831,2.7746,2.7899,2.787,2.7779,2.7641,2.7484,2.7356,2.7175,2.7134,2.7102,2.7206,2.7149,2.7155,2.7171,2.7105,2.7065,2.7215,2.7206,2.7197,2.7257,2.7267,2.7221,2.7145,2.7188,2.7146,2.7063,2.6987,2.7047,2.7206,2.75
5.1902,5.4478,5.5867,5.6378,5.6656,5.6753,5.6665,5.6566,5.663,5.6858,5.7071,5.7295,5.7572,5.7652,5.766,5.7486,5.7356,5.7256,5.7262,5.7352,5.7444,5.7541,5.7587,5.7626,5.7704,5.7721,5.7673,5.7588,5.7602,5.7651,5.755,5.7085,5.6081,5.4493,5.2192
4.4275,4.2207,4.0712,3.9951,3.9384,3.9227,3.9358,3.9467,3.9489,3.9342,3.9053,3.8774,3.8521,3.8472,3.8628,3.8878,3.9004,3.9063,3.9064,3.9032,3.9024,3.8951,3.8895,3.8893,3.8973,3.9023,3.9032,3.898,3.8982,3.8967,3.8941,3.9011,3.9361,4.0124,4.1111
-0.21045,-0.20361,-0.28418,-0.38232,-0.42773,-0.50586,-0.48877,-0.51758,-0.5,-0.48486,-0.49658,-0.48633,-0.47217,-0.47363,-0.49756,-0.49902,-0.54004,-0.53711,-0.5498,-0.53369,-0.47412,-0.46338,-0.45947,-0.47803,-0.51465,-0.54883,-0.52881,-0.5249,-0.51367,-0.43262,-0.31836,-0.20801,-0.19434,-0.16895,-0.05957
-0.80615,-0.78564,-0.81299,-0.83447,-0.86377,-0.85059,-1.0518,-0.88672,-0.85498,-0.88477,-0.89502,-0.88477,-0.84619,-0.87012,-0.84521,-0.875,-0.88574,-0.84375,-0.87061,-0.89404,-0.90771,-0.89355,-0.87305,-0.86523,-0.85791,-0.82813,-0.8418,-0.88867,-0.84521,-0.86426,-0.77637,-0.73682,-0.72705,-0.86133,-0.98389
0.10986,0.09668,0.098633,0.035645,0.10547,0.022949,0.15283,0.14453,0.1416,0.16553,0.1499,0.14697,0.11328,0.10986,0.093262,0.10693,0.14355,0.1626,0.17139,0.18701,0.16553,0.13574,0.13721,0.12842,0.13281,0.13721,0.16943,0.10352,0.13379,0.095215,0.051758,0.10596,0.16016,0.22705,0.24023
0,0,2,2,-5,0,-3,0,-1,-2,0,-1,-3,0,1,-1,0,-1,-3,1,2,0,0,-3,-2,1,-3,-3,0,-3,0,-1,-3,-1,-5
1,-1,-1,-2,1,-2,-2,1,1,-2,0,0,-2,-2,1,-1,1,-1,-2,-2,-1,-2,-1,-2,1,-2,-1,0,0,-1,-1,-2,-3,1,0
1,-3,-4,-1,-1,-4,-2,2,2,1,-3,-1,0,-2,1,0,-9,-1,-1,-3,1,0,1,-3,-2,-1,-2,0,0,-2,-2,-1,-3,-3,-1
0,-3,-1,-3,-1,-4,-2,-3,2,-4,-2,-2,-3,-1,1,-2,-1,-1,-1,-1,0,-1,0,0,-2,-3,-2,-1,-1,-1,-1,0,-2,-2,0
-1,1,-3,4,1,-8,-10,-3,2,-12,-2,-4,-5,-2,15,-6,2,-3,-5,-3,6,0,4,4,-2,-2,-6,0,-1,0,1,-2,-1,-2,4
-16,4,-2,7,-9,-15,-29,-1,1,-23,-23,-7,3,6,63,-32,0,12,-15,-9,11,6,9,-5,-1,8,-20,-1,-1,6,2,-4,3,-2,11
-4,11,16,7,-17,-9,9,-13,-5,10,14,-11,-3,2,15,-5,-6,1,-7,-6,21,-6,-14,-17,0,-3,-5,-7,-2,5,-12,1,-15,2,0
-3,4,6,5,-17,1,-1,-6,-6,5,3,-3,-5,0,2,-2,0,-2,-4,0,5,-4,-7,-12,-3,4,-2,-4,-7,-2,-6,-1,-4,-2,-2
20.375,31.063,24.688,27,21.25,3.375,-1.25,-14.5,-3.1875,-12.5,8,1.1875,10.938,1.8125,3.6875,-3.875,-6.25,-3.0625,-0.4375,3.3125,2.5,7.125,1.875,-3.5,-1.125,-5.1875,-0.6875,-3,-1.875,-12.25,-15.688,-23.688,10.813,5.75,20.25
20.375,31.063,24.688,27,21.25,3.375,-1.25,-14.5,-3.1875,-12.5,8,1.1875,10.938,1.8125,3.6875,-3.875,-6.25,-3.0625,-0.4375,3.3125,2.5,7.125,1.875,-3.5,-1.125,-5.1875,-0.6875,-3,-1.875,-12.25,-15.688,-23.688,10.813,5.75,20.25
20.375,31.063,24.688,27,21.25,3.375,-1.25,-14.5,-3.1875,-12.5,8,1.1875,10.938,1.8125,3.6875,-3.875,-6.25,-3.0625,-0.4375,3.3125,2.5,7.125,1.875,-3.5,-1.125,-5.1875,-0.6875,-3,-1.875,-12.25,-15.688,-23.688,10.813,5.75,20.25
2.678,2.6785,2.678,2.6774,2.7043,2.7185,2.709,2.7159,2.7052,2.6966,2.6963,2.6927,2.7069,2.7111,2.7266,2.7275,2.7294,2.7369,2.7425,2.748,2.7444,2.7457,2.7473,2.7437,2.7414,2.7385,2.7295,2.7282,2.7253,2.7047,2.6867,2.6778,2.7219,2.7633,2.832
5.6351,5.7488,5.8063,5.8267,5.8113,5.7829,5.755,5.7398,5.7495,5.7553,5.7634,5.7824,5.8137,5.8352,5.8452,5.844,5.821,5.8063,5.801,5.8044,5.819,5.8283,5.8482,5.8572,5.8591,5.8573,5.8505,5.8484,5.8566,5.8521,5.8111,5.7536,5.5312,5.2941,4.8923
4.2671,4.1383,4.0396,3.9707,3.9228,3.9163,3.9299,3.9272,3.9234,3.9208,3.8932,3.8699,3.8517,3.8512,3.861,3.8725,3.9044,3.9237,3.9349,3.9275,3.9031,3.891,3.8806,3.8832,3.8899,3.8909,3.8877,3.8883,3.8933,3.8898,3.9063,3.9406,4.0467,4.1573,4.3109
0.12109,0.036621,-0.029785,-0.037109,-0.20068,-0.31494,-0.35547,-0.34375,-0.34863,-0.32764,-0.34424,-0.35205,-0.34326,-0.31787,-0.37207,-0.43799,-0.44971,-0.45166,-0.44482,-0.42578,-0.39648,-0.38281,-0.38086,-0.39893,-0.42041,-0.43262,-0.4502,-0.4585,-0.44092,-0.44092,-0.42969,-0.40674,-0.30273,-0.18994,-0.097656
-0.80225,-0.80127,-0.78125,-0.83643,-0.83154,-0.87891,-1.0659,-0.94385,-1.0249,-0.89258,-0.94189,-0.90967,-0.88721,-0.91553,-0.88135,-0.95313,-0.90234,-0.89014,-0.87646,-0.90283,-0.92529,-0.9292,-0.92969,-0.91455,-0.89258,-0.88818,-0.87109,-0.87305,-0.90967,-0.91064,-0.89941,-0.8833,-0.83887,-0.64209,-0.75439
0.28613,0.29004,0.23633,0.23633,0.17969,0.12354,0.21826,0.229,0.22949,0.24951,0.25391,0.2583,0.23682,0.20898,0.17383,0.15674,0.18213,0.2124,0.25098,0.25439,0.24658,0.22998,0.20557,0.19043,0.19678,0.20313,0.22314,0.19531,0.20947,0.20166,0.18848,0.16309,0.14453,0.16992,0.20215
0,-2,-2,-2,-3,-1,2,0,-3,-2,-2,-4,-2,-1,3,2,-3,0,-1,0,-1,0,2,-3,-2,-3,-2,-2,1,-1,-2,-2,1,0,-16
0,-1,-3,-3,-2,1,-2,-1,0,-1,-2,-3,-3,0,-1,0,-3,-2,-1,2,-2,-2,0,-1,-1,2,-2,0,-1,-2,-2,-1,-2,-1,-3
-1,-1,-1,0,-1,-3,-4,-4,1,-2,2,-3,-2,-1,0,-2,0,0,-1,1,-2,-1,-2,-2,-3,-1,3,-3,-1,-1,0,-1,-2,-3,0
-2,-1,-2,0,-3,-1,-3,-1,0,0,2,-2,0,-3,1,-1,-1,-3,1,-1,-3,-2,0,0,0,-3,0,0,0,-2,0,-3,-1,-1,0
-8,-7,-3,0,-5,-3,1,3,-1,-2,5,-2,-1,-5,-1,-1,4,-2,-1,-1,-7,-5,1,-3,0,5,0,-5,-1,-3,2,-3,-1,-3,-1
-12,-24,12,0,-15,-5,11,16,-5,0,20,-14,32,-25,-3,-6,15,8,-11,4,-15,-7,-2,-7,1,15,-1,-11,-6,-16,-1,-7,-4,-3,-4
-4,-20,12,3,-2,-2,9,2,-16,-8,-2,-10,4,-9,-7,13,-18,-10,5,4,-8,-5,15,-17,4,12,-8,-6,-6,5,8,0,1,-6,3
-1,-1,4,0,1,-7,7,-5,-3,-8,-2,-7,-1,-4,-5,11,-10,-2,5,4,-3,-1,9,-7,5,3,-3,0,-2,3,0,1,1,-5,0
-0.0625,9.75,2.5625,12.813,14.938,-8.6875,23.813,-7.9375,-8.625,4.375,-27.625,4.9375,1.8125,4.6875,15,1.6875,-4.4375,-14.063,-5.8125,-2.5625,2.75,7,5.5625,0.1875,-4.5,-5.375,-1.25,-3.3125,0.9375,-0.6875,0.375,-2.125,-13.688,-29.688,-14.813
-0.0625,9.75,2.5625,12.813,14.938,-8.6875,23.813,-7.9375,-8.625,4.375,-27.625,4.9375,1.8125,4.6875,15,1.6875,-4.4375,-14.063,-5.8125,-2.5625,2.75,7,5.5625,0.1875,-4.5,-5.375,-1.25,-3.3125,0.9375,-0.6875,0.375,-2.125,-13.688,-29.688,-14.813
-0.0625,9.75,2.5625,12.813,14.938,-8.6875,23.813,-7.9375,-8.625,4.375,-27.625,4.9375,1.8125,4.6875,15,1.6875,-4.4375,-14.063,-5.8125,-2.5625,2.75,7,5.5625,0.1875,-4.5,-5.375,-1.25,-3.3125,0.9375,-0.6875,0.375,-2.125,-13.688,-29.688,-14.813
2.8807,2.8799,2.8799,2.879,2.9034,2.8828,2.874,2.8921,2.8701,2.8776,2.8473,2.8373,2.8411,2.8407,2.872,2.8771,2.8763,2.8607,2.8574,2.8562,2.8581,2.8634,2.8698,2.8669,2.861,2.8565,2.8557,2.8497,2.8484,2.8461,2.8442,2.8331,2.8154,2.7892,2.7744
4.9446,5.2427,5.3744,5.4322,5.4982,5.5103,5.4932,5.4857,5.489,5.4967,5.5183,5.5437,5.57,5.5964,5.6306,5.6588,5.66,5.6538,5.6461,5.6414,5.6423,5.6508,5.6691,5.6827,5.6939,5.7,5.7077,5.7107,5.7094,5.7147,5.7196,5.7216,5.7025,5.6374,5.4897
4.4637,4.3197,4.231,4.1826,4.0826,4.045,4.0389,4.0492,4.0499,4.0474,4.045,4.0204,3.9957,3.9785,3.9738,3.9888,4.0094,4.0267,4.0405,4.0423,4.032,4.0175,4.0044,3.9995,4.0011,4.0044,4.0101,4.0067,4.0018,3.9936,3.9882,3.98,3.9812,4.0047,4.0607
-0.11719,-0.18799,-0.30811,-0.41406,-0.4043,-0.39941,-0.37695,-0.38135,-0.39746,-0.40283,-0.39258,-0.38965,-0.42188,-0.45459,-0.50342,-0.50439,-0.48535,-0.48633,-0.44189,-0.39551,-0.40527,-0.42236,-0.43506,-0.44189,-0.47559,-0.47754,-0.47266,-0.45996,-0.45068,-0.41211,-0.46973,-0.45557,-0.37939,-0.17432,-0.16504
-0.79199,-0.88086,-0.89014,-0.91016,-0.99365,-0.90967,-1.0122,-0.83887,-0.96094,-0.88867,-0.90869,-0.89355,-0.854,-0.86768,-0.86572,-0.87207,-0.84424,-0.88916,-0.85791,-0.86719,-0.91846,-0.95752,-0.91699,-0.89502,-0.84229,-0.83984,-0.88037,-0.88086,-0.91406,-0.88672,-0.88574,-0.87695,-0.8042,-0.67773,-0.83643
0.20947,0.20361,0.22754,0.17969,0.21533,0.229,0.25977,0.22119,0.28418,0.27588,0.23682,0.2207,0.18408,0.18555,0.18164,0.25488,0.28271,0.28906,0.26563,0.25342,0.23926,0.22266,0.20654,0.22998,0.23047,0.23779,0.23633,0.20313,0.20654,0.20752,0.21631,0.21143,0.22217,0.20557,0.18652
-1,-8,-2,0,-1,-1,-1,1,1,0,-2,-2,-2,-1,-2,-1,0,-2,-1,1,0,0,-1,0,0,2,2,-1,0,-3,0,0,-2,-3,8
-1,0,0,0,0,-1,1,-1,-2,-2,-1,-2,-1,-2,-1,0,1,-2,-1,-1,-2,-4,-1,-2,-1,-2,0,-1,0,-4,-2,0,-1,-4,-2
-1,0,1,0,-1,0,0,0,-1,1,-3,-1,-1,-1,-2,-1,0,-1,-2,-2,-2,-2,0,-2,0,-3,0,0,-1,-4,1,-2,1,0,-4
0,1,0,2,-2,2,-3,2,-1,-1,-2,-3,1,1,0,-2,-2,-3,-1,1,-2,-1,-1,-1,0,0,0,1,-1,-3,-1,-1,2,1,-3
-2,-1,-3,0,-6,7,-1,-1,-5,-1,-3,-7,1,-1,-4,-2,-5,-10,5,3,-2,-5,-2,-2,-5,4,7,-1,-1,-6,7,-5,3,-1,-2
-8,1,-10,2,-10,16,7,3,-7,-11,6,-20,4,7,-12,-5,-12,-29,0,12,3,1,-7,-3,-11,17,29,-7,-1,-16,37,0,6,-5,-3
-15,-10,0,17,-2,-3,1,-2,11,-15,15,-19,-30,21,-4,20,-7,-1,7,-29,-3,1,14,0,7,24,9,1,2,-13,-1,-4,2,-19,-2
-8,-21,5,5,9,-4,-3,-1,5,-1,5,-12,-12,4,-3,3,3,-1,2,-11,0,7,4,0,8,16,4,-1,-4,-2,-3,3,1,-7,-3
6.125,9.125,18.188,9.3125,-5.6875,-1.5,-5.75,3.6875,-16.25,2.3125,2.5625,16.563,8.375,0.625,2.6875,-5.5,2.3125,-2.1875,4.1875,0.1875,4.4375,1.75,3.0625,-4.8125,-5.1875,-5.75,0.1875,-2,0.875,-7.8125,4.625,-3.25,-3.25,-2.875,-9.5
6.125,9.125,18.188,9.3125,-5.6875,-1.5,-5.75,3.6875,-16.25,2.3125,2.5625,16.563,8.375,0.625,2.6875,-5.5,2.3125,-2.1875,4.1875,0.1875,4.4375,1.75,3.0625,-4.8125,-5.1875,-5.75,0.1875,-2,0.875,-7.8125,4.625,-3.25,-3.25,-2.875,-9.5
6.125,9.125,18.188,9.3125,-5.6875,-1.5,-5.75,3.6875,-16.25,2.3125,2.5625,16.563,8.375,0.625,2.6875,-5.5,2.3125,-2.1875,4.1875,0.1875,4.4375,1.75,3.0625,-4.8125,-5.1875,-5.75,0.1875,-2,0.875,-7.8125,4.625,-3.25,-3.25,-2.875,-9.5
2.8891,2.8777,2.8943,2.9106,2.8962,2.9088,2.8923,2.9071,2.8602,2.8595,2.8584,2.8734,2.8942,2.9034,2.916,2.9141,2.9298,2.9337,2.9385,2.9276,2.9144,2.9032,2.9096,2.908,2.9061,2.898,2.8914,2.888,2.8828,2.876,2.8776,2.8709,2.873,2.8861,2.8845
5.5308,5.579,5.5838,5.5803,5.577,5.5695,5.579,5.5893,5.6105,5.6211,5.6593,5.6956,5.7319,5.7556,5.7541,5.7349,5.7176,5.7153,5.7246,5.7174,5.6954,5.6854,5.6982,5.7187,5.736,5.7387,5.735,5.7333,5.7333,5.7343,5.7331,5.7314,5.7197,5.6378,5.5092
4.1622,4.1079,4.0846,4.0659,4.0683,4.0707,4.0726,4.0691,4.0582,4.0429,4.0157,4.0063,4.0108,4.0285,4.0591,4.0863,4.0998,4.1025,4.0832,4.0479,4.0051,3.9775,3.9824,3.9971,4.0087,4.008,3.9997,3.9852,3.98,3.983,3.9815,3.9795,3.987,4.0242,4.0724
-0.36523,-0.44482,-0.45996,-0.4707,-0.4502,-0.42041,-0.43408,-0.42676,-0.42725,-0.41162,-0.41699,-0.40918,-0.42236,-0.41895,-0.43115,-0.45557,-0.47314,-0.47998,-0.50586,-0.51904,-0.50537,-0.47949,-0.45313,-0.44727,-0.41895,-0.42041,-0.41602,-0.42041,-0.42139,-0.43994,-0.44482,-0.45703,-0.47168,-0.48877,-0.48682
-0.91406,-0.90234,-0.96045,-0.99463,-0.94775,-0.93652,-0.90088,-0.87061,-0.90576,-0.91309,-0.87256,-0.86816,-0.89941,-0.89941,-0.91797,-0.89648,-0.91553,-0.93115,-0.87061,-0.86914,-0.89014,-0.88916,-0.9165,-0.92383,-0.92871,-0.93066,-0.9165,-0.9209,-0.9082,-0.90576,-0.88037,-0.86133,-0.86133,-0.85547,-0.85596
0.17676,0.14453,0.094727,0.10498,0.15186,0.15723,0.18945,0.16992,0.19873,0.18848,0.14502,0.14453,0.10156,0.11377,0.11865,0.11768,0.12256,0.12354,0.17236,0.19385,0.19922,0.20898,0.21533,0.20361,0.17676,0.17236,0.14697,0.12939,0.14307,0.14404,0.14453,0.16113,0.16211,0.14209,0.1543
0,1,-4,-2,-3,1,0,0,-1,-1,0,0,2,-1,2,-1,0,-1,0,-1,-2,-3,0,-1,0,0,1,-3,-3,1,0,-5,2,-2,-1
-1,3,-2,-1,0,-1,1,-1,-2,-3,-1,0,1,-1,2,0,0,-2,-1,-1,-2,0,-2,-1,-1,-1,-1,-3,-1,-2,-1,-2,-1,-2,-1
-2,1,-2,-1,0,-2,1,1,-1,0,-1,-2,-1,-3,1,0,-1,-1,-2,-2,-1,-2,0,-1,0,0,-2,0,-2,0,0,-1,0,-2,-1
-1,-3,-3,0,0,1,0,0,2,-2,-1,-1,0,-1,0,0,-1,-1,-2,-2,0,0,1,-2,-2,0,0,-3,-1,0,0,-2,-1,-2,1
-1,-2,-1,-5,3,0,-2,13,-1,-5,-2,2,-2,1,1,3,2,2,-5,-6,2,3,5,1,-4,1,7,-2,-1,-4,3,-5,-4,-5,-4
-5,-8,2,-10,3,-4,8,32,-3,-18,3,-1,2,3,1,16,9,14,-7,-27,8,15,3,-2,-3,10,17,-3,3,-22,7,-13,-5,-8,5
9,-40,-18,-9,-5,12,1,9,11,-11,2,-19,2,-5,22,4,4,-3,-14,2,-2,-6,26,-4,9,-7,0,-1,-4,14,-4,-8,10,2,2
19,-7,-20,-6,-5,4,1,0,3,-1,2,-5,8,-3,7,0,5,-3,5,0,-3,-8,5,1,4,-4,-3,-2,-4,10,4,-8,14,4,1
19.75,8.6875,-6.3125,-3.0625,-3.25,-6.375,-3.4375,-3.375,-2.1875,5.75,8,3.375,2.6875,4.625,8.5625,1.875,-3.1875,-4.3125,-4.6875,-4.5625,-2.6875,-0.25,2.3125,3.625,5.1875,6.125,3.75,0.5625,-0.8125,-1.375,-4.375,-4.875,-2.4375,-1.1875,-1.75
19.75,8.6875,-6.3125,-3.0625,-3.25,-6.375,-3.4375,-3.375,-2.1875,5.75,8,3.375,2.6875,4.625,8.5625,1.875,-3.1875,-4.3125,-4.6875,-4.5625,-2.6875,-0.25,2.3125,3.625,5.1875,6.125,3.75,0.5625,-0.8125,-1.375,-4.375,-4.875,-2.4375,-1.1875,-1.75
19.75,8.6875,-6.3125,-3.0625,-3.25,-6.375,-3.4375,-3.375,-2.1875,5.75,8,3.375,2.6875,4.625,8.5625,1.875,-3.1875,-4.3125,-4.6875,-4.5625,-2.6875,-0.25,2.3125,3.625,5.1875,6.125,3.75,0.5625,-0.8125,-1.375,-4.375,-4.875,-2.4375,-1.1875,-1.75
2.7487,2.766,2.7585,2.7518,2.7514,2.7434,2.7414,2.7404,2.7365,2.7398,2.7461,2.7463,2.746,2.7502,2.7609,2.7806,2.784,2.7839,2.7872,2.7866,2.7874,2.7888,2.7881,2.7876,2.7845,2.784,2.7813,2.7769,2.7753,2.7726,2.7697,2.7676,2.7674,2.7687,2.7677
5.6567,5.6508,5.6517,5.6505,5.6495,5.6509,5.6565,5.6625,5.6699,5.6765,5.6945,5.7021,5.7171,5.7285,5.7372,5.7404,5.7371,5.7337,5.7234,5.7176,5.7148,5.7112,5.7121,5.7139,5.7231,5.7271,5.7388,5.747,5.751,5.7581,5.7643,5.7691,5.7708,5.7697,5.7661
3.9475,3.9494,3.9531,3.9562,3.9594,3.9599,3.9593,3.9541,3.9453,3.9324,3.9107,3.9064,3.903,3.9073,3.9173,3.9421,3.9613,3.9699,3.9913,3.9993,4.0014,3.9964,3.9832,3.9747,3.9458,3.9364,3.9137,3.9052,3.9035,3.9035,3.9073,3.9136,3.9186,3.9225,3.9257
-0.16943,-0.22559,-0.26172,-0.31104,-0.38232,-0.43213,-0.44824,-0.43311,-0.46191,-0.45996,-0.47021,-0.44971,-0.41943,-0.40625,-0.41504,-0.4292,-0.44141,-0.46777,-0.47021,-0.47852,-0.49316,-0.48486,-0.47461,-0.48584,-0.49219,-0.47852,-0.45801,-0.43359,-0.41211,-0.41113,-0.40332,-0.4458,-0.46045,-0.45801,-0.4873
-0.83984,-0.7832,-0.81885,-0.99951,-0.87061,-0.9043,-0.98242,-0.96631,-0.90381,-0.89551,-0.93213,-0.83008,-0.89063,-0.90039,-0.86377,-0.89258,-0.8833,-0.90186,-0.88574,-0.87012,-0.84619,-0.88672,-0.87158,-0.87354,-0.90283,-0.89258,-0.89258,-0.91064,-0.90381,-0.89111,-0.9082,-0.91846,-0.86963,-0.88428,-0.87598
0.17334,0.16455,0.17139,0.17236,0.10986,0.14844,0.16162,0.18799,0.19043,0.2085,0.24805,0.20068,0.20508,0.18311,0.15283,0.16699,0.1582,0.15967,0.15088,0.17383,0.18701,0.22266,0.23682,0.24072,0.24414,0.23828,0.24121,0.23535,0.22363,0.20801,0.20654,0.19629,0.19092,0.20361,0.21582
-2,-5,1,1,1,0,-1,0,-6,-5,0,1,1,0,-3,2,0,-2,2,-2,0,-1,-3,-1,-1,0,-1,0,1,-1,-1,0,0,-4,3
-2,0,-2,0,-1,-1,-2,-1,-6,0,-2,0,-2,-3,1,0,0,-1,4,-2,-1,0,-3,0,-1,-1,-2,-2,0,2,-1,-2,1,-1,1
-3,0,-2,2,-1,-1,-2,0,-4,-2,-2,0,-1,-2,0,0,-1,-3,-1,-2,0,-2,-4,-2,-2,-1,-2,-2,-2,0,0,-1,0,-1,0
-1,-4,-2,1,-4,0,-1,-2,-1,-3,-1,0,0,-2,-1,-2,0,-3,1,0,-1,-3,-1,-2,-1,-2,-1,-3,-2,-1,0,-2,-1,-2,0
-3,-6,-9,4,2,-3,-6,0,0,-4,-2,-1,1,-3,-3,3,10,-2,13,-3,-2,1,-4,-3,-4,-1,0,-6,0,3,1,-4,-3,-2,5
-2,-2,-23,16,11,-14,0,-2,-3,-5,4,-3,4,-5,-7,2,36,5,45,-16,2,5,-5,-8,-8,-11,9,-8,0,5,5,-3,4,-6,10
2,-6,-18,-13,3,5,14,-4,-20,-14,34,16,-1,0,-9,-2,14,2,7,-1,9,0,-4,7,-1,25,-22,-2,-29,6,-13,11,6,5,25
2,-8,-6,-7,2,7,6,2,-22,-7,14,4,1,2,-7,5,3,6,5,1,6,-4,-6,5,1,12,-8,7,-9,-6,-5,10,1,-3,10
9.25,15.563,-6.5625,15.5,25.625,-7,-9.8125,-0.1875,-2.75,-10.125,5.25,4.75,-8.125,6.8125,7.6875,8.75,8.3125,2.3125,0.4375,-1.9375,-7.375,-6,1.25,-2.4375,3.4375,5.6875,3.8125,7.25,6.75,6.6875,5.1875,8.875,1.25,-2.8125,-3.4375
9.25,15.563,-6.5625,15.5,25.625,-7,-9.8125,-0.1875,-2.75,-10.125,5.25,4.75,-8.125,6.8125,7.6875,8.75,8.3125,2.3125,0.4375,-1.9375,-7.375,-6,1.25,-2.4375,3.4375,5.6875,3.8125,7.25,6.75,6.6875,5.1875,8.875,1.25,-2.8125,-3.4375
9.25,15.563,-6.5625,15.5,25.625,-7,-9.8125,-0.1875,-2.75,-10.125,5.25,4.75,-8.125,6.8125,7.6875,8.75,8.3125,2.3125,0.4375,-1.9375,-7.375,-6,1.25,-2.4375,3.4375,5.6875,3.8125,7.25,6.75,6.6875,5.1875,8.875,1.25,-2.8125,-3.4375
2.7849,2.7954,2.7893,2.7951,2.8206,2.8234,2.8106,2.8091,2.8103,2.8005,2.8015,2.8071,2.7986,2.8003,2.8107,2.8216,2.8332,2.8405,2.8446,2.8477,2.8456,2.8448,2.851,2.8556,2.8608,2.8664,2.8693,2.872,2.8757,2.8789,2.8809,2.8856,2.8866,2.8843,2.8769
5.5919,5.6172,5.6346,5.6405,5.6425,5.6487,5.6501,5.6494,5.6543,5.6629,5.671,5.6832,5.7011,5.7173,5.7336,5.7466,5.755,5.7591,5.7566,5.7505,5.7438,5.734,5.7244,5.7195,5.7187,5.7219,5.7281,5.7344,5.7397,5.7441,5.7478,5.7525,5.7589,5.7619,5.7684
4.0504,4.0254,4.0111,4.0038,4.0068,4.0143,4.0215,4.0249,4.0258,4.0226,4.0115,3.9978,3.9875,3.9824,3.9833,3.9898,3.9987,4.0102,4.0239,4.0364,4.0489,4.0611,4.0706,4.077,4.0771,4.0715,4.0622,4.0509,4.04,4.03,4.0229,4.0178,4.0163,4.0161,4.0171
0.1001,0.041504,-0.012695,-0.012695,-0.07373,-0.14844,-0.17383,-0.24951,-0.28418,-0.31885,-0.35107,-0.37158,-0.43604,-0.44629,-0.42334,-0.43555,-0.42969,-0.42578,-0.41992,-0.41357,-0.4165,-0.42432,-0.41016,-0.41016,-0.43262,-0.43213,-0.45215,-0.45166,-0.47266,-0.50049,-0.50244,-0.51025,-0.50684,-0.48779,-0.45215
-0.77783,-0.76123,-0.80518,-0.80518,-0.75293,-0.89697,-0.87549,-0.80713,-0.88477,-0.88965,-0.8916,-1.0054,-0.94727,-0.94482,-0.99902,-0.87305,-0.91113,-0.94629,-0.90039,-0.875,-0.88574,-0.86572,-0.87598,-0.84814,-0.82813,-0.8623,-0.8584,-0.89404,-0.92041,-0.87158,-0.88818,-0.89844,-0.87158,-0.88916,-0.90918
0.26904,0.23145,0.23633,0.23633,0.21631,0.21094,0.21045,0.23291,0.26563,0.21631,0.21924,0.24707,0.22412,0.20898,0.25146,0.23438,0.26514,0.25879,0.24219,0.23926,0.2334,0.19482,0.18555,0.19238,0.1709,0.17676,0.19141,0.18115,0.18945,0.21582,0.23096,0.24219,0.24414,0.25244,0.24805
-1,1,-3,-1,-2,-1,-1,-3,1,-1,-5,-2,3,-2,-1,0,-3,-3,-3,0,-1,-1,-3,-1,0,1,1,1,-1,-3,1,-1,-2,-1,-1
-1,-1,-2,-3,-4,-2,-1,-3,0,-2,-3,1,2,-1,-1,-1,-1,-1,0,-2,0,-2,-1,1,1,-2,-3,-2,-2,-1,0,0,-2,-3,1
0,-1,-3,0,-5,0,-1,-4,-1,-1,-1,-2,2,-4,-4,0,-2,-2,-1,0,-1,0,-3,0,1,-3,-2,-1,-2,0,1,-3,-2,-1,-2
-1,-3,-2,-3,0,-1,1,-2,1,0,-3,-3,2,-2,-3,0,-2,-1,0,1,0,-1,-1,-1,3,-2,-4,0,0,-4,0,-1,0,-2,0
3,4,0,-3,-2,0,1,-6,-3,0,-5,-4,7,2,-2,4,-4,-2,0,-1,3,-1,-4,8,15,-5,-2,-2,3,-3,4,3,-1,-7,-1
-2,15,18,16,6,11,11,-19,-4,5,-11,-16,10,11,2,7,-13,-10,1,-3,22,8,4,24,38,-17,-7,-13,29,-1,3,9,-16,-10,-6
2,6,10,23,-24,9,19,-14,-22,6,1,-15,20,7,-1,13,-14,-10,-6,-4,17,-4,11,-4,1,23,1,1,-8,-12,-3,2,-7,-5,9
-3,3,3,4,-8,4,5,-13,-5,1,-3,-9,7,2,2,3,-7,-6,-4,-1,5,-4,8,-2,-3,6,2,3,-3,-5,-2,1,-11,2,9
13,-4,-12.063,-12.063,-7.625,1.9375,14.625,2.5625,13.188,18.688,9.8125,13.813,18.75,-16.875,-3.125,0.4375,-24.063,-19.063,-1,-6.375,-4.4375,-0.25,6.6875,9.625,1.8125,5.5625,3.75,-4.25,-0.625,0.5625,-6.9375,-4.3125,1.8125,-1.9375,2.125
13,-4,-12.063,-12.063,-7.625,1.9375,14.625,2.5625,13.188,18.688,9.8125,13.813,18.75,-16.875,-3.125,0.4375,-24.063,-19.063,-1,-6.375,-4.4375,-0.25,6.6875,9.625,1.8125,5.5625,3.75,-4.25,-0.625,0.5625,-6.9375,-4.3125,1.8125,-1.9375,2.125
13,-4,-12.063,-12.063,-7.625,1.9375,14.625,2.5625,13.188,18.688,9.8125,13.813,18.75,-16.875,-3.125,0.4375,-24.063,-19.063,-1,-6.375,-4.4375,-0.25,6.6875,9.625,1.8125,5.5625,3.75,-4.25,-0.625,0.5625,-6.9375,-4.3125,1.8125,-1.9375,2.125
2.9672,2.9589,2.9289,2.9289,2.9017,2.8672,2.8691,2.8741,2.8809,2.8897,2.9014,2.9131,2.9312,2.916,2.9048,2.9059,2.8809,2.869,2.8582,2.8484,2.8446,2.8349,2.8363,2.8408,2.845,2.8531,2.8647,2.8666,2.8682,2.8745,2.8736,2.8732,2.8775,2.8766,2.8745
5.1006,5.2619,5.3846,5.3846,5.4666,5.5357,5.5489,5.5728,5.5755,5.5759,5.5751,5.5743,5.5773,5.5921,5.604,5.6159,5.6326,5.6409,5.6555,5.6763,5.6874,5.7219,5.7398,5.7471,5.7599,5.7678,5.7648,5.7546,5.741,5.728,5.7171,5.7133,5.7075,5.7063,5.7122
4.5264,4.4356,4.3522,4.3522,4.2807,4.1987,4.1792,4.1429,4.1361,4.1321,4.1306,4.1302,4.1248,4.125,4.1234,4.1154,4.1039,4.097,4.0783,4.0613,4.0543,4.0358,4.0281,4.0257,4.0248,4.0367,4.0499,4.0652,4.0793,4.0904,4.0994,4.1021,4.1036,4.0986,4.0844
0.26611,0.085449,-0.030273,-0.075195,-0.19971,-0.26611,-0.33936,-0.37158,-0.39697,-0.35107,-0.35498,-0.36328,-0.34961,-0.34375,-0.36768,-0.42627,-0.45605,-0.48828,-0.4751,-0.48096,-0.4375,-0.38916,-0.375,-0.38428,-0.40186,-0.42773,-0.47461,-0.50586,-0.5127,-0.48877,-0.50146,-0.45508,-0.25,0.023438,0.0078125
-0.85889,-0.77344,-0.75098,-0.75537,-0.84766,-0.85107,-0.87158,-1.0283,-0.86279,-0.98584,-0.92725,-0.90479,-0.91846,-0.92432,-0.86426,-0.86084,-0.85547,-0.84229,-0.86572,-0.85596,-0.93408,-0.94189,-0.92139,-0.93164,-0.89502,-0.84326,-0.81152,-0.84521,-0.87744,-0.91064,-0.87549,-0.86914,-0.7041,-0.73828,-0.78564
0.31982,0.28564,0.2334,0.22412,0.30469,0.23682,0.22852,0.29932,0.27002,0.31445,0.29736,0.3291,0.29639,0.26367,0.22168,0.22363,0.2002,0.2417,0.31299,0.29932,0.30811,0.3042,0.28125,0.2583,0.2666,0.27734,0.26416,0.25586,0.17676,0.28076,0.25244,0.24854,0.18359,0.20947,0.22363
0,0,1,-5,0,3,1,-1,-2,-2,0,-2,-4,-2,-2,0,0,-3,-1,-1,0,0,-1,-1,-2,-6,-2,0,-1,0,-1,-2,-2,0,-2
1,-2,0,-2,-3,3,2,-3,-1,-3,2,0,-2,-2,-5,0,-1,1,-2,0,-1,0,-3,-1,-1,-5,-1,-1,-3,-2,-3,-2,-2,-1,0
0,-2,0,-2,-3,0,0,-1,-1,-1,3,-1,-2,-3,-3,0,0,-1,-2,1,-1,1,-2,0,-2,-2,-1,-3,-3,1,0,1,-2,-1,-2
-1,-1,-2,-1,-1,2,-1,0,0,-2,5,-3,-1,-3,1,2,-1,-1,-1,-3,1,0,-1,-2,-5,-2,-1,-1,-2,1,0,-1,0,-3,-3
1,-1,-7,-4,1,8,-1,-1,2,-4,10,-3,-7,-3,7,13,-2,-2,-3,-3,3,1,-2,-1,-4,-3,-1,-2,-9,2,0,-1,2,-1,-8
2,-4,-21,-3,4,12,0,-8,9,-5,29,-4,-13,-3,21,44,-2,-12,0,-4,15,3,-1,-5,-4,-5,-8,-2,-15,13,-4,-4,5,2,-14
-8,16,-14,19,-3,14,14,13,18,-14,-9,-11,-3,-13,16,13,-7,-14,-5,-10,-2,21,-1,-16,5,5,-10,-6,10,-5,-6,-4,0,-3,-5
3,7,-2,-2,8,13,4,7,-4,-6,-10,-6,-1,-2,2,4,-3,-4,-3,-4,-2,7,-4,-10,0,0,-10,3,11,-6,0,-2,4,-3,-2
12.375,8.5625,-4.6875,-4.625,30.75,21.5,17.188,15.438,-27.5,4.0625,-16.813,-5.6875,1.5625,11.75,3.6875,-4.25,-8.375,-7.1875,4.25,-3.5,6.9375,-1.875,9.1875,3.5,-4.5625,-3.0625,-2.5625,0.5625,-1.6875,2.5,-7.6875,-4,-4,-9.25,-31.063
12.375,8.5625,-4.6875,-4.625,30.75,21.5,17.188,15.438,-27.5,4.0625,-16.813,-5.6875,1.5625,11.75,3.6875,-4.25,-8.375,-7.1875,4.25,-3.5,6.9375,-1.875,9.1875,3.5,-4.5625,-3.0625,-2.5625,0.5625,-1.6875,2.5,-7.6875,-4,-4,-9.25,-31.063
12.375,8.5625,-4.6875,-4.625,30.75,21.5,17.188,15.438,-27.5,4.0625,-16.813,-5.6875,1.5625,11.75,3.6875,-4.25,-8.375,-7.1875,4.25,-3.5,6.9375,-1.875,9.1875,3.5,-4.5625,-3.0625,-2.5625,0.5625,-1.6875,2.5,-7.6875,-4,-4,-9.25,-31.063
2.9464,2.9686,2.9446,2.9258,2.9302,2.9729,2.9975,2.9891,2.9841,2.963,2.9499,2.9314,2.924,2.9293,2.9464,2.9522,2.9486,2.9474,2.9628,2.9664,2.9647,2.9595,2.962,2.9576,2.9593,2.9629,2.9629,2.9593,2.9527,2.9532,2.947,2.9379,2.9239,2.9075,2.8804
4.8029,5.1733,5.3675,5.45,5.54,5.552,5.5551,5.5496,5.5483,5.5516,5.5652,5.5728,5.5938,5.6325,5.6912,5.7273,5.7326,5.713,5.6697,5.6537,5.6399,5.6467,5.662,5.7049,5.7387,5.7645,5.779,5.7759,5.7674,5.762,5.7668,5.7695,5.7275,5.417,5.1291
4.6309,4.4407,4.316,4.2505,4.1624,4.1439,4.1356,4.1435,4.1427,4.1463,4.14,4.1071,4.0701,4.0481,4.0431,4.0637,4.0959,4.128,4.1584,4.162,4.1459,4.1206,4.0941,4.0758,4.0908,4.1087,4.1194,4.1137,4.1057,4.112,4.1074,4.1029,4.1028,4.1606,4.2414
-0.2041,-0.30859,-0.42578,-0.49756,-0.50781,-0.47705,-0.47656,-0.47412,-0.45703,-0.45215,-0.45703,-0.47363,-0.49609,-0.51025,-0.53418,-0.53662,-0.5459,-0.51123,-0.48486,-0.49414,-0.52246,-0.52588,-0.56104,-0.56738,-0.55957,-0.59326,-0.56836,-0.4541,-0.23242,-0.29834,-0.22656,-0.21777,-0.0063477,0.19141,0.51074
-0.74121,-0.87061,-0.92041,-0.81152,-0.93457,-0.9292,-0.93701,-0.89014,-0.89258,-0.89697,-0.84961,-0.88086,-0.80908,-0.87793,-0.896,-0.86182,-0.94238,-0.92285,-0.87158,-0.88232,-0.82861,-0.80713,-0.79688,-0.78809,-0.86328,-0.82861,-0.86133,-0.79883,-0.67383,-0.67871,-0.76172,-0.81445,-0.89893,-0.98389,-0.90186
0.16113,0.10693,0.13232,0.16113,0.10645,0.14502,0.1626,0.16064,0.16992,0.14795,0.12061,0.12354,0.12158,0.13232,0.16602,0.18066,0.18848,0.14404,0.10156,0.11768,0.11084,0.12891,0.11523,0.092773,0.072754,0.10107,0.10156,0.093262,0.15674,0.083984,0.22412,0.18359,0.25146,0.27734,0.22021
-1,0,-3,-2,-2,-3,-1,-1,1,2,1,0,-2,2,0,2,1,-4,-2,-5,0,-5,-1,0,-2,1,-2,-3,0,-2,-2,-2,-3,-2,0
0,0,-4,0,1,-4,-3,-2,0,0,0,-2,-2,-1,-2,1,0,-2,-3,0,-1,-3,0,-1,-2,0,-1,-1,-1,-2,-2,0,-3,0,-1
-1,-1,-7,2,1,0,-2,-2,1,-2,-2,-1,-2,-1,-3,1,-1,-4,0,-1,-1,-1,-1,0,-2,0,-2,0,1,-2,-1,-1,-1,-1,-2
-3,1,1,-2,-2,-2,0,0,-2,-6,-4,-2,-2,0,0,-2,0,-3,-2,-1,-1,-2,0,-1,0,0,0,-2,-1,-1,0,1,-1,-1,-1
1,2,-3,-2,-3,-3,-1,-3,-4,-5,-5,1,0,6,3,-1,5,-1,-6,-5,0,-1,-2,-1,-2,-4,1,0,0,-1,-1,-3,-1,0,-1
3,-6,5,10,-2,-9,2,-10,-9,-12,-18,13,-3,25,11,0,21,2,-18,-6,12,-2,7,9,-4,-17,-1,-4,3,-2,3,-7,-5,3,0
26,7,24,4,-12,-5,6,-2,-8,-6,11,-7,-1,14,9,5,1,-5,-1,-13,-5,-6,0,16,-5,-3,-9,-11,9,-5,-3,-3,2,3,-3
17,18,1,2,-6,-13,7,-4,0,-1,12,-11,5,-5,3,5,4,-4,-1,-15,8,-18,2,9,-3,0,-9,-12,3,-3,-3,-4,1,-1,2
9.4375,16.875,-1.875,13.688,-11,-3.875,-1.5625,-6.9375,0.8125,-2.9375,7.125,1.75,0.75,3.4375,-10.438,2.4375,2.9375,-4.375,-7.625,-3.9375,-6.875,-4.6875,-0.25,2.8125,-2.875,6.9375,-1.9375,-8.0625,-1.1875,11.125,15.625,15.5,21.875,-10.25,18.75
9.4375,16.875,-1.875,13.688,-11,-3.875,-1.5625,-6.9375,0.8125,-2.9375,7.125,1.75,0.75,3.4375,-10.438,2.4375,2.9375,-4.375,-7.625,-3.9375,-6.875,-4.6875,-0.25,2.8125,-2.875,6.9375,-1.9375,-8.0625,-1.1875,11.125,15.625,15.5,21.875,-10.25,18.75
9.4375,16.875,-1.875,13.688,-11,-3.875,-1.5625,-6.9375,0.8125,-2.9375,7.125,1.75,0.75,3.4375,-10.438,2.4375,2.9375,-4.375,-7.625,-3.9375,-6.875,-4.6875,-0.25,2.8125,-2.875,6.9375,-1.9375,-8.0625,-1.1875,11.125,15.625,15.5,21.875,-10.25,18.75
2.7239,2.7185,2.7328,2.763,2.7499,2.7463,2.7464,2.7469,2.739,2.7332,2.7393,2.7393,2.7527,2.7599,2.759,2.7695,2.7707,2.7476,2.7251,2.7066,2.6966,2.692,2.6887,2.6875,2.6804,2.6946,2.6867,2.68,2.6872,2.7183,2.7735,2.792,2.9115,2.8823,2.8743
5.6793,5.714,5.7356,5.7356,5.7352,5.7304,5.7302,5.7335,5.7509,5.768,5.8071,5.8367,5.8525,5.8435,5.8152,5.8016,5.8032,5.8372,5.8681,5.8934,5.9176,5.9385,5.9564,5.9514,5.9374,5.9199,5.9185,5.9073,5.8192,5.7328,5.5416,5.4616,4.8956,4.5986,4.107
4.0357,3.9811,3.9726,3.9867,3.9888,4.0031,4.0102,4.0099,3.9905,3.9783,3.9638,3.9652,3.9801,4.003,4.0365,4.0457,4.0367,4.0009,3.9763,3.9631,3.9611,3.9661,3.9648,3.9543,3.9535,3.9563,3.9511,3.9501,3.9836,4.0269,4.1071,4.1383,4.3371,4.4535,4.6177
0.3374,0.091797,0.017578,-0.056641,-0.15918,-0.17676,-0.31348,-0.38232,-0.44189,-0.39893,-0.41309,-0.40283,-0.40381,-0.42578,-0.43799,-0.46729,-0.49121,-0.50586,-0.49658,-0.49414,-0.4502,-0.44287,-0.45215,-0.45752,-0.46875,-0.49219,-0.51807,-0.50488,-0.50586,-0.51709,-0.50342,-0.49561,-0.47705,-0.26074,-0.090332
-0.90869,-0.85547,-0.77637,-0.85352,-0.73145,-0.87305,-0.79297,-1.0278,-0.95313,-1,-0.92139,-0.90576,-0.89697,-0.8374,-0.88721,-0.91895,-0.87451,-0.89795,-0.87061,-0.90332,-0.88525,-0.92627,-0.88818,-0.87207,-0.89111,-0.86133,-0.84229,-0.896,-0.89893,-0.87402,-0.87305,-0.86084,-0.83984,-0.70752,-0.7085
0.28564,0.21729,0.21924,0.2085,0.11572,0.21289,0.046387,0.15967,0.12842,0.18018,0.18652,0.20459,0.18018,0.15088,0.14063,0.12598,0.11865,0.14014,0.18506,0.18896,0.19727,0.19336,0.14404,0.13184,0.15771,0.1626,0.15332,0.14355,0.17578,0.13525,0.15625,0.15381,0.14795,0.13672,0.2085
0,-3,-2,0,2,2,9,-5,-3,2,1,2,-1,-4,-4,-2,-2,-1,-2,-1,-2,0,0,0,-1,-2,0,-1,2,3,1,-1,-2,0,0
-1,-1,-2,-1,-1,-2,-1,2,-3,1,0,1,3,-1,-2,-2,0,-1,-1,3,-2,1,-1,0,0,0,-2,-2,2,0,-1,1,-2,-1,-1
0,-2,-1,-1,3,-6,-11,-6,-4,2,4,2,1,-1,-5,-2,-2,0,-1,0,-2,1,-2,1,-2,-1,-2,-1,0,0,-1,0,-2,0,-7
0,-3,-1,-1,4,-3,-6,-8,-2,0,-2,1,0,0,0,-3,-3,-2,-6,1,-1,2,0,-1,-1,-3,-3,-4,-2,-2,-2,-2,-1,1,-4
2,-5,-2,-2,16,-1,-4,-2,-3,9,0,6,5,-3,-1,2,-10,2,2,6,-6,5,-2,0,0,-4,-5,-1,2,-4,-4,-2,1,1,0
13,-8,-5,0,80,-3,-8,0,-2,32,4,21,17,-4,7,8,-30,7,8,16,-15,14,-6,5,3,-3,-8,7,7,-11,6,-1,-3,1,-2
-3,-1,-17,0,16,-19,15,-12,3,6,0,-5,-11,-20,-10,-16,-19,7,-3,17,-10,9,7,-2,-5,1,3,-12,-2,9,4,-2,8,3,1
-1,-2,-1,0,0,0,8,-18,-4,4,-1,-1,-9,-19,-8,-8,-9,6,-4,4,-12,1,12,2,-2,7,3,-7,2,20,2,0,9,-2,1
-32.563,-20.438,-0.4375,21.188,-2.125,12.875,14.938,9.375,3.9375,-2.4375,-11.313,-0.5625,4.4375,5.1875,18.063,-6,2.875,-7.9375,-3.0625,1.375,-2.5,9.5625,5.125,-0.375,-4.5,-2.3125,4.75,-8.125,4.8125,1.9375,-1.75,-1.5625,0.5,-7.8125,7.25
-32.563,-20.438,-0.4375,21.188,-2.125,12.875,14.938,9.375,3.9375,-2.4375,-11.313,-0.5625,4.4375,5.1875,18.063,-6,2.875,-7.9375,-3.0625,1.375,-2.5,9.5625,5.125,-0.375,-4.5,-2.3125,4.75,-8.125,4.8125,1.9375,-1.75,-1.5625,0.5,-7.8125,7.25
-32.563,-20.438,-0.4375,21.188,-2.125,12.875,14.938,9.375,3.9375,-2.4375,-11.313,-0.5625,4.4375,5.1875,18.063,-6,2.875,-7.9375,-3.0625,1.375,-2.5,9.5625,5.125,-0.375,-4.5,-2.3125,4.75,-8.125,4.8125,1.9375,-1.75,-1.5625,0.5,-7.8125,7.25
2.8289,2.7887,2.777,2.7534,2.7493,2.7495,2.7698,2.7688,2.7859,2.7775,2.7681,2.7558,2.7507,2.7574,2.7751,2.7778,2.7812,2.7747,2.7778,2.7795,2.7749,2.7786,2.7868,2.7811,2.7735,2.7733,2.7793,2.7565,2.7631,2.7657,2.7587,2.7529,2.7538,2.7541,2.7773
4.6274,5.0597,5.2931,5.4743,5.541,5.5667,5.5778,5.5808,5.5831,5.5966,5.6186,5.6517,5.6989,5.7352,5.7619,5.787,5.7802,5.7686,5.7541,5.7493,5.7556,5.7635,5.7759,5.792,5.7974,5.8039,5.8139,5.8227,5.8058,5.8045,5.8122,5.8153,5.8129,5.7516,5.6175
4.5451,4.3779,4.2692,4.1462,4.0754,4.0307,4.0083,4.0276,4.0298,4.0343,4.0362,4.0231,3.9964,3.9818,3.9792,3.9905,4.0016,4.0139,4.0302,4.0305,4.016,4.0024,3.9885,3.9804,3.9805,3.9853,3.9879,3.9905,3.9868,3.9835,3.9785,3.9723,3.9701,3.9838,4.0342
0.45898,0.13574,-0.038574,-0.090332,-0.094727,-0.24854,-0.32227,-0.44092,-0.47217,-0.47314,-0.43311,-0.46094,-0.46045,-0.44043,-0.41553,-0.45703,-0.46338,-0.49316,-0.5083,-0.49561,-0.52051,-0.47412,-0.45654,-0.42578,-0.43311,-0.45752,-0.46289,-0.47705,-0.51025,-0.49268,-0.49609,-0.48584,-0.46875,-0.44141,-0.40576
-0.95459,-0.85352,-0.79736,-0.71338,-0.84375,-0.72949,-0.89307,-0.80273,-0.91504,-0.94336,-0.89795,-0.93457,-0.85059,-0.87549,-0.83984,-0.93457,-0.88037,-0.93457,-0.89453,-0.88281,-0.87939,-0.91699,-0.91455,-0.89453,-0.91309,-0.89453,-0.92236,-0.84961,-0.87451,-0.8999,-0.9209,-0.88184,-0.8916,-0.86621,-0.84277
0.31836,0.29004,0.22754,0.19287,0.19385,0.091797,0.13965,0.064941,0.1123,0.073242,0.15186,0.14258,0.1333,0.15674,0.15576,0.046875,0.033203,0.032227,0.073242,0.10303,0.1167,0.13525,0.10986,0.099121,0.098145,0.084961,0.089355,0.093262,0.074707,0.090332,0.055176,0.060059,0.067383,0.074219,0.047363
-1,0,2,-3,-3,-2,-2,0,-1,0,2,-1,-4,-2,1,-4,-2,0,-3,0,-2,-1,-1,-2,-2,-3,-1,1,-2,0,-2,-4,2,0,5
-2,-1,1,-3,-2,-2,-1,1,-1,-1,4,-2,-1,-3,-2,-1,-3,-1,-4,3,-2,0,-1,-1,-4,-1,-1,1,0,-1,-1,-3,-1,-1,-1
-2,-3,-2,-3,-2,0,-1,-2,-3,-2,2,-2,0,-3,1,-2,0,-1,6,7,-9,2,-1,0,-1,0,0,0,1,-2,-2,-3,-2,-2,-1
1,-2,-1,-1,0,-2,2,-3,0,1,-1,-1,-2,-1,0,-4,-1,-1,-6,2,-4,-3,-2,-1,1,-2,1,1,-2,-2,-1,-1,0,0,-1
-4,-11,1,0,-5,-6,6,-2,0,1,2,-2,-4,1,4,-3,1,2,-4,4,-3,-1,-4,-4,8,-7,1,-1,-3,-4,-6,-4,1,-7,1
-7,-35,-3,-5,-2,-25,49,-6,2,3,-2,-4,-10,-2,-3,-10,11,15,-2,23,-10,8,6,6,19,-24,-2,8,-9,-8,-19,-5,15,-11,8
-8,-25,-22,-26,22,-9,3,-10,2,4,-11,-2,-8,-1,8,-42,5,4,-4,11,-15,-2,-13,-1,-34,-3,3,2,0,-3,-13,-2,13,-3,-6
-9,-3,-10,-20,5,-4,-5,-3,-1,7,-3,1,-9,-7,2,-19,-1,-4,2,9,-9,-3,-4,-4,-24,2,4,-1,-2,1,-8,2,1,5,15
-5.625,4.0625,-10.563,-28.875,1.125,-0.5,29.375,1.3125,19.063,-11.375,2.0625,-6.25,-4.3125,-8,-10.688,-16,24.875,-12.625,1.0625,-18.438,-4.375,-2,-1.125,1.375,0.8125,2.125,-2.5,-0.9375,-2.25,1.4375,-5.6875,-5.4375,-2.9375,0.3125,-1.875
-5.625,4.0625,-10.563,-28.875,1.125,-0.5,29.375,1.3125,19.063,-11.375,2.0625,-6.25,-4.3125,-8,-10.688,-16,24.875,-12.625,1.0625,-18.438,-4.375,-2,-1.125,1.375,0.8125,2.125,-2.5,-0.9375,-2.25,1.4375,-5.6875,-5.4375,-2.9375,0.3125,-1.875
-5.625,4.0625,-10.563,-28.875,1.125,-0.5,29.375,1.3125,19.063,-11.375,2.0625,-6.25,-4.3125,-8,-10.688,-16,24.875,-12.625,1.0625,-18.438,-4.375,-2,-1.125,1.375,0.8125,2.125,-2.5,-0.9375,-2.25,1.4375,-5.6875,-5.4375,-2.9375,0.3125,-1.875
2.8113,2.8521,2.8309,2.7649,2.7117,2.6976,2.7019,2.7148,2.7294,2.722,2.7308,2.7219,2.7186,2.7074,2.6848,2.642,2.6649,2.6622,2.6653,2.6517,2.6487,2.6433,2.6421,2.6367,2.641,2.6504,2.6514,2.659,2.6575,2.6511,2.645,2.6431,2.6331,2.6328,2.6325
4.5096,4.9788,5.2737,5.4941,5.6171,5.6837,5.6966,5.7008,5.7006,5.7026,5.6946,5.7059,5.7136,5.7281,5.7454,5.7671,5.7799,5.7957,5.7931,5.7808,5.7657,5.76,5.7595,5.7597,5.7637,5.7709,5.7772,5.7897,5.7946,5.7918,5.7852,5.7828,5.7823,5.7757,5.7632
4.7085,4.4984,4.3427,4.204,4.0972,3.9876,3.9358,3.9038,3.8997,3.9022,3.9178,3.9185,3.9184,3.8924,3.8628,3.8348,3.825,3.8409,3.8654,3.8911,3.903,3.8985,3.8948,3.8774,3.8765,3.8831,3.8898,3.8994,3.8957,3.8917,3.8886,3.8866,3.8803,3.8801,3.8841
-0.2832,-0.34717,-0.37793,-0.40674,-0.42236,-0.39697,-0.38818,-0.37793,-0.38135,-0.39795,-0.43555,-0.46289,-0.49512,-0.479,-0.46484,-0.44629,-0.42188,-0.36865,-0.39893,-0.41943,-0.43311,-0.4624,-0.45947,-0.4668,-0.43213,-0.40381,-0.41699,-0.41162,-0.41895,-0.43506,-0.41602,-0.36328,-0.2373,-0.13477,0.0087891
-0.84717,-0.96338,-0.91895,-0.97021,-0.93652,-0.93262,-0.9292,-0.91895,-0.93115,-0.89697,-0.91504,-0.87305,-0.87744,-0.854,-0.92139,-0.99268,-0.88184,-0.98975,-0.89355,-0.90332,-0.91016,-0.88281,-0.82227,-0.94482,-0.95557,-0.94385,-0.94775,-0.89941,-0.9043,-0.90967,-0.87988,-0.85742,-0.72168,-0.67969,-0.83252
0.10742,0.13184,0.12256,0.16064,0.15918,0.16846,0.21094,0.17285,0.11475,0.09375,0.081543,0.078613,0.11475,0.13574,0.19434,0.18213,0.1499,0.17334,0.13672,0.11768,0.14307,0.14404,0.077637,0.22412,0.14893,0.11816,0.125,0.12842,0.13916,0.13379,0.12646,0.12305,0.11621,0.15625,0.28418
-2,2,-3,-5,0,-2,-1,1,-1,0,-2,0,-1,0,1,-1,-3,-2,-3,-3,-3,-1,-1,2,0,1,-1,0,-3,-4,-1,0,0,1,-2
-1,-1,-2,-1,2,-1,-2,1,-1,-3,-2,0,-2,-1,1,-1,-2,-1,-3,-1,-2,0,-2,0,-2,-1,1,0,-2,-2,-1,0,1,-1,-1
-3,1,0,-4,3,-3,-1,1,-2,-3,-2,-1,-2,-3,0,-2,7,-1,-2,-1,-2,-1,-1,0,-3,-5,-3,-1,-2,-1,-3,0,2,-2,1
-5,-2,0,0,2,-3,-3,4,-5,-2,0,2,-1,-1,-2,-2,-5,-2,-2,-2,-3,0,-2,-1,-2,-4,-1,0,-1,-2,-1,1,-1,-1,0
-4,3,-6,-3,2,-3,-3,19,-6,-8,1,5,0,-5,0,-2,-5,-4,-6,-7,0,5,1,1,-1,-4,5,-6,-1,-1,0,2,-2,-2,-1
5,19,3,-4,7,-5,4,69,-1,-28,3,9,0,-13,11,-11,-2,-12,-8,-31,1,10,20,8,0,-12,17,-11,10,-6,1,5,-4,-1,-4
37,-8,-4,-17,-2,-29,-6,11,2,5,-4,11,-13,17,0,-1,-17,-10,-23,12,-5,2,-14,15,9,-2,9,-1,10,-3,-9,-2,-2,-1,1
10,-12,1,-18,-5,-5,0,-3,3,7,0,3,-4,9,1,-2,-12,-2,-7,-2,-3,3,-7,5,11,14,4,3,0,-6,-6,0,-1,-2,0
27.438,12.938,7.9375,2,-4.5,-6.5,-7.75,1.75,6.0625,-7.6875,8.8125,-10.563,-4.125,-4.4375,12.188,3.3125,5.8125,0.625,4.1875,5.125,-4.125,-4.4375,-16,4.625,-0.5,4.1875,-2,-2.3125,-1.625,-0.0625,1.625,-1.0625,-7.8125,34.625,16.563
27.438,12.938,7.9375,2,-4.5,-6.5,-7.75,1.75,6.0625,-7.6875,8.8125,-10.563,-4.125,-4.4375,12.188,3.3125,5.8125,0.625,4.1875,5.125,-4.125,-4.4375,-16,4.625,-0.5,4.1875,-2,-2.3125,-1.625,-0.0625,1.625,-1.0625,-7.8125,34.625,16.563
27.438,12.938,7.9375,2,-4.5,-6.5,-7.75,1.75,6.0625,-7.6875,8.8125,-10.563,-4.125,-4.4375,12.188,3.3125,5.8125,0.625,4.1875,5.125,-4.125,-4.4375,-16,4.625,-0.5,4.1875,-2,-2.3125,-1.625,-0.0625,1.625,-1.0625,-7.8125,34.625,16.563
2.7115,2.7287,2.7588,2.7561,2.7551,2.7366,2.7262,2.7256,2.7196,2.7054,2.7027,2.7059,2.7001,2.7034,2.724,2.7501,2.7624,2.7495,2.7556,2.7535,2.7538,2.7513,2.7326,2.73,2.7392,2.7366,2.7287,2.7218,2.7167,2.7161,2.7197,2.7226,2.7251,2.8141,2.8688
5.572,5.6062,5.6134,5.6102,5.6106,5.6112,5.6153,5.6254,5.6596,5.6977,5.7331,5.7569,5.7472,5.7359,5.7189,5.7069,5.7037,5.7033,5.7046,5.7166,5.7262,5.7325,5.7246,5.6989,5.6838,5.6833,5.688,5.6902,5.6884,5.6897,5.6926,5.6879,5.6353,5.4122,5.1696
3.9899,3.977,3.9872,3.9916,3.9934,3.995,3.9862,3.9596,3.9192,3.9016,3.8981,3.919,3.9499,3.9667,3.9867,3.9869,3.9699,3.9523,3.9316,3.9217,3.9285,3.9369,3.9447,3.9489,3.9447,3.9345,3.9328,3.9301,3.9286,3.9293,3.9327,3.9383,3.9755,4.1072,4.2154
-0.22754,-0.36475,-0.31445,-0.39404,-0.39648,-0.39893,-0.37793,-0.36328,-0.38867,-0.41504,-0.44434,-0.47607,-0.48242,-0.49707,-0.50635,-0.49023,-0.50391,-0.4707,-0.43408,-0.42773,-0.41895,-0.43213,-0.46094,-0.49561,-0.52393,-0.49561,-0.50098,-0.50586,-0.46436,-0.43066,-0.20166,-0.14063,-0.11426,-0.055176,0.14795
-0.9082,-0.83057,-1.1084,-0.9668,-1.0293,-0.8916,-0.89111,-0.92725,-0.89111,-0.85059,-0.85352,-0.85645,-0.88623,-0.85449,-0.83301,-0.85498,-0.85449,-0.88965,-0.90039,-0.87891,-0.86621,-0.85742,-0.8623,-0.82617,-0.81445,-0.89063,-0.86963,-0.85107,-0.87109,-0.78076,-0.65674,-0.81787,-0.75928,-0.91553,-1.2607
0.15967,0.08252,0.2041,0.18311,0.2793,0.24609,0.27686,0.28369,0.23145,0.22852,0.20361,0.20313,0.21582,0.24316,0.28809,0.30078,0.30664,0.29346,0.27539,0.25049,0.24268,0.24316,0.24219,0.23877,0.2207,0.22217,0.21924,0.18359,0.1958,0.17627,0.15771,0.14941,0.23682,0.24121,0.32471
-2,1,-5,0,-2,0,-2,1,-4,1,-1,-3,-1,1,1,-3,-1,-2,-1,-1,-3,-2,-6,1,-1,-2,-2,0,-3,0,-5,1,2,-4,-4
-1,-1,-2,-3,-1,-2,-2,-1,-3,0,-2,-2,1,-1,-1,-3,-1,-1,1,-2,-1,0,0,-2,-2,-1,-4,-1,-1,-1,0,0,-2,-2,-2
-2,-2,0,-3,-4,0,-1,-1,-2,-2,0,-1,-1,-1,-2,-2,-2,-2,-1,-1,0,-3,1,-1,0,1,-2,-3,0,-1,-2,-2,-4,-2,-2
-1,-3,8,-5,-1,2,-1,3,-2,0,-5,-1,-1,-3,-1,0,-4,1,-1,-2,-2,-3,-2,-2,-3,-4,0,1,1,-1,-2,-2,-1,0,0
0,0,3,-2,3,-5,-3,5,-2,-6,-5,-2,3,0,0,-3,-1,-3,-5,-3,-9,3,-4,-3,0,-4,-2,-1,3,1,-3,-3,-4,0,-9
-4,3,-1,1,18,-15,0,-4,-23,1,-1,-1,-7,4,2,-4,0,-3,-13,-7,-21,-5,-8,2,11,-6,-9,-2,8,2,-3,-4,-9,1,-17
-7,4,2,-2,3,-7,2,-8,6,5,-8,-5,-2,7,-2,-12,-3,1,-1,-12,-15,-3,-21,5,-2,-7,-6,-3,2,0,3,3,0,3,-2
-10,6,-4,3,0,-2,1,-2,0,3,-5,-5,1,4,1,-4,-3,-2,-1,-1,-2,-6,-16,3,1,-1,-9,-2,-4,0,-1,1,-5,-8,-5
21.688,34.188,21.25,46.25,-7.0625,-12.188,-9.125,0.0625,4.1875,11.438,13.188,8.75,2.6875,-9.0625,-6.4375,-7.25,-0.0625,-0.3125,0.0625,1.3125,3.0625,-2.0625,-3.5625,-4.0625,-12.938,-6.6875,-19.188,4.1875,-5.875,-2.125,-36.125,-17.438,7.125,12.25,35.438
21.688,34.188,21.25,46.25,-7.0625,-12.188,-9.125,0.0625,4.1875,11.438,13.188,8.75,2.6875,-9.0625,-6.4375,-7.25,-0.0625,-0.3125,0.0625,1.3125,3.0625,-2.0625,-3.5625,-4.0625,-12.938,-6.6875,-19.188,4.1875,-5.875,-2.125,-36.125,-17.438,7.125,12.25,35.438
21.688,34.188,21.25,46.25,-7.0625,-12.188,-9.125,0.0625,4.1875,11.438,13.188,8.75,2.6875,-9.0625,-6.4375,-7.25,-0.0625,-0.3125,0.0625,1.3125,3.0625,-2.0625,-3.5625,-4.0625,-12.938,-6.6875,-19.188,4.1875,-5.875,-2.125,-36.125,-17.438,7.125,12.25,35.438
2.7852,2.8238,2.8392,2.8862,2.8943,2.896,2.8748,2.8696,2.8712,2.8802,2.9073,2.9466,2.9638,2.97,2.966,2.9633,2.9625,2.955,2.9443,2.936,2.9365,2.9347,2.9301,2.9257,2.9042,2.8876,2.869,2.8671,2.8544,2.8542,2.8252,2.7918,2.8169,2.853,2.8815
5.5795,5.5936,5.5859,5.5661,5.5627,5.5851,5.616,5.6306,5.6718,5.7105,5.7505,5.7921,5.7961,5.7811,5.765,5.7499,5.7401,5.7387,5.7455,5.7644,5.7781,5.7889,5.796,5.8024,5.8044,5.8013,5.8095,5.8068,5.8069,5.794,5.6996,5.5398,5.3261,5.0589,4.6822
4.1278,4.0852,4.09,4.1024,4.1177,4.1195,4.108,4.0921,4.0487,4.0308,4.0383,4.073,4.1043,4.1344,4.151,4.1607,4.1555,4.128,4.1008,4.0721,4.0642,4.0604,4.0594,4.06,4.0589,4.0549,4.0553,4.0459,4.0438,4.0483,4.0723,4.1165,4.2023,4.3156,4.5053
-0.38672,-0.41455,-0.3999,-0.3667,-0.32129,-0.35498,-0.37891,-0.4126,-0.42822,-0.43848,-0.44873,-0.45654,-0.44873,-0.44482,-0.41602,-0.39014,-0.39453,-0.40674,-0.42432,-0.42627,-0.43018,-0.44092,-0.3999,-0.41797,-0.44482,-0.42188,-0.40039,-0.30518,-0.24756,-0.12061,-0.14502,0.099121,0.28662,0.41992,0.6416
-1.02,-1.0293,-0.88916,-0.88135,-0.93408,-0.93994,-0.90967,-0.91162,-0.87549,-0.9043,-0.88135,-0.89014,-0.88818,-0.89307,-0.90186,-0.89941,-0.91162,-0.90381,-0.90186,-0.89063,-0.87695,-0.86572,-0.85986,-0.96729,-0.91016,-0.90137,-0.86865,-0.83105,-0.74463,-0.8418,-0.82471,-0.89453,-0.93457,-1.0781,-0.90381
0.19434,0.26514,0.28564,0.21973,0.30371,0.27051,0.21387,0.20215,0.20801,0.18604,0.20898,0.24902,0.26367,0.26855,0.27686,0.2417,0.21875,0.21191,0.22217,0.22266,0.23096,0.2168,0.2207,0.25098,0.22363,0.19873,0.20313,0.18164,0.125,0.19971,0.17432,0.25586,0.26465,0.25439,0.20801
1,-1,-3,-1,1,-2,1,-2,-1,-2,-1,0,-4,0,1,-3,-1,-4,0,-2,-1,-3,0,3,-5,-2,-1,-3,-1,-3,-1,2,-3,1,-2
0,-1,-4,-3,0,-1,-1,-4,-1,1,2,-3,-4,1,-1,-1,-2,-1,-2,-1,2,-32,-2,0,-1,-1,-2,-2,-2,-2,0,1,-1,-2,-3
1,-3,-3,-2,-2,-3,-2,0,-2,1,-1,-2,-5,0,2,-1,-3,-4,-1,-2,1,-21,-2,-2,1,1,-1,-1,-2,-1,-2,-1,-2,-1,-1
-3,2,-2,-1,-4,-3,-1,-2,0,0,-4,0,0,0,0,-2,-2,-4,1,-1,1,-2,-1,0,2,-2,-2,1,0,-2,-1,0,-1,0,-3
-4,5,-3,0,-5,-4,-2,-3,-1,2,-2,-3,2,0,3,-2,-4,0,-3,-2,-2,-8,-6,2,-3,-8,-2,-3,-1,-2,-3,3,-1,-2,-2
-1,11,0,2,-6,-2,0,1,-6,8,1,-3,12,-10,5,-1,-1,7,-17,-4,-3,-20,-18,0,-10,-14,7,-11,2,-4,-9,14,-3,-5,0
-1,-2,-7,39,-6,-22,-1,-10,-2,-20,4,7,0,-12,3,-3,-2,-12,2,1,-22,-32,-1,-19,-28,-5,-2,2,-6,8,-3,6,-4,-3,-1
8,-9,-19,-1,1,-1,5,-14,-17,-11,1,1,-1,0,6,-2,5,-10,12,15,0,-11,3,3,-12,8,-2,1,-2,-1,-3,2,-4,-1,-3
-6.4375,8.3125,-15.688,-20.688,3.375,5.9375,9.6875,8.3125,5.75,-1.875,-4.6875,-4.5,-2,0.875,-0.5625,5.9375,4.5,2.3125,1,-1.6875,0.6875,-4.8125,-3,4.0625,-4.5,-4.875,-5.0625,-3.875,-34.875,-10.5,18.813,0.4375,5.9375,24.125,11.813
-6.4375,8.3125,-15.688,-20.688,3.375,5.9375,9.6875,8.3125,5.75,-1.875,-4.6875,-4.5,-2,0.875,-0.5625,5.9375,4.5,2.3125,1,-1.6875,0.6875,-4.8125,-3,4.0625,-4.5,-4.875,-5.0625,-3.875,-34.875,-10.5,18.813,0.4375,5.9375,24.125,11.813
-6.4375,8.3125,-15.688,-20.688,3.375,5.9375,9.6875,8.3125,5.75,-1.875,-4.6875,-4.5,-2,0.875,-0.5625,5.9375,4.5,2.3125,1,-1.6875,0.6875,-4.8125,-3,4.0625,-4.5,-4.875,-5.0625,-3.875,-34.875,-10.5,18.813,0.4375,5.9375,24.125,11.813
2.9237,2.9228,2.9189,2.8831,2.8747,2.8839,2.8916,2.8999,2.9054,2.9014,2.8992,2.8975,2.9013,2.9031,2.9018,2.9041,2.9042,2.9022,2.899,2.8953,2.8961,2.8888,2.8794,2.869,2.8686,2.8564,2.8475,2.8451,2.816,2.7878,2.8159,2.8433,2.8518,2.8244,2.7781
5.5185,5.5239,5.5675,5.5887,5.5909,5.6104,5.6388,5.6803,5.6981,5.7105,5.7025,5.6861,5.6773,5.676,5.6797,5.6867,5.6913,5.6952,5.6995,5.7035,5.709,5.7032,5.6842,5.6626,5.6683,5.6768,5.6817,5.6654,5.608,5.4327,5.3,4.9458,4.5394,4.2549,3.995
4.1089,4.1142,4.1181,4.1223,4.1185,4.0886,4.0642,4.0467,4.0464,4.0605,4.0739,4.0938,4.1048,4.1031,4.0908,4.0667,4.0491,4.0361,4.0292,4.0264,4.0261,4.0217,4.01,4.0042,3.9984,3.9948,3.9927,4.0103,4.0415,4.128,4.183,4.33,4.4912,4.6231,4.7778
-0.12793,-0.18945,-0.25439,-0.31152,-0.36328,-0.375,-0.40137,-0.39258,-0.36475,-0.38574,-0.43066,-0.44824,-0.46387,-0.45068,-0.44043,-0.43555,-0.43457,-0.41162,-0.38965,-0.39453,-0.39063,-0.41943,-0.42871,-0.45313,-0.46191,-0.44434,-0.4458,-0.43945,-0.44043,-0.38428,-0.27051,-0.26563,-0.25244,-0.16162,0.019531
-0.83691,-0.81006,-0.94287,-0.88428,-1.0483,-0.96826,-0.93604,-0.92578,-0.94678,-0.89063,-0.86914,-0.90869,-0.85889,-0.8916,-0.88428,-0.88965,-0.90234,-0.92676,-0.93652,-0.91504,-0.92627,-0.90918,-0.88867,-0.87451,-0.89893,-0.91016,-0.91113,-0.92041,-0.87256,-0.83789,-0.75244,-0.73535,-0.82324,-0.84766,-0.99902
0.19678,0.16016,0.20508,0.14844,0.12012,0.18213,0.21045,0.2334,0.22852,0.17188,0.13672,0.15625,0.15674,0.17822,0.2168,0.23438,0.22119,0.22949,0.21924,0.19482,0.18896,0.18896,0.20117,0.20947,0.21338,0.21045,0.14014,0.19287,0.18311,0.19189,0.1709,0.12061,0.20361,0.19287,0.25
-2,-3,-1,-2,1,-4,1,-1,0,-1,0,0,3,1,-1,0,1,-1,-1,0,-2,-1,-1,1,-1,2,0,-2,-1,-1,-1,2,2,-2,-2
-3,-1,1,-1,-1,-4,0,-1,-1,0,-1,-1,0,1,-3,-1,-1,-2,-2,0,0,-2,-2,-3,-1,-2,-2,-1,-4,-1,-1,-1,1,-2,-2
0,-1,0,-2,0,-5,0,-1,-1,-3,-1,0,0,0,-2,0,0,-1,-1,0,-1,-1,0,-1,0,0,-1,-2,-1,-3,0,-3,0,-1,-1
1,-4,0,-1,-2,-3,1,0,0,0,-2,-3,1,0,-2,2,0,-2,-3,-1,0,-1,-2,-3,0,1,2,-2,-2,-3,0,-2,-1,0,0
2,-6,1,-1,-1,-4,-3,0,1,0,10,-1,1,0,4,5,-2,-1,-2,1,2,-4,2,-8,2,2,-2,0,3,-2,-1,0,8,0,-1
7,-4,-4,-2,5,-8,-14,-11,-4,-1,40,-3,1,15,9,20,-7,3,3,-3,6,-2,-1,-11,2,5,-8,1,5,3,-4,-9,8,3,1
1,-27,16,-6,16,-10,-11,19,3,-6,14,10,11,-5,-2,-2,4,-1,-11,8,19,-7,-5,-4,-13,32,-7,12,2,8,1,2,-1,4,-1
-5,-9,4,-5,2,-9,-2,5,1,-1,6,6,17,0,4,1,5,-1,-6,7,7,-10,-5,2,1,9,-2,-1,8,5,-1,0,2,-1,-1
-1.8125,3.3125,16.188,16,-2.125,-11.5,-7.0625,-5.1875,3.625,8.1875,6.625,2.625,-2.5625,-5.9375,-0.5625,-1.875,4.5,2.8125,3.375,4.5,2.5625,0.75,-1.5625,-4.6875,-9.6875,-5.625,-1.375,0.5,-3.9375,-5.1875,-9.5,-13.938,3.3125,44.125,14.625
-1.8125,3.3125,16.188,16,-2.125,-11.5,-7.0625,-5.1875,3.625,8.1875,6.625,2.625,-2.5625,-5.9375,-0.5625,-1.875,4.5,2.8125,3.375,4.5,2.5625,0.75,-1.5625,-4.6875,-9.6875,-5.625,-1.375,0.5,-3.9375,-5.1875,-9.5,-13.938,3.3125,44.125,14.625
-1.8125,3.3125,16.188,16,-2.125,-11.5,-7.0625,-5.1875,3.625,8.1875,6.625,2.625,-2.5625,-5.9375,-0.5625,-1.875,4.5,2.8125,3.375,4.5,2.5625,0.75,-1.5625,-4.6875,-9.6875,-5.625,-1.375,0.5,-3.9375,-5.1875,-9.5,-13.938,3.3125,44.125,14.625
2.8151,2.8074,2.8139,2.8269,2.8119,2.8103,2.8008,2.7926,2.7895,2.8082,2.8184,2.8228,2.8264,2.823,2.8279,2.8358,2.8458,2.8447,2.8446,2.8482,2.8484,2.8484,2.8474,2.8446,2.8313,2.822,2.8233,2.8226,2.8185,2.8114,2.798,2.7867,2.7891,2.8603,2.9205
5.4529,5.5038,5.5299,5.5392,5.5556,5.5676,5.5805,5.6032,5.6309,5.6773,5.7144,5.7276,5.725,5.7119,5.6968,5.683,5.6678,5.6648,5.6705,5.6834,5.69,5.6992,5.7089,5.7121,5.7093,5.7082,5.7154,5.7248,5.7321,5.7317,5.6845,5.6316,5.4605,5.25,4.9107
4.1882,4.1305,4.09,4.0728,4.0669,4.0792,4.0833,4.0743,4.0598,4.0404,4.0291,4.0353,4.0499,4.067,4.0838,4.0964,4.0915,4.0707,4.0536,4.0343,4.0297,4.028,4.0337,4.0387,4.036,4.0311,4.0175,4.0208,4.0169,4.0159,4.019,4.023,4.0859,4.1716,4.314
-0.080566,-0.16943,-0.20996,-0.3125,-0.32275,-0.34668,-0.3418,-0.33691,-0.33984,-0.35742,-0.38623,-0.41064,-0.43506,-0.4375,-0.43311,-0.4209,-0.4165,-0.40186,-0.3667,-0.37451,-0.38574,-0.40234,-0.41602,-0.42822,-0.45215,-0.44873,-0.44385,-0.40332,-0.44043,-0.44092,-0.43799,-0.40576,-0.28223,-0.19238,-0.18848
-0.79639,-0.83691,-0.854,-0.99561,-1,-0.9751,-0.93115,-0.93311,-0.89844,-0.89941,-0.87744,-0.90234,-0.87109,-0.8999,-0.89844,-0.89551,-0.89014,-0.91748,-0.93115,-0.9292,-0.91846,-0.89697,-0.88965,-0.88721,-0.85791,-0.87061,-0.89453,-0.92578,-0.90137,-0.89502,-0.88428,-0.8418,-0.78857,-0.82227,-0.72607
0.23047,0.23584,0.2334,0.22314,0.2417,0.2666,0.29053,0.29004,0.25879,0.22852,0.19678,0.19873,0.18604,0.21826,0.24854,0.26123,0.26709,0.27734,0.25293,0.23193,0.21924,0.2085,0.23096,0.23438,0.22705,0.2373,0.23535,0.24756,0.2041,0.20313,0.21875,0.21338,0.16455,0.21143,0.19873
-1,-1,-4,-5,-4,-1,2,0,-4,-1,0,0,0,0,-4,1,-3,-1,1,-3,1,-5,-3,0,-3,0,-2,-1,0,-2,-3,-2,-1,0,-1
1,1,0,-5,-4,-1,-3,-2,0,1,-3,0,-1,-2,-2,-1,-4,0,-2,-4,1,-2,-3,-2,-1,-1,-5,-1,-1,0,-3,-1,-1,-1,1
0,0,5,-19,-6,-1,0,-7,-2,2,-1,1,-5,-2,-3,0,-2,0,0,-3,-1,-1,-1,-1,-1,0,-1,0,-1,-1,-1,-2,-2,0,-1
1,-1,-1,-5,-3,1,-2,-1,-1,0,-3,-2,-5,-1,-3,3,-2,-3,0,-1,-1,-1,-1,0,-1,-2,1,0,-2,0,1,-1,-1,-2,-2
4,-5,-4,-12,-4,11,0,1,-3,4,-3,-3,0,-3,-6,9,-1,0,4,-5,-1,7,2,2,-2,-3,2,-3,-2,2,0,-1,-1,-2,4
8,-14,-43,-32,-6,35,-2,0,0,20,-9,-5,7,-12,-13,23,6,-7,10,0,11,23,10,15,-2,-14,5,0,-2,8,0,2,0,-3,10
2,-12,-6,-12,-7,12,12,21,-26,-5,4,-2,-2,1,-12,5,-10,-9,-1,13,-3,5,-1,-3,1,-12,-1,-2,11,9,9,-9,2,-5,3
4,-2,-9,-12,-2,0,8,10,-17,-2,4,3,0,-1,-6,7,-13,4,3,3,9,-5,-2,-3,5,-1,3,-1,7,3,0,-6,1,-5,0
4.625,6.5625,-4.0625,3.8125,-2.4375,-5.9375,-3.1875,-9.125,2.625,6.5,8.125,0.5,0.75,-9.8125,-2.5,-3.75,1.6875,0.1875,3.3125,5.5,0.8125,-1.125,-3.1875,-1.375,-1.25,-2.9375,1.5,0.75,2,-3.5625,-2.8125,-3.8125,-13.875,-5.3125,14.438
4.625,6.5625,-4.0625,3.8125,-2.4375,-5.9375,-3.1875,-9.125,2.625,6.5,8.125,0.5,0.75,-9.8125,-2.5,-3.75,1.6875,0.1875,3.3125,5.5,0.8125,-1.125,-3.1875,-1.375,-1.25,-2.9375,1.5,0.75,2,-3.5625,-2.8125,-3.8125,-13.875,-5.3125,14.438
4.625,6.5625,-4.0625,3.8125,-2.4375,-5.9375,-3.1875,-9.125,2.625,6.5,8.125,0.5,0.75,-9.8125,-2.5,-3.75,1.6875,0.1875,3.3125,5.5,0.8125,-1.125,-3.1875,-1.375,-1.25,-2.9375,1.5,0.75,2,-3.5625,-2.8125,-3.8125,-13.875,-5.3125,14.438
2.9397,2.9295,2.9239,2.9163,2.9142,2.9052,2.9025,2.8853,2.8807,2.8829,2.8899,2.8946,2.8975,2.8893,2.8887,2.8924,2.9012,2.9015,2.9061,2.9084,2.906,2.9026,2.9003,2.9003,2.8962,2.8895,2.8888,2.8868,2.8912,2.8803,2.8739,2.8726,2.8601,2.8549,2.898
5.3792,5.4457,5.4591,5.466,5.4622,5.4793,5.5026,5.5463,5.5841,5.6237,5.6599,5.6909,5.6909,5.6807,5.666,5.6534,5.6412,5.6383,5.6426,5.6561,5.6702,5.6837,5.693,5.697,5.7133,5.7127,5.7088,5.7104,5.714,5.7195,5.7202,5.7163,5.669,5.5759,5.4184
4.1728,4.1088,4.0914,4.0882,4.0997,4.1044,4.1053,4.0888,4.0636,4.0396,4.0272,4.0314,4.043,4.0574,4.074,4.0886,4.0916,4.085,4.0593,4.036,4.0255,4.0239,4.0267,4.028,4.0341,4.0286,4.0191,4.0175,4.0199,4.0159,4.0152,4.0206,4.0411,4.0835,4.1524
0.24414,0.11084,-0.043457,-0.11328,-0.26904,-0.41016,-0.41211,-0.42432,-0.40918,-0.4126,-0.39795,-0.40137,-0.41162,-0.4541,-0.47168,-0.46631,-0.48096,-0.50293,-0.47217,-0.41699,-0.40234,-0.47461,-0.49268,-0.50684,-0.50293,-0.51953,-0.5332,-0.55518,-0.47412,-0.3916,-0.26465,-0.30908,0.0097656,0.11523,0.35303
-0.89258,-0.80566,-0.72363,-0.80469,-0.91846,-0.87842,-1.0156,-0.94287,-0.94238,-0.89014,-0.91064,-0.87158,-0.89258,-0.89355,-0.88525,-0.8833,-0.89502,-0.88232,-0.9082,-0.92432,-0.94385,-0.90039,-0.87061,-0.83057,-0.83545,-0.80225,-0.854,-0.89111,-0.84131,-0.80762,-0.63037,-0.69922,-0.87988,-0.92676,-1.0005
0.28418,0.27002,0.20703,0.20996,0.19043,0.11279,0.18604,0.17871,0.24072,0.24268,0.22656,0.18262,0.16602,0.14844,0.14307,0.15527,0.20605,0.23389,0.24561,0.23828,0.24609,0.16211,0.15625,0.14258,0.15381,0.14063,0.17285,0.16504,0.10645,0.085938,0.063965,0.073242,0.2085,0.23828,0.19385
-2,2,1,1,-2,0,-2,-1,-3,-3,-2,-2,0,1,-1,-3,0,-2,-1,-1,-3,-2,-3,-2,-1,1,-1,-1,-2,0,-2,3,0,1,-3
-2,0,2,-2,-2,-4,-3,-1,-4,-2,-3,0,-3,-1,-1,-1,-1,-2,-1,-1,-2,0,-2,-3,-3,2,-1,-1,0,-3,-1,-1,0,0,-2
0,0,0,-3,-3,-23,-2,-11,-8,-3,0,-7,-1,-1,-2,-2,-2,-1,-2,-4,-1,-1,0,-3,0,-2,0,-1,1,-2,-1,-2,0,-1,-2
1,0,-2,1,1,-9,3,-7,-4,2,1,0,-1,-2,0,-2,-2,-2,-2,-1,-2,-2,0,0,-1,0,0,-1,-1,-1,-1,-1,0,0,-1
6,-6,-2,3,0,9,-2,-4,-8,-1,-3,1,-1,5,1,-1,-2,0,-4,-2,-16,5,-3,0,-1,-4,3,-1,1,2,0,-1,3,3,-5
10,3,-7,5,1,32,-17,-3,-23,6,1,-3,2,15,2,0,2,1,-9,3,-57,17,-18,6,-3,-18,3,-9,-8,5,1,0,16,10,-9
19,-25,47,18,8,21,-1,-8,-18,-2,-13,5,2,4,-8,4,2,4,-7,10,-26,4,-3,-9,-1,6,0,13,0,-3,2,-5,5,-1,-3
4,-1,16,10,1,14,-1,-2,-9,-10,-11,3,4,1,-7,0,1,-2,-2,4,-13,-1,-3,-16,-3,5,-2,3,1,-3,-2,0,1,-3,0
0.1875,12.063,1.125,3.9375,3.625,-1.5625,-5.3125,-2.25,-13.5,-6.9375,-1.875,6.3125,9.5625,1.375,-1.125,-4.9375,2.6875,4,1.375,3.75,4.9375,5,-5.375,-9,-8.375,-4.875,0.125,1,-8.25,-15.563,-49,-7.75,-49.625,28,11.438
0.1875,12.063,1.125,3.9375,3.625,-1.5625,-5.3125,-2.25,-13.5,-6.9375,-1.875,6.3125,9.5625,1.375,-1.125,-4.9375,2.6875,4,1.375,3.75,4.9375,5,-5.375,-9,-8.375,-4.875,0.125,1,-8.25,-15.563,-49,-7.75,-49.625,28,11.438
0.1875,12.063,1.125,3.9375,3.625,-1.5625,-5.3125,-2.25,-13.5,-6.9375,-1.875,6.3125,9.5625,1.375,-1.125,-4.9375,2.6875,4,1.375,3.75,4.9375,5,-5.375,-9,-8.375,-4.875,0.125,1,-8.25,-15.563,-49,-7.75,-49.625,28,11.438
2.8985,2.9155,2.9108,2.8833,2.8666,2.8619,2.8445,2.8427,2.793,2.7874,2.7789,2.7837,2.7909,2.7989,2.8018,2.8059,2.8186,2.8375,2.842,2.8489,2.8504,2.8445,2.8265,2.8059,2.7917,2.7859,2.7843,2.7833,2.7697,2.7474,2.7095,2.7177,2.6853,2.7088,2.7127
4.8641,5.1296,5.3373,5.4765,5.5866,5.6105,5.6146,5.6155,5.6237,5.6431,5.6755,5.7112,5.7424,5.7745,5.7751,5.7584,5.7381,5.7254,5.7245,5.7324,5.7483,5.7959,5.8347,5.8642,5.8783,5.8719,5.8481,5.8383,5.8452,5.8196,5.7518,5.5251,5.276,4.9698,4.5479
4.5073,4.3664,4.2373,4.1331,4.0277,4.0141,4.0211,4.0226,4.0215,4.0089,3.9894,3.9697,3.9573,3.9538,3.9692,4.0027,4.0259,4.0371,4.0361,4.0175,3.9926,3.949,3.927,3.9186,3.9224,3.9282,3.9237,3.9181,3.9116,3.9213,3.9824,4.1143,4.2335,4.3446,4.4997
