-0.80664,-0.79785,-0.79785,-0.8042,-0.83105,-0.83252,-0.81201,-0.7373,-0.62061,-0.48145,-0.49707,-0.48828,-0.57324,-0.59717,-0.55957,-0.42041,-0.28955,-0.28955,0.0039063,0.012695,0.26807,0.47314,0.38818,0.7207,0.72266,0.72656,0.88379,0.88379,0.90771,0.93701,0.95654,0.96826,0.96973,0.94141,0.89941
0.37402,0.37158,0.39697,0.41943,0.45557,0.44629,0.43701,0.42871,0.42627,0.40576,0.45605,0.49854,0.64453,0.73242,0.8667,0.89746,0.91016,0.91016,1.1719,0.9541,0.83594,1.0601,1.0581,0.7915,0.79248,0.81543,0.73096,0.60303,0.56689,0.49902,0.47949,0.45605,0.42969,0.41797,0.40479
-0.22754,-0.23389,-0.25244,-0.28564,-0.30566,-0.30908,-0.29492,-0.25439,-0.18408,-0.10498,-0.02002,0.014648,0.02002,0.06543,0.10156,0.16943,0.064941,0.064941,0.27051,0.15576,0.23389,0.29932,0.18457,0.27246,0.17041,0.125,0.095215,0.042969,0.012695,-0.067871,-0.07666,-0.14355,-0.094727,-0.07959,-0.054688
12,-56,17,53,9,-29,-8,-13,13,2,11,2,7,5,16,-6,-2,-2,-9,-22,-2,3,-4,-20,-5,-14,0,-5,18,-3,-3,-12,-4,5,-2
7,-10,19,3,7,-6,16,-1,13,-13,14,-15,-12,4,-5,-2,-14,-14,7,5,-8,6,2,-7,0,-11,0,3,-3,-2,-1,-3,0,1,-1
-2,-4,5,3,-3,3,6,5,6,-4,8,-12,-9,4,1,2,-3,-3,1,5,-2,1,-1,-1,-4,-2,-2,-1,-3,0,-1,-2,-2,-1,-1
-8,0,-9,0,2,4,1,4,-11,10,9,-5,-4,1,-1,1,-2,-2,-2,1,1,-1,-1,0,-2,-2,-2,0,-1,-1,-1,-1,-1,-1,-2
-6,0,0,0,-3,-2,-2,2,-1,1,3,-4,-4,-1,0,0,-3,-3,0,-1,-1,0,1,0,-2,0,-1,-1,-1,-1,0,-1,-2,-1,-1
-4,-2,2,0,-2,-1,-1,1,-1,-1,-2,-1,-2,-1,1,0,-2,-2,-2,-3,-1,0,-2,-2,0,0,0,1,3,-2,-1,-1,-2,1,-1
-2,0,0,3,0,-2,-2,0,0,0,0,-2,1,-1,1,0,1,1,-2,-1,-2,1,0,0,2,-3,-2,-1,0,-2,-1,-1,1,1,0
0,-10,0,5,3,0,1,-1,-3,0,2,0,4,-5,5,-1,0,0,-2,-8,-2,3,1,0,-1,-2,-2,-5,0,-2,-1,-1,-3,2,0
23.188,10.25,1.125,-5.8125,-3.75,-3.3125,-2.0625,-3.0625,-8.6875,-33.375,-57.938,-70.5,-94.125,-92,-86.625,-79,-47.875,-47.875,-5.625,-38.438,-31.25,39.125,30.25,2.375,20.875,7.3125,-18.563,-23.125,-19.313,-33.188,-29.438,-32.75,-35.938,-30.688,-17.125
23.188,10.25,1.125,-5.8125,-3.75,-3.3125,-2.0625,-3.0625,-8.6875,-33.375,-57.938,-70.5,-94.125,-92,-86.625,-79,-47.875,-47.875,-5.625,-38.438,-31.25,39.125,30.25,2.375,20.875,7.3125,-18.563,-23.125,-19.313,-33.188,-29.438,-32.75,-35.938,-30.688,-17.125
23.188,10.25,1.125,-5.8125,-3.75,-3.3125,-2.0625,-3.0625,-8.6875,-33.375,-57.938,-70.5,-94.125,-92,-86.625,-79,-47.875,-47.875,-5.625,-38.438,-31.25,39.125,30.25,2.375,20.875,7.3125,-18.563,-23.125,-19.313,-33.188,-29.438,-32.75,-35.938,-30.688,-17.125
8.3729,8.4059,8.4174,8.4165,8.404,8.3987,8.3952,8.3751,8.3208,8.1927,7.9949,7.8808,7.6522,7.4517,7.2918,7.1699,7.0881,7.0881,7.0773,7.0561,7.0461,7.0982,7.1287,7.1759,7.2117,7.2887,7.3487,7.4131,7.5052,7.6521,7.7021,7.8132,7.8209,7.8133,7.7886
6.5789,6.5855,6.587,6.5865,6.5911,6.5932,6.5943,6.5941,6.5876,6.5561,6.4743,6.4109,6.2303,6.0007,5.7317,5.4361,5.1334,5.1334,4.8566,4.5995,4.4667,4.2566,4.1622,3.8788,3.8034,3.6589,3.5266,3.4219,3.3374,3.2439,3.2204,3.1813,3.1725,3.1712,3.173
5.3922,5.4134,5.4237,5.4277,5.4238,5.422,5.4189,5.3987,5.3448,5.2297,5.062,4.9678,4.7942,4.644,4.5237,4.4272,4.3408,4.3408,4.2635,4.204,4.1786,4.1257,4.0979,4.0099,3.9735,3.8888,3.7892,3.6782,3.5448,3.3227,3.249,3.075,3.0229,3.0124,3.0135
-0.85889,-0.85645,-0.82324,-0.80762,-0.79346,-0.78271,-0.79053,-0.79053,-0.80908,-0.82422,-0.82715,-0.83496,-0.82617,-0.79932,-0.729,-0.65479,-0.66797,-0.64014,-0.59473,-0.61426,-0.61865,-0.62061,-0.51953,-0.53516,-0.40625,-0.38135,-0.18018,-0.14893,0.2666,0.14209,0.49805,0.53906,0.48682,0.78223,0.6543
0.56201,0.48633,0.41797,0.38379,0.39111,0.40186,0.39795,0.39795,0.41211,0.4375,0.43945,0.43359,0.4375,0.43359,0.42236,0.40283,0.4082,0.43018,0.46191,0.51416,0.56543,0.65576,0.74805,0.81689,0.88379,0.89746,1.0303,0.91895,1.062,1.0415,0.78906,0.82715,0.90869,0.97852,0.76318
-0.18555,-0.19043,-0.22314,-0.23877,-0.24268,-0.24512,-0.26123,-0.26123,-0.29346,-0.31494,-0.32422,-0.33838,-0.32422,-0.29883,-0.26563,-0.23047,-0.21729,-0.146,-0.13623,-0.13086,-0.096191,-0.050293,0.033691,0.049805,0.14795,0.125,0.18506,0.15479,0.27295,0.20264,0.24854,0.26611,0.10107,0.25,0.074219
11,-11,30,-24,-6,-29,64,64,-18,-31,-12,-7,6,-21,-6,2,7,-7,-7,4,-8,10,-1,-1,1,-8,-4,0,2,15,-3,-2,-1,-8,7
14,2,5,-11,-7,-9,11,11,2,19,-4,0,11,-12,5,-6,5,1,1,3,-4,16,-9,13,-5,-5,-1,3,-4,0,-3,5,-4,-3,3
4,0,-3,1,-11,-4,2,2,2,11,-1,-1,3,-9,4,-2,3,-1,-1,-2,-2,-2,-2,5,0,1,1,3,-2,0,-1,-2,0,-4,0
-4,-5,2,6,-1,-2,0,0,-2,3,-2,-2,2,-5,2,-2,-2,2,2,-4,-1,-3,-2,1,-1,-2,-2,0,-1,-1,0,0,1,-2,-1
-3,-5,-3,1,-1,-1,-2,-2,-2,1,-3,1,0,-3,-2,4,-1,0,0,0,-1,-3,-2,-1,-2,0,-2,-1,0,-1,1,-2,1,-2,-2
0,-5,1,2,1,0,-4,-4,-3,-1,0,0,-2,0,-1,0,2,-2,-2,-2,-1,-1,-1,0,-1,0,-3,0,0,-2,0,-2,1,-3,0
-2,-3,-1,3,-3,0,0,0,-1,-2,0,-1,-1,-1,0,1,1,0,0,3,-5,-2,-3,1,-2,-1,1,-2,-2,3,-1,-1,0,-3,1
-3,-5,2,-2,-9,-2,6,6,-1,-5,-2,-3,-1,-7,-1,0,3,-1,-1,0,-1,-1,-5,-1,1,0,-1,-2,1,1,-3,-2,6,-4,-2
59.563,52.188,43,30.813,27.25,13.563,5.875,5.875,0.0625,-1.0625,-6.6875,-0.4375,-1.5,-3.4375,-7.0625,-20.563,-28.813,-41.75,-51,-60.375,-62.625,-67.375,-69.375,-70.875,-47.25,-39.188,-26.375,-29.625,15.875,-23.813,-3.25,31.375,43.625,5.5,-26.75
59.563,52.188,43,30.813,27.25,13.563,5.875,5.875,0.0625,-1.0625,-6.6875,-0.4375,-1.5,-3.4375,-7.0625,-20.563,-28.813,-41.75,-51,-60.375,-62.625,-67.375,-69.375,-70.875,-47.25,-39.188,-26.375,-29.625,15.875,-23.813,-3.25,31.375,43.625,5.5,-26.75
59.563,52.188,43,30.813,27.25,13.563,5.875,5.875,0.0625,-1.0625,-6.6875,-0.4375,-1.5,-3.4375,-7.0625,-20.563,-28.813,-41.75,-51,-60.375,-62.625,-67.375,-69.375,-70.875,-47.25,-39.188,-26.375,-29.625,15.875,-23.813,-3.25,31.375,43.625,5.5,-26.75
8.1227,8.214,8.3061,8.3827,8.412,8.4637,8.4711,8.4711,8.479,8.4789,8.4747,8.4777,8.477,8.4695,8.447,8.3876,8.3371,8.1948,8.1072,8.0152,7.8349,7.6597,7.4971,7.3602,7.2617,7.2265,7.1796,7.1216,7.1364,7.1359,7.1304,7.1577,7.2428,7.3017,7.3193
6.4552,6.492,6.5207,6.5402,6.5474,6.5597,6.5607,6.5607,6.5616,6.5622,6.5642,6.5664,6.5673,6.57,6.5705,6.5639,6.5549,6.5197,6.4867,6.4426,6.3321,6.1853,5.9991,5.787,5.5587,5.4445,5.2087,4.877,4.6715,4.4862,4.2908,4.2096,4.0594,3.9122,3.7872
5.1343,5.1746,5.2276,5.2758,5.2932,5.3209,5.3261,5.3261,5.3334,5.3344,5.3355,5.3398,5.3394,5.3342,5.3158,5.2677,5.2268,5.1077,5.0356,4.9637,4.8178,4.6753,4.5418,4.4307,4.3344,4.2903,4.2107,4.1212,4.0625,4.027,3.991,3.9677,3.9024,3.8314,3.7697
-0.80957,-0.76904,-0.77637,-0.771,-0.79541,-0.81689,-0.81055,-0.81152,-0.81641,-0.78027,-0.75391,-0.71436,-0.68799,-0.69189,-0.61572,-0.59473,-0.56348,-0.53271,-0.49121,-0.44336,-0.44971,-0.26709,-0.083008,0.075684,0.093262,0.3501,0.42969,0.64795,0.73535,0.64941,0.81787,0.83203,0.86816,0.79932,0.79883
0.47363,0.45215,0.4707,0.49902,0.49951,0.53174,0.55225,0.55322,0.5293,0.53955,0.53271,0.521,0.51367,0.52393,0.55518,0.61621,0.63672,0.6626,0.74072,0.81055,0.86865,0.93848,0.83496,0.93604,0.98633,0.87988,0.93506,0.86182,0.9126,0.83447,0.7666,0.79883,0.56348,0.60156,0.60986
-0.14404,-0.15186,-0.15625,-0.15332,-0.20605,-0.22852,-0.229,-0.23584,-0.24561,-0.22021,-0.19287,-0.15479,-0.15625,-0.1543,-0.11084,-0.071289,0.0043945,0.0053711,0.099609,0.14111,0.14941,0.25879,0.2417,0.29248,0.26074,0.2832,0.28662,0.2583,0.31396,0.17432,0.19775,0.10498,0.10352,0.072754,0.028809
-5,-3,16,14,-20,-14,-23,2,-4,7,0,-19,1,-20,6,4,-5,-1,-11,-19,1,0,12,-3,2,1,-2,-17,-1,3,2,3,0,-5,-1
0,-5,7,2,2,-1,-8,0,-10,-3,-3,-3,1,2,3,10,1,-7,-12,-1,8,3,1,-4,-2,10,-1,-2,-2,1,4,-1,-6,1,-2
-4,-3,-1,0,-2,-4,-4,-4,-2,-3,-1,0,0,9,-1,2,0,-3,-4,1,0,1,5,-3,0,4,-3,0,-3,-4,4,-6,-2,1,-1
-3,-1,10,-5,-3,2,-8,-4,-4,2,4,0,1,13,-1,-2,2,-2,-1,-3,-2,-4,2,0,-2,0,-1,-1,-1,-1,0,-1,-2,0,0
-3,-1,-1,-1,0,-3,-2,-2,2,-1,-1,1,1,5,0,-1,0,-1,-3,-2,-2,-3,2,-1,-2,-1,-1,-2,1,-2,-1,-2,1,-1,1
-1,0,0,-1,-1,-2,-2,0,-1,1,-2,1,0,-1,-2,-1,0,-1,-3,-3,2,-2,1,0,-1,-1,-3,-1,-3,-2,-1,0,0,-2,-1
0,-2,-1,2,-2,-2,1,-2,-1,0,-2,0,0,0,0,-1,0,-3,-1,-1,1,-2,0,-1,1,-1,1,-1,-1,-1,-1,0,2,0,-1
2,-7,-2,3,-4,-2,-2,-1,-2,2,-1,-1,1,-1,1,-3,-1,0,-3,-4,-2,0,2,-2,0,-1,-3,-1,0,1,0,-2,4,-2,1
33,23.313,18,2.6875,-2.5,-5.375,-3.6875,-4.875,-2.875,-1.6875,-1.9375,-11.25,-17.188,-21.688,-21,-34.188,-47.938,-56.438,-48,-52.875,-60.25,-80.313,-20.938,6.8125,-7.5,4.8125,17.563,14.813,17.813,10.75,5.9375,8.3125,-15.125,-0.0625,-14.938
33,23.313,18,2.6875,-2.5,-5.375,-3.6875,-4.875,-2.875,-1.6875,-1.9375,-11.25,-17.188,-21.688,-21,-34.188,-47.938,-56.438,-48,-52.875,-60.25,-80.313,-20.938,6.8125,-7.5,4.8125,17.563,14.813,17.813,10.75,5.9375,8.3125,-15.125,-0.0625,-14.938
33,23.313,18,2.6875,-2.5,-5.375,-3.6875,-4.875,-2.875,-1.6875,-1.9375,-11.25,-17.188,-21.688,-21,-34.188,-47.938,-56.438,-48,-52.875,-60.25,-80.313,-20.938,6.8125,-7.5,4.8125,17.563,14.813,17.813,10.75,5.9375,8.3125,-15.125,-0.0625,-14.938
8.0374,8.0764,8.0888,8.0973,8.0987,8.0968,8.0947,8.094,8.0952,8.0941,8.0823,8.0531,8.0285,7.9643,7.8828,7.7757,7.6466,7.5082,7.3879,7.3311,7.2275,7.0326,6.9867,6.9928,7.0012,7.0105,7.043,7.0859,7.1082,7.1543,7.2032,7.2489,7.2773,7.3325,7.3897
6.4744,6.4909,6.4948,6.4963,6.4944,6.4906,6.4885,6.4885,6.4906,6.4906,6.488,6.4826,6.4767,6.454,6.4137,6.3455,6.2469,6.1092,5.9346,5.8337,5.6122,5.1251,4.8946,4.7862,4.5815,4.3767,4.1966,4.0186,3.9409,3.8059,3.6768,3.5824,3.5028,3.4497,3.4063
4.9889,5.0023,5.0058,5.0099,5.0145,5.0178,5.0205,5.0223,5.028,5.0269,5.0165,4.9936,4.9753,4.9254,4.8512,4.7572,4.6491,4.5363,4.4261,4.3747,4.2885,4.1851,4.142,4.1222,4.0873,4.0482,4.0115,3.9628,3.9409,3.8934,3.8321,3.7891,3.7307,3.6616,3.5797
-0.78857,-0.78223,-0.79883,-0.82715,-0.8623,-0.86475,-0.84424,-0.81885,-0.78906,-0.76318,-0.79541,-0.81152,-0.80615,-0.82031,-0.81738,-0.78662,-0.72363,-0.59863,-0.52051,-0.53076,-0.54688,-0.51416,-0.46338,-0.44971,-0.27588,-0.18994,-0.26025,0.16992,0.09082,0.34131,0.44873,0.3916,0.54688,0.62891,0.64258
0.7002,0.65283,0.62354,0.51172,0.52295,0.47266,0.45801,0.45166,0.4541,0.43604,0.46973,0.48633,0.51025,0.49561,0.5127,0.49951,0.47314,0.48877,0.52051,0.59766,0.60059,0.69629,0.85352,0.90381,0.94775,1.0806,1.0327,1.0024,1.1274,0.87402,0.91357,1.0366,0.82422,0.81982,0.86377
-0.16455,-0.15576,-0.12061,-0.14355,-0.16113,-0.18213,-0.19922,-0.21289,-0.21143,-0.20996,-0.23145,-0.24023,-0.26563,-0.2832,-0.27393,-0.25244,-0.22021,-0.12207,-0.05127,-0.016113,0.024414,0.033691,0.12988,0.16211,0.22314,0.24072,0.16602,0.3335,0.24268,0.29443,0.28857,0.23291,0.24561,0.20166,0.20557
1,3,6,0,-2,-14,-20,7,-8,-13,-13,21,-1,-30,-20,8,-12,15,-7,16,14,14,-6,-8,-14,-5,-26,6,6,-19,-7,-4,6,-1,-2
21,-12,-24,-2,0,2,-5,-4,9,-13,-10,27,-3,-13,5,0,1,1,20,-8,28,-5,1,5,-14,3,-1,-3,4,-5,-2,1,0,0,3
4,-1,-21,1,1,2,-3,-5,7,-11,-6,5,-2,-12,3,-4,5,-1,8,-4,10,-4,0,3,-4,3,3,-2,1,0,-2,-1,-2,-3,-1
1,-4,-10,2,-6,12,-7,3,1,-6,-3,-3,2,-4,5,0,12,-1,0,4,5,-3,-1,-2,-4,-1,0,0,2,-3,-1,4,0,-6,-2
-3,-2,-4,3,4,3,-2,-3,-1,-2,-4,-2,-1,-5,0,0,6,-2,-2,4,0,0,0,-1,-3,1,-1,0,0,-1,-2,2,0,0,-1
-4,-1,1,1,1,1,-2,-1,-2,-1,-1,0,-2,0,0,-1,3,-1,1,0,0,0,0,-1,-2,0,-1,-3,-1,-1,1,0,-1,-6,-3
-3,-1,-2,0,-1,3,-3,-4,-3,2,-3,-4,-2,-3,-1,0,0,0,0,-1,2,-2,-1,0,-4,1,-4,-1,1,-4,2,-1,-2,-2,-2
-4,-2,-5,1,2,9,-7,-2,-4,5,-4,0,10,-8,-4,-2,-1,1,-1,1,-1,2,-4,-8,-7,2,-15,2,0,-11,-2,5,-2,0,-1
50.875,56.063,48.875,47.688,42.5,29.188,25.313,26.813,9.9375,2.6875,-4.1875,-9.125,-8,-8,-4,-4.3125,-5.875,-30.438,-40.625,-62.5,-68.625,-66.188,-62.563,-68.875,-39.688,-36.188,-53.625,-0.5,-20.313,-11.5,17.313,0.25,-8.25,13.438,4
50.875,56.063,48.875,47.688,42.5,29.188,25.313,26.813,9.9375,2.6875,-4.1875,-9.125,-8,-8,-4,-4.3125,-5.875,-30.438,-40.625,-62.5,-68.625,-66.188,-62.563,-68.875,-39.688,-36.188,-53.625,-0.5,-20.313,-11.5,17.313,0.25,-8.25,13.438,4
50.875,56.063,48.875,47.688,42.5,29.188,25.313,26.813,9.9375,2.6875,-4.1875,-9.125,-8,-8,-4,-4.3125,-5.875,-30.438,-40.625,-62.5,-68.625,-66.188,-62.563,-68.875,-39.688,-36.188,-53.625,-0.5,-20.313,-11.5,17.313,0.25,-8.25,13.438,4
7.8759,7.8993,7.9466,7.9996,8.0619,8.1169,8.1439,8.1977,8.2316,8.2496,8.2531,8.2493,8.235,8.2291,8.2272,8.22,8.1972,8.041,7.9127,7.757,7.669,7.4963,7.3543,7.2262,7.1465,7.1198,7.0617,7.0489,7.0483,7.0401,7.0589,7.0902,7.1001,7.1429,7.1614
6.3076,6.3226,6.3546,6.3939,6.433,6.4647,6.4784,6.5021,6.5158,6.5219,6.5221,6.5208,6.5206,6.5209,6.5215,6.5237,6.5231,6.4689,6.3987,6.288,6.2161,6.0376,5.8229,5.5884,5.3396,5.218,4.9858,4.7665,4.5762,4.3938,4.3152,4.1705,4.0316,3.912,3.8591
5.0124,5.0025,4.9897,4.9946,5.011,5.0376,5.0535,5.084,5.1071,5.1236,5.132,5.1337,5.133,5.1369,5.1369,5.1322,5.1117,4.9789,4.8723,4.7484,4.679,4.5309,4.3989,4.2816,4.1841,4.1444,4.0781,4.0127,3.9678,3.9215,3.8976,3.8566,3.8105,3.7596,3.7336
-0.7251,-0.76611,-0.84717,-0.85498,-0.87256,-0.85352,-0.7998,-0.80273,-0.7876,-0.78027,-0.80859,-0.81592,-0.82129,-0.83057,-0.8584,-0.82568,-0.81592,-0.80762,-0.77979,-0.71338,-0.66113,-0.62793,-0.64258,-0.5918,-0.67041,-0.60889,-0.53467,-0.52051,-0.44043,-0.33594,-0.23242,-0.11719,0,0.04541,0.30322
0.69873,0.66846,0.66895,0.60986,0.59863,0.53418,0.46777,0.44482,0.43506,0.43066,0.45215,0.4502,0.43408,0.4624,0.4751,0.46631,0.47754,0.47559,0.43945,0.45996,0.47314,0.49121,0.54736,0.57813,0.63232,0.67627,0.76611,0.7793,0.84473,0.90283,0.93262,0.98193,0.93555,0.90576,1.0356
-0.23389,-0.229,-0.22705,-0.21631,-0.17529,-0.19092,-0.18799,-0.17871,-0.18311,-0.1958,-0.20898,-0.229,-0.26953,-0.28857,-0.2832,-0.27979,-0.26514,-0.2583,-0.23975,-0.23486,-0.23779,-0.20117,-0.14014,-0.104,-0.055176,0.010742,0.011719,0.037109,0.1084,0.10205,0.1626,0.12842,0.1543,0.15918,0.19727
30,-12,13,14,11,2,-17,5,13,-13,-5,57,-21,-2,16,-5,-10,5,-6,-17,1,-2,8,20,-8,-15,-2,-2,-6,-5,-2,1,12,0,-8
14,-5,11,-3,-1,2,-9,-4,4,-5,-14,-1,-3,-2,6,-2,-1,3,2,-5,3,-10,1,0,-3,-1,2,-7,-4,4,0,-3,-14,1,-1
-1,-3,12,-5,5,0,-1,-6,-4,1,-10,-5,0,0,2,-2,-2,3,0,-1,-1,-1,2,1,-4,2,-5,-2,-1,1,-1,-4,-3,-1,-1
-2,-3,0,-11,5,-2,7,1,-3,0,-1,3,-8,3,4,0,-2,3,-2,-3,-6,2,-2,-1,-3,0,-7,2,0,-1,1,0,0,-1,-2
-2,-1,1,-3,2,1,5,1,-1,-1,-2,1,-2,-1,0,0,-1,0,0,-2,-1,2,1,-1,-1,-1,-5,-1,0,-2,0,-1,0,0,-3
-2,-2,2,-1,-1,-1,0,-4,1,1,-2,2,0,-1,-1,-1,-1,-1,1,-3,-2,-2,1,-1,-1,0,1,-4,-2,0,-2,1,2,-1,-2
-2,3,4,-1,0,-1,-3,-2,3,3,-4,1,-1,0,-2,-2,-3,0,0,-1,-2,-1,0,1,0,0,-2,-2,-2,1,-1,0,2,1,-1
2,2,14,-3,9,2,-6,-3,10,0,2,9,-5,-3,-2,-2,-4,3,-2,0,-3,3,2,5,-6,-3,-3,-3,-3,-2,2,-2,4,-1,0
21.875,40.625,44.813,51.563,45.688,42.875,36.438,31.875,20.188,9.3125,0.6875,-4.5625,-2.25,-0.875,-3.3125,2.25,3,-2.1875,-2.25,-5.4375,-8.125,-12,-17.313,-30.813,-38.563,-40.75,-54,-49.813,-44.125,-45.5,-28.063,-33.938,-13.625,-5.4375,1.25
21.875,40.625,44.813,51.563,45.688,42.875,36.438,31.875,20.188,9.3125,0.6875,-4.5625,-2.25,-0.875,-3.3125,2.25,3,-2.1875,-2.25,-5.4375,-8.125,-12,-17.313,-30.813,-38.563,-40.75,-54,-49.813,-44.125,-45.5,-28.063,-33.938,-13.625,-5.4375,1.25
21.875,40.625,44.813,51.563,45.688,42.875,36.438,31.875,20.188,9.3125,0.6875,-4.5625,-2.25,-0.875,-3.3125,2.25,3,-2.1875,-2.25,-5.4375,-8.125,-12,-17.313,-30.813,-38.563,-40.75,-54,-49.813,-44.125,-45.5,-28.063,-33.938,-13.625,-5.4375,1.25
7.9385,7.9619,7.9937,8.039,8.0925,8.1211,8.1839,8.2409,8.2797,8.2998,8.3078,8.3087,8.3142,8.3123,8.307,8.3065,8.3055,8.2939,8.2772,8.2415,8.2138,8.1366,8.0306,7.9081,7.7809,7.6617,7.5431,7.4902,7.3982,7.3193,7.2695,7.2289,7.2121,7.2137,7.2298
6.3135,6.323,6.3506,6.3919,6.4421,6.4677,6.5114,6.542,6.5618,6.5731,6.578,6.5792,6.5801,6.574,6.5703,6.5697,6.5701,6.5688,6.5702,6.5649,6.5546,6.5188,6.459,6.3707,6.25,6.1078,5.9371,5.8465,5.6563,5.4448,5.2298,5.0067,4.7903,4.6813,4.4643
5.0491,5.0246,4.9999,4.9858,4.9883,4.9952,5.022,5.048,5.0655,5.0753,5.0829,5.0874,5.0978,5.1031,5.0996,5.0963,5.0927,5.0807,5.063,5.0255,4.9974,4.9194,4.8123,4.6939,4.5782,4.4668,4.3658,4.319,4.2273,4.1463,4.0754,4.0119,3.9539,3.9268,3.8738
-0.67627,-0.7168,-0.76025,-0.78418,-0.83008,-0.83301,-0.83105,-0.83984,-0.80859,-0.80615,-0.80615,-0.81152,-0.80811,-0.80957,-0.80762,-0.81055,-0.82129,-0.82227,-0.82178,-0.80029,-0.77344,-0.74072,-0.67236,-0.63916,-0.62012,-0.58936,-0.60303,-0.62842,-0.55615,-0.49121,-0.4165,-0.37305,-0.21045,-0.084961,-0.021484
0.69287,0.68213,0.69775,0.7002,0.65088,0.65381,0.61768,0.50879,0.4834,0.44775,0.44775,0.45557,0.4668,0.45605,0.46484,0.47998,0.47803,0.49756,0.48584,0.48438,0.47607,0.4668,0.47998,0.51611,0.51074,0.52539,0.63867,0.62695,0.7583,0.78955,0.88232,0.93604,0.89307,1.0815,0.95947
-0.15869,-0.16797,-0.21143,-0.19873,-0.23047,-0.18164,-0.15381,-0.1875,-0.18213,-0.2124,-0.2124,-0.22266,-0.23438,-0.24707,-0.27148,-0.26367,-0.2793,-0.27441,-0.28809,-0.27441,-0.26611,-0.23682,-0.19141,-0.15576,-0.13428,-0.10156,-0.040527,0.018555,0.018555,0.07373,0.13477,0.11914,0.17578,0.21631,0.14063
-6,6,15,30,-19,-10,25,-13,-18,-9,-9,8,-14,-6,13,7,-1,-13,11,-26,-10,-1,3,-18,-1,-2,10,2,5,-6,-1,0,1,12,35
-4,-7,8,-2,-10,12,-3,-10,4,14,14,-14,-4,-2,-3,3,-9,-5,6,-9,-1,-4,-4,-2,-1,2,3,-5,2,-5,-4,1,0,2,13
6,-8,-1,-3,-9,2,-7,-5,0,5,5,-9,1,0,-3,5,-6,-6,2,-3,0,-3,-2,-5,0,-3,2,-2,-1,-1,-1,1,-1,-2,4
5,-4,0,-5,-7,-1,1,1,-1,-1,-1,-18,13,-1,2,-1,-9,-4,0,-3,1,0,-3,-4,0,0,-2,-1,-1,6,1,-1,1,-2,0
0,-1,-2,-5,-4,-2,0,-2,-1,1,1,-5,1,-1,-3,0,-2,-1,0,-5,0,-1,-3,-2,-1,-1,1,1,-1,1,0,0,0,-2,-1
0,1,-2,-1,-2,-2,1,-1,-1,1,1,-1,-2,1,-1,-2,0,-1,0,-2,-1,-1,-2,-3,0,-1,-1,11,-3,-8,-2,-3,2,-1,-3
-1,-2,-2,-2,-1,1,5,-11,0,6,6,-7,2,-1,-5,2,-2,-2,-1,-4,1,-1,-3,0,0,-1,0,0,1,-1,-1,0,-2,-2,-2
2,-3,-4,2,-4,-6,9,-17,-5,4,4,-7,10,-4,-6,8,-1,-2,-5,-6,-1,2,-2,-7,1,-2,3,0,5,-3,-1,-4,-5,0,-4
13.625,14.688,35.688,43.938,51.188,63,50.5,42.125,42.813,21.5,21.5,16.688,9.9375,2.5625,1.625,-1.9375,-1.5625,-2.5,-1.3125,-0.6875,-4.0625,-6.1875,-11.188,-27,-30.813,-29.875,-48.313,-58.75,-60.313,-46.938,-43.5,-52.125,-28.125,-14.5,-32.063
13.625,14.688,35.688,43.938,51.188,63,50.5,42.125,42.813,21.5,21.5,16.688,9.9375,2.5625,1.625,-1.9375,-1.5625,-2.5,-1.3125,-0.6875,-4.0625,-6.1875,-11.188,-27,-30.813,-29.875,-48.313,-58.75,-60.313,-46.938,-43.5,-52.125,-28.125,-14.5,-32.063
13.625,14.688,35.688,43.938,51.188,63,50.5,42.125,42.813,21.5,21.5,16.688,9.9375,2.5625,1.625,-1.9375,-1.5625,-2.5,-1.3125,-0.6875,-4.0625,-6.1875,-11.188,-27,-30.813,-29.875,-48.313,-58.75,-60.313,-46.938,-43.5,-52.125,-28.125,-14.5,-32.063
7.8243,7.8313,7.8553,7.8853,7.9324,7.9978,8.0266,8.0886,8.1556,8.246,8.246,8.2624,8.2859,8.3004,8.3074,8.3087,8.3078,8.3067,8.3063,8.3057,8.2952,8.2686,8.2155,8.1193,8.0581,7.9226,7.7698,7.614,7.4761,7.3685,7.3236,7.2394,7.1842,7.1643,7.1375
6.3107,6.3126,6.3252,6.3431,6.37,6.4077,6.4248,6.4589,6.492,6.5271,6.5271,6.5332,6.5399,6.5434,6.5427,6.5411,6.5401,6.54,6.5404,6.5415,6.5408,6.5387,6.5301,6.497,6.4715,6.3996,6.294,6.1498,5.9662,5.7654,5.6575,5.4383,5.2138,5.0003,4.7868
5.219,5.2093,5.1922,5.166,5.1569,5.1506,5.153,5.1742,5.198,5.2445,5.2445,5.2534,5.2679,5.2798,5.2863,5.2883,5.2906,5.2909,5.2928,5.2929,5.2848,5.2604,5.2099,5.1264,5.0728,4.9458,4.8049,4.6742,4.5587,4.4555,4.4085,4.3221,4.2424,4.1706,4.1041
-0.7251,-0.79053,-0.74365,-0.79297,-0.81689,-0.86816,-0.86523,-0.82959,-0.82422,-0.81885,-0.80566,-0.81006,-0.80811,-0.81543,-0.83057,-0.84326,-0.84424,-0.83545,-0.81152,-0.79834,-0.78418,-0.78174,-0.71533,-0.64648,-0.66309,-0.62842,-0.62695,-0.65967,-0.58154,-0.53906,-0.5376,-0.396,-0.30322,-0.30322,-0.21191
0.63623,0.69043,0.71484,0.68799,0.6123,0.56396,0.53613,0.47461,0.46777,0.44336,0.4375,0.43994,0.44385,0.43262,0.45557,0.45898,0.46338,0.47021,0.47852,0.46826,0.45459,0.45313,0.47217,0.47559,0.48975,0.49805,0.60742,0.68262,0.7334,0.86035,0.80615,0.81104,1.0015,1.0015,0.8418
-0.16943,-0.18994,-0.18115,-0.15674,-0.18262,-0.1709,-0.16162,-0.16748,-0.19922,-0.20313,-0.21289,-0.21777,-0.24561,-0.25586,-0.27002,-0.27002,-0.28809,-0.26855,-0.25488,-0.24951,-0.24707,-0.24658,-0.20605,-0.13135,-0.10059,-0.090332,-0.040527,0.00048828,0.042969,0.087402,0.1333,0.1665,0.22168,0.22168,0.19189
-4,12,-13,-9,-64,33,9,-4,-11,6,-8,-4,-4,-2,18,10,-12,-5,-11,-6,43,1,4,1,-20,20,2,0,0,-8,22,-9,-10,-10,8
-11,-14,-2,-2,9,-8,1,3,-6,-1,-6,-7,-1,0,4,-4,-10,0,-9,-6,13,2,2,2,0,2,0,8,0,0,-4,-7,-14,-14,0
-8,-15,-2,-2,-1,-6,0,-4,-2,1,-3,0,-3,-1,-1,-5,-9,-1,-1,-3,4,4,-1,1,3,-2,-4,3,1,-3,0,-5,-4,-4,-1
-4,-6,-1,-1,-4,-2,0,-8,4,-1,-4,0,-3,-5,0,-1,-6,-1,1,-4,-3,2,-6,0,0,-1,-1,-1,-2,-2,2,1,-3,-3,0
0,-4,-1,-3,-1,-2,2,-7,0,2,1,-1,0,-2,-1,-1,-2,-1,0,-1,1,0,1,-2,1,0,-2,-2,-4,-4,-1,1,-1,-1,-1
3,-3,1,-2,-3,0,-4,-4,-1,-1,0,-1,0,-1,-3,-1,-2,-2,0,-1,-2,-5,0,0,-2,-2,-1,-1,0,3,-1,1,-2,-2,0
10,-4,-1,-1,-3,0,-8,1,1,0,-1,-1,0,0,-1,-1,-4,-1,1,1,2,-4,-3,-2,0,0,-1,0,-1,0,-1,1,-1,-1,-1
11,-6,1,-5,-6,4,-11,2,-1,6,0,-2,0,1,6,2,-4,-3,-2,0,6,-5,-2,2,1,0,-1,-1,3,1,3,1,-1,-1,5
7.3125,32.938,39.063,33.688,39.75,37.25,47.125,33.5,26.313,25.813,16.25,9.625,3.6875,2.125,-1.3125,-0.5,-2.875,2.3125,-3.6875,-5.6875,-7.375,-10.875,-13.75,-26.875,-39.188,-40.375,-50.125,-58.563,-50.563,-49.5,-48.375,-32.875,-24.313,-24.313,-38.875
7.3125,32.938,39.063,33.688,39.75,37.25,47.125,33.5,26.313,25.813,16.25,9.625,3.6875,2.125,-1.3125,-0.5,-2.875,2.3125,-3.6875,-5.6875,-7.375,-10.875,-13.75,-26.875,-39.188,-40.375,-50.125,-58.563,-50.563,-49.5,-48.375,-32.875,-24.313,-24.313,-38.875
7.3125,32.938,39.063,33.688,39.75,37.25,47.125,33.5,26.313,25.813,16.25,9.625,3.6875,2.125,-1.3125,-0.5,-2.875,2.3125,-3.6875,-5.6875,-7.375,-10.875,-13.75,-26.875,-39.188,-40.375,-50.125,-58.563,-50.563,-49.5,-48.375,-32.875,-24.313,-24.313,-38.875
7.8177,7.8411,7.8717,7.8981,7.9326,8.0014,8.0715,8.1351,8.1648,8.222,8.2662,8.2957,8.3109,8.3162,8.3202,8.3216,8.3215,8.3206,8.3127,8.2976,8.2868,8.2503,8.1899,8.0877,7.95,7.8742,7.7165,7.5605,7.4251,7.3149,7.266,7.1853,7.1401,7.1401,7.0889
6.3522,6.3614,6.3704,6.3889,6.4169,6.4588,6.499,6.5325,6.5428,6.561,6.5729,6.5773,6.5788,6.5785,6.5739,6.5743,6.5739,6.5756,6.5769,6.575,6.5741,6.5697,6.5588,6.5327,6.4841,6.447,6.3474,6.2175,6.0637,5.8883,5.7964,5.5968,5.3876,5.3876,5.1589
5.1363,5.1238,5.1053,5.0911,5.0811,5.0874,5.1115,5.1408,5.1593,5.1955,5.224,5.2455,5.2563,5.2608,5.2698,5.2716,5.2739,5.2717,5.2646,5.2549,5.2468,5.2163,5.1606,5.0707,4.9541,4.888,4.7515,4.626,4.5097,4.4148,4.3711,4.2854,4.2174,4.2174,4.1621
-0.58154,-0.65625,-0.68848,-0.74316,-0.74219,-0.75391,-0.73291,-0.73291,-0.75781,-0.77295,-0.75537,-0.74854,-0.78076,-0.80371,-0.81543,-0.83105,-0.81006,-0.82178,-0.80957,-0.80566,-0.8042,-0.81104,-0.80127,-0.81787,-0.83008,-0.8335,-0.83789,-0.79883,-0.78271,-0.78271,-0.69434,-0.60107,-0.54199,-0.51514,-0.50439
0.57861,0.66406,0.68115,0.69043,0.65771,0.70068,0.71924,0.71924,0.64307,0.6792,0.65625,0.6748,0.69434,0.6001,0.60254,0.6123,0.5249,0.51855,0.49121,0.47461,0.47998,0.45508,0.48291,0.49512,0.50586,0.50635,0.52051,0.51855,0.51465,0.51465,0.5,0.51367,0.52441,0.58301,0.62012
-0.0053711,-0.038086,-0.070313,-0.10303,-0.12939,-0.14063,-0.1123,-0.1123,-0.14795,-0.16016,-0.14551,-0.15967,-0.1416,-0.12988,-0.15283,-0.11182,-0.14648,-0.16699,-0.18066,-0.19043,-0.17236,-0.20361,-0.19531,-0.21387,-0.22021,-0.23877,-0.22949,-0.21631,-0.2124,-0.2124,-0.1875,-0.17578,-0.1123,-0.03418,0.0092773
20,-13,13,-20,-26,16,29,29,-4,-6,-6,-17,-5,12,-21,4,-13,-3,-35,1,23,-13,-13,-13,-2,32,-1,-16,-1,-1,-14,5,-10,6,-2
13,-5,-4,-7,-5,0,1,1,-3,8,7,-7,-4,13,-6,-8,1,10,0,2,4,-1,1,1,-8,4,0,4,3,3,-8,-4,-1,-1,3
5,-4,-2,-2,-4,-4,-6,-6,-3,3,1,-5,-5,6,-6,-10,2,1,8,1,2,2,1,-2,-4,1,1,2,-4,-4,-6,-3,2,-2,0
0,-1,1,1,-5,-2,-6,-6,-3,-2,-1,-2,-1,11,-7,-6,0,5,11,-10,-1,6,4,-16,3,0,2,4,-1,-1,-2,-1,-1,-4,-3
0,0,3,-2,-2,0,-3,-3,-2,-1,1,0,-1,3,-3,-4,-1,-4,6,-1,-2,0,-1,0,-2,-1,1,-1,0,0,-1,-1,-1,-1,0
-1,1,0,-2,-2,-2,-2,-2,2,2,-1,-1,-1,0,-1,-3,-2,0,-1,0,-1,0,0,1,-1,0,-1,0,0,0,0,-1,0,-1,-1
-1,1,0,-3,0,-3,-5,-5,1,2,1,-5,2,-1,-4,-2,-2,-2,-2,-1,-1,3,-1,-1,-2,0,-4,0,2,2,-2,0,1,-1,1
3,1,6,-6,-5,0,-5,-5,2,0,-2,-8,3,0,-2,-5,-1,-1,-6,-1,-1,-4,0,-6,1,6,-4,-2,-1,-1,-1,0,-2,1,-2
1.1875,-5.75,-2,-5.375,9,16,14.75,14.75,16.625,26.438,25.375,38.125,33.688,36.5,39.063,34.75,30.438,31,20.313,17.75,16.938,3.5625,2.8125,-4.875,-5.3125,-6.375,-2.1875,-0.25,-0.625,-0.625,-1.3125,-11.625,-14.625,-25.438,-35.25
1.1875,-5.75,-2,-5.375,9,16,14.75,14.75,16.625,26.438,25.375,38.125,33.688,36.5,39.063,34.75,30.438,31,20.313,17.75,16.938,3.5625,2.8125,-4.875,-5.3125,-6.375,-2.1875,-0.25,-0.625,-0.625,-1.3125,-11.625,-14.625,-25.438,-35.25
1.1875,-5.75,-2,-5.375,9,16,14.75,14.75,16.625,26.438,25.375,38.125,33.688,36.5,39.063,34.75,30.438,31,20.313,17.75,16.938,3.5625,2.8125,-4.875,-5.3125,-6.375,-2.1875,-0.25,-0.625,-0.625,-1.3125,-11.625,-14.625,-25.438,-35.25
7.6226,7.678,7.6882,7.6878,7.6984,7.7105,7.7346,7.7346,7.7552,7.7781,7.7953,7.8203,7.8462,7.8748,7.8947,7.9361,7.9815,8.0342,8.0785,8.0979,8.1308,8.1465,8.1529,8.1472,8.1426,8.1371,8.1366,8.1325,8.1295,8.1295,8.1118,8.0599,7.9665,7.8342,7.7619
6.2557,6.3023,6.3138,6.316,6.3209,6.3218,6.3198,6.3198,6.3211,6.3257,6.3317,6.3422,6.357,6.3844,6.3996,6.4313,6.4669,6.4963,6.5181,6.5262,6.5398,6.5463,6.5484,6.5439,6.5421,6.5409,6.5413,6.5428,6.5434,6.5434,6.5424,6.525,6.4809,6.392,6.3312
5.0135,5.0895,5.1102,5.1175,5.1234,5.1258,5.1326,5.1326,5.1369,5.1274,5.1109,5.0914,5.0719,5.0596,5.0574,5.0626,5.0775,5.1005,5.123,5.1345,5.1506,5.1625,5.1647,5.1639,5.1643,5.1658,5.1686,5.1669,5.1636,5.1636,5.1436,5.0928,4.9984,4.8672,4.7979
-0.69775,-0.73291,-0.71777,-0.70166,-0.72461,-0.73535,-0.76709,-0.78613,-0.81299,-0.8291,-0.82275,-0.82813,-0.80908,-0.81055,-0.80078,-0.80566,-0.79443,-0.8291,-0.83105,-0.82422,-0.8291,-0.8291,-0.81738,-0.79297,-0.75586,-0.71924,-0.68359,-0.64648,-0.67529,-0.61035,-0.61816,-0.62744,-0.60059,-0.60254,-0.63232
0.65039,0.65186,0.73584,0.7251,0.72314,0.73438,0.69922,0.67529,0.63818,0.58496,0.53857,0.5293,0.50732,0.50391,0.48047,0.47559,0.48633,0.49121,0.51416,0.52393,0.51123,0.51123,0.51709,0.52295,0.52637,0.54248,0.54297,0.54395,0.57959,0.5957,0.64795,0.66895,0.72705,0.82422,0.76758
-0.12158,-0.12598,-0.13379,-0.13818,-0.1377,-0.13477,-0.14697,-0.14746,-0.13721,-0.13428,-0.13477,-0.14209,-0.15234,-0.16504,-0.16553,-0.18457,-0.18848,-0.22852,-0.20752,-0.21289,-0.23193,-0.23193,-0.22363,-0.21729,-0.18799,-0.15771,-0.14551,-0.10156,-0.083984,-0.0039063,0.032715,0.070801,0.14355,0.1665,0.2417
7,7,-7,17,18,-3,-9,2,3,-26,-3,1,-18,-5,-6,6,18,-10,3,1,-21,-21,1,19,5,-17,1,0,-9,-4,24,28,-39,8,-1
-3,25,-2,-2,4,9,-4,0,-9,-1,-7,-5,-5,-2,10,-1,2,-3,12,-5,-4,-4,-6,2,1,6,-2,-7,-8,-6,-10,2,-11,1,5
-5,10,-5,-1,2,-4,-2,-5,-4,-1,-3,-6,-3,1,4,-1,-3,-3,9,-2,-3,-3,-3,0,2,3,-3,-5,-4,-1,-2,-4,-3,-1,6
-2,0,-4,0,3,-1,0,-4,-6,-4,2,-7,-1,9,2,3,0,0,0,0,0,0,0,0,6,1,-1,-4,-4,1,1,-7,0,1,-2
-6,0,-5,2,2,0,0,-2,-1,-2,-2,-3,-4,4,-3,1,1,-1,0,-1,-3,-3,-2,-1,-1,-1,0,-1,-4,-1,1,-1,-1,-1,-4
-2,-1,-1,0,-1,0,-3,-1,-1,-2,-2,0,0,-1,1,1,0,-1,2,-1,-3,-3,-2,-1,2,1,-1,2,-1,0,-2,0,-5,6,3
-1,0,-1,-2,0,-1,-3,-2,-3,-3,0,-3,1,0,1,0,0,-2,0,-1,-1,-1,-2,-1,0,-2,1,1,-1,-3,0,1,0,2,-1
5,2,-4,-4,4,-2,-2,-6,-1,-8,-1,-1,-2,-2,8,1,3,-3,-1,-2,-4,-4,-1,3,-1,-6,1,-1,-3,-3,3,6,-2,3,-6
-3.9375,10.875,19.563,19.5,28.25,37.188,39.313,44.25,52.563,48.188,45.625,40.313,30.938,25.438,17.438,10,1.1875,-1.0625,-2.1875,-4.75,-4.5,-4.5,-3.4375,-4.3125,-5.75,-5.9375,-9,-13.125,-24.063,-23,-34.875,-38.063,-53.313,-93.25,-97.75
-3.9375,10.875,19.563,19.5,28.25,37.188,39.313,44.25,52.563,48.188,45.625,40.313,30.938,25.438,17.438,10,1.1875,-1.0625,-2.1875,-4.75,-4.5,-4.5,-3.4375,-4.3125,-5.75,-5.9375,-9,-13.125,-24.063,-23,-34.875,-38.063,-53.313,-93.25,-97.75
-3.9375,10.875,19.563,19.5,28.25,37.188,39.313,44.25,52.563,48.188,45.625,40.313,30.938,25.438,17.438,10,1.1875,-1.0625,-2.1875,-4.75,-4.5,-4.5,-3.4375,-4.3125,-5.75,-5.9375,-9,-13.125,-24.063,-23,-34.875,-38.063,-53.313,-93.25,-97.75
7.7288,7.733,7.7422,7.7469,7.7583,7.7778,7.8019,7.8181,7.8602,7.9059,7.9584,7.9837,8.0494,8.0676,8.0953,8.1121,8.1185,8.1205,8.1186,8.1161,8.1133,8.1133,8.1112,8.1026,8.0608,8.0174,7.9879,7.9091,7.7979,7.675,7.5431,7.4774,7.3411,7.1929,7.0428
6.3205,6.3225,6.3175,6.3149,6.3129,6.3186,6.3352,6.3472,6.379,6.4121,6.4457,6.4604,6.4967,6.5054,6.5223,6.5317,6.5359,6.535,6.5337,6.5329,6.5331,6.5331,6.5345,6.5331,6.5257,6.515,6.5059,6.477,6.4249,6.3521,6.2467,6.1835,6.03,5.8332,5.6165
5.2447,5.2391,5.223,5.2138,5.1899,5.1612,5.1348,5.1235,5.1041,5.0941,5.0964,5.1006,5.1117,5.1174,5.1258,5.1325,5.1359,5.1399,5.1391,5.1391,5.1427,5.1427,5.1445,5.1389,5.1022,5.0588,5.0293,4.9504,4.8423,4.716,4.586,4.5225,4.3956,4.2881,4.2067
-0.64697,-0.68311,-0.67676,-0.6958,-0.71631,-0.68994,-0.70752,-0.75293,-0.77588,-0.7251,-0.76953,-0.78027,-0.82471,-0.83984,-0.82178,-0.81982,-0.82178,-0.83887,-0.82178,-0.80762,-0.80762,-0.82129,-0.82764,-0.83887,-0.83984,-0.83008,-0.81738,-0.81104,-0.81104,-0.76563,-0.72314,-0.68066,-0.66846,-0.63086,-0.62305
0.63916,0.53857,0.64795,0.61133,0.65186,0.64014,0.66992,0.65283,0.64697,0.69531,0.67578,0.6333,0.62158,0.59912,0.52539,0.54639,0.53955,0.50977,0.50732,0.48193,0.46777,0.48389,0.49414,0.50439,0.51563,0.521,0.50488,0.5,0.5,0.50293,0.49756,0.50684,0.5293,0.5835,0.58154
-0.035156,-0.081055,-0.081055,-0.10791,-0.11426,-0.12842,-0.12695,-0.14893,-0.15479,-0.13965,-0.14893,-0.13965,-0.13184,-0.14355,-0.15283,-0.1665,-0.16699,-0.18066,-0.17285,-0.17725,-0.18262,-0.20166,-0.20557,-0.22168,-0.21533,-0.22559,-0.21729,-0.21924,-0.21924,-0.19141,-0.17822,-0.14502,-0.096191,-0.062988,-0.03125
-2,-12,2,-8,-1,-16,-5,-12,3,10,-14,-16,5,18,-30,-6,3,2,25,6,-14,-31,2,13,-3,-9,-14,-26,-26,-5,-17,-12,-12,0,1
-7,-6,0,1,6,5,9,-7,-30,-4,-14,-1,-5,7,-12,6,-6,1,-4,1,-2,-11,-9,-4,-3,-6,-6,-1,-1,4,12,-7,-5,7,-10
-6,-4,-6,6,1,-4,5,-4,-7,-5,-3,-1,0,4,-10,9,-11,9,-5,-5,1,-2,-4,-5,-2,-3,-1,-1,-1,4,5,-5,-4,1,-6
-7,2,-9,5,1,-6,0,-1,0,1,15,9,14,1,-9,1,-12,28,-5,-7,-1,-6,2,-8,3,4,2,2,2,-3,-3,-10,0,5,0
-3,-6,-3,2,1,-3,1,-1,-2,0,1,0,0,1,-5,4,-4,2,-3,-3,-4,-2,4,-6,-1,1,-2,0,0,-1,-1,-3,-2,2,-4
-2,0,-1,-1,-1,-3,-1,0,0,0,-2,-2,1,-1,-4,2,-2,1,-1,-1,0,-2,1,-3,-1,-3,0,0,0,0,-2,-2,-1,0,-2
0,1,-1,1,-1,-2,0,2,-3,0,-1,-5,1,-4,-6,3,0,-6,1,-2,-2,-2,1,-1,-1,-1,0,-1,-1,-4,-2,-5,0,2,-2
-3,-2,1,10,-9,-7,-8,10,2,-1,-2,-11,0,-4,-21,2,0,-10,4,-3,-5,-10,1,1,-4,-5,0,-8,-8,-4,-5,-4,-1,-1,-1
-12.813,-6.875,-0.3125,-3.4375,-0.8125,3.6875,4.625,1.75,12.813,17.375,27.25,30.813,29.438,28.063,30,27.063,26.125,21.625,21.875,10.188,2.8125,-1,-3.75,-4.25,-0.9375,-2.6875,-1.5,-0.3125,-0.3125,-1.8125,-6.375,-7.6875,-8.5625,-13.75,-20.375
-12.813,-6.875,-0.3125,-3.4375,-0.8125,3.6875,4.625,1.75,12.813,17.375,27.25,30.813,29.438,28.063,30,27.063,26.125,21.625,21.875,10.188,2.8125,-1,-3.75,-4.25,-0.9375,-2.6875,-1.5,-0.3125,-0.3125,-1.8125,-6.375,-7.6875,-8.5625,-13.75,-20.375
-12.813,-6.875,-0.3125,-3.4375,-0.8125,3.6875,4.625,1.75,12.813,17.375,27.25,30.813,29.438,28.063,30,27.063,26.125,21.625,21.875,10.188,2.8125,-1,-3.75,-4.25,-0.9375,-2.6875,-1.5,-0.3125,-0.3125,-1.8125,-6.375,-7.6875,-8.5625,-13.75,-20.375
7.6823,7.7322,7.7706,7.7906,7.8023,7.8041,7.8032,7.8011,7.8049,7.8088,7.8265,7.8463,7.8566,7.8828,7.917,7.9528,7.9912,8.0308,8.0501,8.1054,8.1172,8.1194,8.1163,8.113,8.1126,8.1122,8.112,8.1108,8.1108,8.0945,8.0566,7.9896,7.8919,7.7711,7.7004
6.3158,6.3468,6.3592,6.3667,6.3718,6.3749,6.3744,6.3719,6.3712,6.3685,6.377,6.3989,6.4125,6.4421,6.4724,6.4939,6.5128,6.5299,6.5381,6.5634,6.5677,6.5667,6.565,6.5642,6.5662,6.5669,6.5682,6.5694,6.5694,6.5678,6.5606,6.5424,6.5105,6.4571,6.4177
5.0743,5.1568,5.2087,5.2428,5.2603,5.2588,5.2543,5.2488,5.2381,5.2161,5.2048,5.1858,5.1784,5.1724,5.1742,5.1797,5.1919,5.2104,5.2194,5.2517,5.2599,5.2628,5.2635,5.2646,5.2655,5.2665,5.2686,5.2672,5.2672,5.2492,5.2103,5.1396,5.0351,4.9021,4.828
-0.65479,-0.62109,-0.66357,-0.69141,-0.70605,-0.8042,-0.81396,-0.87646,-0.84717,-0.85205,-0.8418,-0.84863,-0.85156,-0.854,-0.8291,-0.82471,-0.85254,-0.85107,-0.86865,-0.87061,-0.87207,-0.85107,-0.83984,-0.81348,-0.80127,-0.73145,-0.68115,-0.62939,-0.59668,-0.58984,-0.60498,-0.62256,-0.54541,-0.47314,-0.49023
0.59082,0.59863,0.64307,0.69043,0.69238,0.72314,0.70264,0.64502,0.58154,0.55078,0.44873,0.41016,0.39844,0.36719,0.375,0.37207,0.40137,0.43945,0.45166,0.45703,0.44727,0.4458,0.43115,0.41748,0.41846,0.43945,0.45752,0.48877,0.53418,0.57275,0.69287,0.71094,0.73438,0.86719,0.8999
-0.12305,-0.14404,-0.1875,-0.20068,-0.19092,-0.18994,-0.14941,-0.17188,-0.17383,-0.16162,-0.16895,-0.14941,-0.16699,-0.19287,-0.18164,-0.19238,-0.25098,-0.26123,-0.27539,-0.2627,-0.27148,-0.25586,-0.24609,-0.22168,-0.21777,-0.18604,-0.15186,-0.10254,-0.023438,0.01709,0.069336,0.066895,0.15039,0.17725,0.19238
1,-2,-7,1,0,3,4,-1,-6,1,2,-2,2,-1,-3,-3,0,-2,1,-2,-2,2,-1,0,-1,-3,-3,2,-2,-4,-2,1,-2,-2,1
0,-4,-2,-2,9,6,7,-3,-13,3,9,-3,-5,4,-9,-12,1,-3,6,-7,-3,-1,3,3,-10,-8,-3,3,-6,-7,-2,-1,4,0,-1
1,-4,-5,-1,3,1,6,-2,-10,1,5,-3,-7,10,-7,-8,4,-7,-1,-5,-1,-3,7,1,-3,-6,-2,-2,-5,-4,-3,0,1,0,1
0,0,-2,4,1,0,5,-4,-6,3,1,-5,0,3,-6,-7,5,-4,-9,-3,3,-4,0,0,-2,-4,-3,-2,-4,-1,-1,4,0,3,-1
-1,-1,-2,0,0,-2,2,-1,-4,-2,0,-5,-3,1,-2,-3,1,-2,-3,-3,1,-4,1,-1,0,-2,-2,1,-1,-2,-3,2,1,0,-1
-4,-1,1,-2,-2,-1,0,0,1,-3,-1,-2,-1,-2,0,1,-1,-2,0,0,-1,-1,-2,0,0,-1,-2,-1,-1,-1,-3,-1,-2,0,-1
-1,1,-3,-2,-1,-1,-3,0,2,-2,-1,-2,1,-2,0,2,0,0,-1,1,-1,0,-2,-1,-2,-2,-1,2,0,-1,3,-1,-1,-2,-2
1,-3,-5,-2,-4,-3,-4,1,-1,0,1,2,5,1,0,0,0,-3,-1,1,-2,-2,0,-3,0,-2,-1,0,-1,-1,0,-1,2,0,0
-6.5625,2.25,5.0625,12.875,18.25,35.875,46.313,47.625,57.563,51.938,49.438,41.125,36.438,24.938,15.75,-3.25,-10.313,-9.625,-7.9375,-5.625,-1.25,-1.75,-1.625,-1.8125,-2.25,-10.563,-14.688,-25.813,-36,-41.563,-59.125,-70.5,-47.938,-48.688,-64.75
-6.5625,2.25,5.0625,12.875,18.25,35.875,46.313,47.625,57.563,51.938,49.438,41.125,36.438,24.938,15.75,-3.25,-10.313,-9.625,-7.9375,-5.625,-1.25,-1.75,-1.625,-1.8125,-2.25,-10.563,-14.688,-25.813,-36,-41.563,-59.125,-70.5,-47.938,-48.688,-64.75
-6.5625,2.25,5.0625,12.875,18.25,35.875,46.313,47.625,57.563,51.938,49.438,41.125,36.438,24.938,15.75,-3.25,-10.313,-9.625,-7.9375,-5.625,-1.25,-1.75,-1.625,-1.8125,-2.25,-10.563,-14.688,-25.813,-36,-41.563,-59.125,-70.5,-47.938,-48.688,-64.75
7.7954,7.8243,7.8377,7.8353,7.8314,7.8375,7.86,7.9006,7.9616,8.0319,8.1074,8.1807,8.2157,8.2731,8.3095,8.3252,8.3189,8.3065,8.3011,8.292,8.2873,8.2833,8.2751,8.2565,8.2406,8.1533,8.0634,7.939,7.7915,7.714,7.5535,7.3913,7.2636,7.2118,7.1104
6.3642,6.3741,6.3756,6.3689,6.3662,6.3688,6.3891,6.4261,6.4757,6.5265,6.5756,6.6158,6.6315,6.6548,6.67,6.6735,6.6626,6.6549,6.653,6.6533,6.656,6.6577,6.6569,6.655,6.6535,6.6341,6.601,6.538,6.4396,6.3778,6.2257,6.0427,5.8392,5.7287,5.4991
5.0653,5.1021,5.1112,5.0886,5.0685,5.0299,4.9943,4.9807,4.9801,4.9931,5.0188,5.0501,5.068,5.1007,5.1189,5.1352,5.145,5.1424,5.1405,5.1361,5.1338,5.1295,5.1217,5.1021,5.0851,5.0001,4.9121,4.7945,4.6594,4.5897,4.4538,4.3271,4.2082,4.1559,4.07
-0.70459,-0.71045,-0.7666,-0.76807,-0.82178,-0.82813,-0.81152,-0.83105,-0.82861,-0.81934,-0.81201,-0.81201,-0.81055,-0.80615,-0.81104,-0.82617,-0.82617,-0.81836,-0.81104,-0.80957,-0.79639,-0.69922,-0.63525,-0.6748,-0.61377,-0.57568,-0.59082,-0.61426,-0.51172,-0.48291,-0.35596,-0.23975,-0.045898,0.025391,0.081055
0.64404,0.70068,0.6626,0.66895,0.63428,0.59912,0.55566,0.53174,0.51318,0.51416,0.52344,0.49023,0.48682,0.49219,0.49072,0.50049,0.50049,0.50146,0.51074,0.51318,0.50488,0.50635,0.48877,0.50488,0.52393,0.59229,0.63818,0.63135,0.76758,0.87695,0.79199,0.89893,1.0728,1.1299,1.0122
-0.1748,-0.15283,-0.17041,-0.16064,-0.14551,-0.1748,-0.17334,-0.17529,-0.1792,-0.19238,-0.18115,-0.2041,-0.22656,-0.23096,-0.22461,-0.2373,-0.2373,-0.2417,-0.23047,-0.23584,-0.2251,-0.17578,-0.16309,-0.17285,-0.11572,-0.032715,0.015625,0.019043,0.11719,0.095703,0.13916,0.12744,0.15527,0.20996,0.19482
-2,7,3,-4,-5,-1,1,-1,1,-4,8,8,0,-5,-6,-10,-10,0,1,-2,6,-3,-2,-1,-4,-2,0,-5,-4,1,-3,8,-2,-1,-3
-3,0,5,1,-6,-4,2,-1,-3,-4,23,3,3,-3,-19,-15,-15,-1,6,-1,13,-2,-4,-1,-3,-3,1,-8,-4,-6,-1,0,-9,-3,0
0,-1,-1,-1,-6,4,4,1,0,-1,9,1,3,-5,-3,-8,-8,3,2,-2,1,-2,-2,-1,-5,-1,-2,-3,-4,-1,-3,-3,-3,0,0
-1,-2,-2,-1,-2,1,4,0,-1,7,3,-6,3,-1,2,-1,-1,-3,0,3,0,-3,-8,-2,-7,0,1,-1,-1,-1,-2,-1,0,-3,-1
1,-1,-6,-1,-5,2,2,0,-1,-1,4,-3,-3,0,-3,-2,-2,1,-2,0,0,-2,-1,-2,-2,-2,0,-2,-2,-1,-1,0,-3,-1,-1
0,-2,-4,1,-1,-2,-2,-3,-1,-1,1,1,-2,-1,-1,-1,-1,-2,0,-1,-1,0,1,0,-2,-1,-3,-1,0,-2,0,-1,-1,-1,0
0,0,-6,-2,0,-2,-2,0,-2,-2,2,1,-1,-2,-1,0,0,-4,-2,-2,-1,0,-1,-1,-4,-2,0,-2,0,-3,-3,-2,-1,-2,0
2,1,-5,-4,1,0,2,-1,-6,-4,3,0,2,2,-6,-3,-3,-5,1,-3,-1,-2,-1,-3,-4,0,-2,-2,1,0,-4,-3,2,-1,-2
12.813,6.875,21.813,24.625,33.625,31.125,29.063,27.75,26.938,22.5,20.125,10.688,4.6875,-0.375,-0.9375,-2.5,-2.5,-4.3125,-0.25,-4.625,-3.125,-9.8125,-14.188,-24.75,-23.688,-35.188,-53.688,-58.688,-31.5,-60.438,-28.75,22.938,30.438,29.125,-3.4375
12.813,6.875,21.813,24.625,33.625,31.125,29.063,27.75,26.938,22.5,20.125,10.688,4.6875,-0.375,-0.9375,-2.5,-2.5,-4.3125,-0.25,-4.625,-3.125,-9.8125,-14.188,-24.75,-23.688,-35.188,-53.688,-58.688,-31.5,-60.438,-28.75,22.938,30.438,29.125,-3.4375
12.813,6.875,21.813,24.625,33.625,31.125,29.063,27.75,26.938,22.5,20.125,10.688,4.6875,-0.375,-0.9375,-2.5,-2.5,-4.3125,-0.25,-4.625,-3.125,-9.8125,-14.188,-24.75,-23.688,-35.188,-53.688,-58.688,-31.5,-60.438,-28.75,22.938,30.438,29.125,-3.4375
7.8011,7.8167,7.8364,7.8611,7.8905,7.9301,7.9692,7.9906,8.0324,8.0683,8.0987,8.1563,8.1735,8.1786,8.1798,8.1821,8.1821,8.1799,8.1784,8.1724,8.1676,8.1297,8.1038,8.0217,7.9092,7.7652,7.6055,7.525,7.3326,7.2259,7.1483,7.1474,7.1766,7.195,7.2104
6.3654,6.3663,6.3729,6.38,6.3987,6.425,6.4508,6.4632,6.4859,6.5023,6.5148,6.5394,6.5461,6.5459,6.5457,6.5444,6.5444,6.5433,6.543,6.5429,6.5422,6.5335,6.5264,6.4986,6.4531,6.3747,6.2613,6.1888,5.9134,5.6873,5.4414,5.1998,4.9607,4.8487,4.6302
5.0735,5.0739,5.0709,5.0663,5.0612,5.0643,5.0714,5.0785,5.0921,5.1039,5.1151,5.1518,5.1647,5.1696,5.1714,5.1771,5.1771,5.1783,5.1774,5.1742,5.1706,5.1386,5.1171,5.0489,4.9409,4.8045,4.6627,4.5941,4.3951,4.293,4.2031,4.1161,4.0382,4.0051,3.9549
-0.59033,-0.6792,-0.70068,-0.70801,-0.66211,-0.69238,-0.76318,-0.78662,-0.80713,-0.80029,-0.79834,-0.81152,-0.80176,-0.78711,-0.79492,-0.75049,-0.75439,-0.77539,-0.78418,-0.79199,-0.81592,-0.80713,-0.79297,-0.79297,-0.75879,-0.73633,-0.67285,-0.52344,-0.56738,-0.61914,-0.63525,-0.6582,-0.62842,-0.61328,-0.52197
0.64502,0.70068,0.65137,0.63965,0.71729,0.71387,0.75146,0.74805,0.62109,0.56299,0.521,0.50439,0.53174,0.49316,0.4917,0.48877,0.48926,0.49756,0.49609,0.51074,0.52441,0.53857,0.53076,0.51172,0.50928,0.5,0.47949,0.49658,0.4917,0.53857,0.64063,0.68213,0.72656,0.72852,0.79541
-0.047852,-0.083008,-0.11133,-0.16553,-0.16797,-0.2583,-0.18994,-0.17578,-0.16553,-0.18262,-0.19141,-0.22363,-0.25098,-0.23779,-0.25439,-0.24463,-0.26563,-0.27686,-0.29736,-0.29785,-0.30908,-0.30615,-0.30273,-0.32324,-0.28955,-0.27783,-0.21094,-0.16357,-0.16309,-0.091309,-0.064453,-0.046387,0.0078125,0.04834,0.099121
-4,-5,8,-24,3,32,25,-14,34,7,7,-19,13,-1,61,-15,-14,-7,-5,7,-36,-13,-8,-16,23,-9,-23,5,-13,-7,0,5,7,5,-2
7,1,9,6,-2,10,-2,-6,7,7,2,-2,0,0,4,0,-4,2,7,12,5,-10,-4,-8,0,2,1,-8,8,1,-13,2,3,4,-2
4,2,3,1,1,11,-2,3,5,0,2,2,1,-3,1,-2,-3,6,6,6,6,-9,0,-5,-2,3,-5,-3,4,3,-3,0,-1,4,-4
-1,-4,0,1,0,4,-1,0,6,-5,-1,0,-2,-5,-9,-3,-5,5,-8,2,-3,-1,2,3,0,1,-4,1,3,0,-3,-2,-6,3,-1
-2,-2,0,-3,-2,2,-1,2,0,-3,2,1,-4,-3,-2,-4,-1,2,2,0,0,-3,0,0,0,-2,-1,-2,-2,-1,-2,-1,0,0,-2
-1,-2,0,-1,-1,2,-1,1,-1,-1,-2,0,0,-1,0,-1,-2,-1,-1,-2,0,-1,-2,-1,-1,-1,0,-2,-1,-2,-2,-2,-1,0,0
-2,-3,-2,-2,0,6,-1,2,-1,3,-2,3,1,-4,-4,1,-3,1,1,-3,-1,-1,-1,-1,1,-1,0,-1,-3,-2,-2,-1,1,4,-2
1,-4,-4,-5,1,19,2,3,-1,-1,9,6,2,-7,4,-1,-5,0,5,-6,1,-3,1,1,5,-4,-6,-5,-5,-2,-3,-1,-1,2,2
17.688,1.4375,-0.0625,20.5,16.438,20.5,45.563,44.938,43.313,41.438,37.563,34,29.125,22,19.188,12.188,5.5625,-1.1875,-5.5625,-4.25,-5.1875,-2.75,-4.75,0.5625,0.8125,-0.8125,0.125,-20.125,-33.313,-37.625,-54.375,-54.563,-60.438,-56.125,-35.125
17.688,1.4375,-0.0625,20.5,16.438,20.5,45.563,44.938,43.313,41.438,37.563,34,29.125,22,19.188,12.188,5.5625,-1.1875,-5.5625,-4.25,-5.1875,-2.75,-4.75,0.5625,0.8125,-0.8125,0.125,-20.125,-33.313,-37.625,-54.375,-54.563,-60.438,-56.125,-35.125
17.688,1.4375,-0.0625,20.5,16.438,20.5,45.563,44.938,43.313,41.438,37.563,34,29.125,22,19.188,12.188,5.5625,-1.1875,-5.5625,-4.25,-5.1875,-2.75,-4.75,0.5625,0.8125,-0.8125,0.125,-20.125,-33.313,-37.625,-54.375,-54.563,-60.438,-56.125,-35.125
7.7518,7.7734,7.7806,7.8025,7.8184,7.8339,7.874,7.8953,7.9908,8.0422,8.0971,8.1507,8.2013,8.2441,8.2629,8.2897,8.3021,8.3057,8.3017,8.2973,8.2947,8.2922,8.292,8.2981,8.2976,8.2931,8.2712,8.1993,8.1417,7.9166,7.7403,7.6535,7.4872,7.3462,7.241
6.2836,6.2871,6.2914,6.3008,6.301,6.2995,6.3014,6.3053,6.3417,6.3683,6.395,6.4181,6.4322,6.4443,6.4497,6.4566,6.4603,6.4623,6.4632,6.462,6.4618,6.462,6.463,6.467,6.471,6.4727,6.4783,6.4691,6.456,6.3894,6.3007,6.2431,6.1045,5.9349,5.7388
4.971,4.9942,5.0041,5.0099,4.9993,4.989,4.9788,4.9743,4.9682,4.9763,4.9938,5.0129,5.0331,5.0545,5.0646,5.0782,5.0861,5.09,5.0906,5.0905,5.0898,5.0902,5.0951,5.1032,5.1001,5.0949,5.0692,5.0016,4.9539,4.7449,4.586,4.5076,4.3567,4.2264,4.108
-0.62207,-0.64941,-0.62988,-0.69873,-0.66602,-0.69482,-0.73779,-0.80908,-0.81738,-0.81738,-0.81787,-0.82715,-0.82813,-0.83203,-0.83252,-0.82861,-0.81934,-0.81152,-0.80566,-0.81396,-0.83301,-0.83789,-0.84912,-0.84863,-0.83447,-0.8042,-0.7583,-0.67871,-0.64551,-0.64551,-0.63135,-0.63525,-0.62012,-0.646,-0.64014
0.56982,0.58105,0.63721,0.65137,0.75146,0.7041,0.72461,0.68896,0.64746,0.64746,0.63379,0.58203,0.52344,0.49658,0.47559,0.44043,0.41895,0.41504,0.4375,0.42529,0.44531,0.45703,0.46826,0.47998,0.46729,0.46484,0.46484,0.46777,0.4707,0.4707,0.49756,0.50879,0.57422,0.65186,0.67383
-0.04834,-0.07959,-0.068848,-0.11621,-0.14209,-0.18799,-0.19434,-0.18066,-0.17139,-0.17139,-0.1626,-0.17383,-0.18994,-0.18213,-0.19092,-0.20117,-0.22266,-0.23193,-0.21338,-0.24023,-0.26807,-0.26904,-0.2793,-0.26904,-0.26807,-0.26465,-0.25,-0.2207,-0.20557,-0.20557,-0.14209,-0.10254,-0.05127,-0.0058594,0.021484
-5,-1,-2,-1,-1,1,-5,2,-5,-5,0,0,-1,-6,0,6,-1,1,-7,-5,-3,-3,-3,-4,-1,-3,0,-2,-1,-1,1,-1,-3,0,2
-10,0,-3,10,-1,6,-3,8,-3,-3,4,7,-5,-5,1,22,7,9,-14,-14,-5,-2,-2,-10,-4,-3,2,3,5,5,-3,3,-1,1,12
-10,-1,-2,2,-3,0,-2,0,-3,-3,2,5,-3,-7,-2,16,6,-2,-7,-9,-7,-2,-3,-7,-3,0,0,3,3,3,-2,-1,0,-3,4
-6,-1,-4,2,-3,-1,0,-1,0,0,-6,3,1,-6,-7,8,-4,2,-2,-9,-6,-2,0,-7,-1,2,-1,3,0,0,0,-1,-4,-3,0
0,-2,-3,-2,-3,-2,-1,2,-4,-4,-2,0,-1,-4,1,1,1,-2,0,-3,-1,1,-2,-3,-4,0,0,-1,0,0,0,-3,-2,-2,0
1,0,0,0,-3,0,-2,2,-1,-1,-2,1,-1,-2,0,0,1,-1,-2,-2,0,-1,0,-1,-1,0,0,0,-2,-2,-2,-1,-1,-1,-1
1,-1,1,0,-1,1,0,-1,-1,-1,-1,-2,-1,1,-1,1,-1,-1,-1,1,1,-1,-3,0,-1,-1,0,0,2,2,-1,-1,-2,-1,-3
-2,-2,-2,-13,-1,3,-1,-1,-1,-1,3,0,1,-2,-1,0,0,5,-4,-3,0,-2,-3,-4,-3,-3,0,-1,1,1,1,-4,-4,-1,-2
2.25,11.75,10.688,0.875,13.688,17.375,36.5,38.875,41.25,41.25,47.25,43.875,40.375,40.25,30.875,25.063,15.5,14.375,6.125,-5.4375,-1.5,-5.5,-2.75,-1.0625,-4.125,-1.25,-1.625,-6.875,-8.75,-8.75,-16.688,-23.625,-42.25,-51,-55
2.25,11.75,10.688,0.875,13.688,17.375,36.5,38.875,41.25,41.25,47.25,43.875,40.375,40.25,30.875,25.063,15.5,14.375,6.125,-5.4375,-1.5,-5.5,-2.75,-1.0625,-4.125,-1.25,-1.625,-6.875,-8.75,-8.75,-16.688,-23.625,-42.25,-51,-55
2.25,11.75,10.688,0.875,13.688,17.375,36.5,38.875,41.25,41.25,47.25,43.875,40.375,40.25,30.875,25.063,15.5,14.375,6.125,-5.4375,-1.5,-5.5,-2.75,-1.0625,-4.125,-1.25,-1.625,-6.875,-8.75,-8.75,-16.688,-23.625,-42.25,-51,-55
7.6922,7.7467,7.7652,7.7897,7.8189,7.8275,7.8521,7.881,7.8962,7.8962,7.9418,7.9937,8.0543,8.0867,8.1484,8.2315,8.2734,8.2897,8.3051,8.3041,8.3051,8.2999,8.2961,8.2951,8.2927,8.29,8.2728,8.2296,8.1981,8.1981,8.1019,8.0381,7.8087,7.6513,7.5726
6.2742,6.3038,6.3091,6.3172,6.3161,6.3159,6.3241,6.3439,6.3585,6.3585,6.3941,6.4379,6.4819,6.5025,6.5372,6.5747,6.5897,6.5948,6.6,6.5992,6.5968,6.5949,6.5941,6.5946,6.5959,6.5968,6.5945,6.5835,6.5722,6.5722,6.5341,6.5052,6.3768,6.2552,6.1836
4.8455,4.907,4.9254,4.9541,4.9547,4.9424,4.9244,4.904,4.8938,4.8938,4.8848,4.8889,4.9081,4.921,4.9496,4.9964,5.0231,5.0331,5.0408,5.0446,5.0486,5.0469,5.0465,5.0458,5.0468,5.045,5.0265,4.9827,4.951,4.951,4.8567,4.7967,4.5894,4.4508,4.3816
-0.41016,-0.49951,-0.50977,-0.55078,-0.58691,-0.60938,-0.64648,-0.67432,-0.67432,-0.69629,-0.73096,-0.73926,-0.74756,-0.73877,-0.79736,-0.80664,-0.82031,-0.83984,-0.83594,-0.83252,-0.83154,-0.81592,-0.7998,-0.79443,-0.81494,-0.8042,-0.81299,-0.83643,-0.82324,-0.84717,-0.84717,-0.84131,-0.83008,-0.81738,-0.79736
0.78076,0.7168,0.69287,0.62939,0.60107,0.63037,0.62939,0.63525,0.63525,0.67188,0.65137,0.62646,0.68848,0.77246,0.65186,0.63818,0.62695,0.57813,0.54199,0.49219,0.48242,0.48633,0.4585,0.48438,0.46973,0.47217,0.48535,0.50537,0.52832,0.51709,0.51709,0.5127,0.50684,0.49561,0.48389
0.16992,0.087402,0.060059,0.025391,-0.030762,-0.040527,-0.081543,-0.12012,-0.12012,-0.15576,-0.1709,-0.16602,-0.16113,-0.13867,-0.14209,-0.16113,-0.16846,-0.16748,-0.16309,-0.1792,-0.17676,-0.17578,-0.18896,-0.16895,-0.19434,-0.19922,-0.22021,-0.24805,-0.24854,-0.25732,-0.25732,-0.24707,-0.2334,-0.23291,-0.21777
-7,-20,2,61,-18,25,14,-14,-14,7,-16,-8,-9,9,3,-37,38,-42,9,22,-8,-17,-40,2,11,0,7,-4,-14,45,45,-14,-8,2,-1
-17,-13,3,17,3,4,-1,-5,-2,1,-2,-13,1,0,-1,-4,-7,-2,9,3,-14,5,-9,-2,5,-11,0,-7,-4,-10,-10,1,8,7,-5
-10,-9,-1,8,3,-2,-1,2,1,-1,-1,-7,7,-3,-1,-3,-1,-1,4,0,-5,-1,-6,-1,0,-4,-4,4,-2,-6,-6,0,5,1,-2
-9,0,-9,0,2,-8,4,4,2,-13,3,1,7,2,-2,-3,-2,-2,3,1,-1,-1,-5,0,1,-1,-1,4,-3,0,0,-5,7,0,-4
-2,-2,-2,3,-3,-2,-4,0,-1,-4,-2,-2,2,1,-1,-5,-2,0,1,-1,-2,-3,-4,-1,-1,0,-2,0,-2,-4,-4,-2,1,-2,1
-1,-1,0,-1,-1,-1,1,-1,-1,0,-2,-1,0,-2,-3,-2,0,-2,-2,0,-1,-1,-3,-2,-1,-1,-1,0,-1,-3,-3,0,-1,0,-1
-1,-3,-1,1,-1,1,1,-2,0,-1,-3,-2,1,-1,-1,-5,2,-4,1,2,-1,-1,-3,-2,0,-2,-3,-1,0,0,0,-1,-1,1,-2
1,-5,0,9,0,2,7,0,-3,0,-4,-3,1,-2,0,-7,10,-7,4,1,0,-2,-7,-1,2,-2,-7,1,-2,8,8,-4,-1,-1,0
28.625,29.188,22.125,4.375,9.4375,5.0625,-4.9375,2.6875,2.6875,10.313,10.25,19.313,40.875,29.375,28.375,32.75,36.438,38.438,34.75,31.313,29.625,23.063,19.25,10.438,-1.25,-0.5,-9,-7.8125,-3.1875,-2.5,-2.5,0.0625,1.9375,1.6875,4.5625
28.625,29.188,22.125,4.375,9.4375,5.0625,-4.9375,2.6875,2.6875,10.313,10.25,19.313,40.875,29.375,28.375,32.75,36.438,38.438,34.75,31.313,29.625,23.063,19.25,10.438,-1.25,-0.5,-9,-7.8125,-3.1875,-2.5,-2.5,0.0625,1.9375,1.6875,4.5625
28.625,29.188,22.125,4.375,9.4375,5.0625,-4.9375,2.6875,2.6875,10.313,10.25,19.313,40.875,29.375,28.375,32.75,36.438,38.438,34.75,31.313,29.625,23.063,19.25,10.438,-1.25,-0.5,-9,-7.8125,-3.1875,-2.5,-2.5,0.0625,1.9375,1.6875,4.5625
7.3003,7.4518,7.5007,7.5816,7.6558,7.7118,7.7434,7.7648,7.7648,7.7817,7.7931,7.7992,7.8205,7.839,7.854,7.867,7.9039,7.947,7.9937,8.0428,8.065,8.1053,8.1363,8.1552,8.1581,8.1592,8.1546,8.1482,8.1483,8.1508,8.1508,8.1534,8.1617,8.1657,8.1639
5.8856,6.0893,6.1401,6.2211,6.2772,6.3146,6.3342,6.3457,6.3457,6.3503,6.3519,6.3527,6.3529,6.3524,6.3693,6.3822,6.4093,6.4407,6.4707,6.4979,6.509,6.5253,6.5364,6.5435,6.5468,6.5481,6.5483,6.5453,6.5446,6.5462,6.5462,6.5474,6.5503,6.553,6.557
4.2924,4.4764,4.5361,4.6469,4.7422,4.8128,4.8604,4.8867,4.8867,4.8971,4.8949,4.8872,4.8613,4.8344,4.817,4.8099,4.8055,4.8068,4.8166,4.8326,4.84,4.8548,4.8669,4.8724,4.8762,4.8781,4.8811,4.8845,4.8887,4.8945,4.8945,4.8969,4.9033,4.9053,4.8976
0.84717,0.69922,0.61084,0.4502,0.28857,-0.027344,-0.13135,-0.23096,-0.32275,-0.41357,-0.43896,-0.48193,-0.5415,-0.59961,-0.66455,-0.69971,-0.69824,-0.68408,-0.7334,-0.73096,-0.73389,-0.71387,-0.76074,-0.81934,-0.81396,-0.81152,-0.80127,-0.80078,-0.79492,-0.79102,-0.8042,-0.79248,-0.7998,-0.8125,-0.81006
0.88672,0.98584,1.0215,1.0586,1.0244,0.79053,0.76709,0.6958,0.69238,0.69287,0.65771,0.64746,0.65674,0.64795,0.6665,0.62451,0.68506,0.66602,0.73096,0.70557,0.71143,0.69873,0.67334,0.68652,0.66064,0.58008,0.51074,0.50732,0.52979,0.49268,0.50049,0.52881,0.48242,0.51416,0.52393
0.22559,0.31543,0.31348,0.34814,0.36621,0.28467,0.26514,0.2207,0.18848,0.085938,0.099121,0.015625,0.036621,0.0058594,-0.025391,-0.054688,-0.063965,-0.080078,-0.10596,-0.10742,-0.13525,-0.12256,-0.14697,-0.12061,-0.1123,-0.13086,-0.15967,-0.1748,-0.16309,-0.18506,-0.1958,-0.18896,-0.21533,-0.2334,-0.21533
12,15,-14,-3,-18,-14,7,-13,-6,11,-26,0,-21,18,2,-11,4,-11,-12,18,12,8,-10,4,10,-19,-13,5,10,3,-4,-8,8,-13,39
9,-12,-6,4,-12,-7,-18,1,-2,5,12,-5,5,26,10,-8,-3,-6,-14,4,15,-4,-6,-2,-4,-14,3,-10,14,0,-3,2,1,8,2
4,-6,-6,1,-5,0,-12,-5,-1,-2,7,-4,-2,5,6,-1,-1,-1,-9,2,1,-2,-2,-2,-5,-4,1,-6,10,-2,-3,2,0,1,-3
7,-15,-11,-1,-1,2,-6,-4,4,-8,-5,-25,0,7,1,-3,-1,3,-3,-1,-3,-1,5,-3,-22,-1,-1,2,0,-1,-3,1,-4,-4,-1
1,-3,0,1,0,0,-2,-3,-1,-2,-2,-1,-2,1,1,-1,1,0,-1,-1,0,-1,-2,-2,-2,-2,-1,-3,2,-1,-1,0,-3,-4,0
-1,1,5,2,1,-2,-2,-1,0,-1,1,0,-2,0,-3,-2,-1,-2,-1,-2,0,-1,1,1,0,-1,-2,-2,2,0,-2,0,-3,-2,0
-2,1,3,-2,0,-2,0,-2,1,-4,0,-1,-4,-1,-4,0,0,0,-1,-3,-2,0,0,2,0,-1,-1,-3,3,1,-3,-1,-3,-1,0
1,0,4,-3,-5,-4,1,-5,0,-6,-6,-4,-3,1,1,-2,0,-3,-1,0,2,-2,-4,6,-2,-2,0,-3,3,3,-4,-4,-3,-5,4
30.063,35.25,36.625,28.75,12.313,18.188,21.063,21,47.938,34.875,20.063,24.5,6.6875,7.5625,3.875,1.4375,1.125,4.4375,17.5,19.125,23.75,36.063,39.938,48.188,46.938,45.313,33,35.5,24.063,15.25,12.063,1.6875,-2.875,-4,-3.6875
30.063,35.25,36.625,28.75,12.313,18.188,21.063,21,47.938,34.875,20.063,24.5,6.6875,7.5625,3.875,1.4375,1.125,4.4375,17.5,19.125,23.75,36.063,39.938,48.188,46.938,45.313,33,35.5,24.063,15.25,12.063,1.6875,-2.875,-4,-3.6875
30.063,35.25,36.625,28.75,12.313,18.188,21.063,21,47.938,34.875,20.063,24.5,6.6875,7.5625,3.875,1.4375,1.125,4.4375,17.5,19.125,23.75,36.063,39.938,48.188,46.938,45.313,33,35.5,24.063,15.25,12.063,1.6875,-2.875,-4,-3.6875
7.1252,7.0706,7.0541,7.0342,7.0196,7.0295,7.072,7.1016,7.1988,7.3136,7.4126,7.5059,7.567,7.6109,7.6426,7.6608,7.6702,7.6735,7.6926,7.7039,7.7181,7.7384,7.7656,7.823,7.8445,7.9273,7.976,8.0221,8.0567,8.078,8.0963,8.1038,8.1064,8.1068,8.1016
3.7166,3.9441,4.0737,4.3563,4.6631,5.1351,5.4308,5.567,5.8064,5.9973,6.123,6.206,6.252,6.2775,6.2939,6.3033,6.3031,6.3021,6.3025,6.3032,6.3042,6.3086,6.3203,6.3501,6.3637,6.4122,6.4383,6.4587,6.4732,6.4846,6.4943,6.4979,6.5004,6.5007,6.5007
3.4604,3.5957,3.6584,3.7723,3.8797,4.0414,4.1518,4.2112,4.3364,4.4645,4.5884,4.6885,4.7653,4.8197,4.8587,4.8828,4.8913,4.8926,4.8817,4.8681,4.8504,4.8261,4.8016,4.7739,4.7692,4.7762,4.7892,4.7985,4.8034,4.8085,4.8133,4.8153,4.8225,4.8254,4.8249
-0.11621,-0.27441,-0.34375,-0.38184,-0.46094,-0.52246,-0.53516,-0.55713,-0.65283,-0.65283,-0.66455,-0.66504,-0.68945,-0.70898,-0.67041,-0.68359,-0.73291,-0.72363,-0.729,-0.7251,-0.76123,-0.77295,-0.77539,-0.79785,-0.80029,-0.79834,-0.81299,-0.81836,-0.80273,-0.81689,-0.79639,-0.80176,-0.78467,-0.80078,-0.80713
0.87109,0.85156,0.69482,0.77441,0.75635,0.68018,0.69531,0.7207,0.68604,0.68604,0.64258,0.70654,0.62939,0.68164,0.68652,0.68359,0.7041,0.70068,0.71045,0.68652,0.67773,0.66162,0.65332,0.62744,0.62354,0.61865,0.57813,0.57373,0.54248,0.52588,0.52637,0.49609,0.51855,0.52686,0.53564
0.23193,0.21191,0.15186,0.18994,0.10107,0.066406,0.062988,0.068359,-0.02002,-0.02002,-0.048828,-0.067871,-0.084473,-0.098145,-0.079102,-0.088379,-0.10986,-0.11963,-0.12646,-0.10449,-0.10352,-0.10645,-0.1084,-0.14258,-0.13623,-0.15479,-0.14502,-0.15234,-0.15381,-0.17236,-0.15918,-0.17773,-0.17334,-0.18018,-0.18994
-1,-16,-1,-7,-1,-6,-8,28,-22,-22,60,-24,-3,7,-3,15,0,-15,1,8,4,-15,-28,-5,-23,-32,-11,85,-11,9,-32,-4,-15,2,-16
2,-8,-1,5,-4,2,3,-11,-14,-14,11,2,-3,14,-16,-4,-4,5,8,19,27,-9,-6,-7,-3,-2,2,2,-2,-14,-18,1,-6,5,26
0,-8,1,8,-2,-7,-2,-9,3,3,1,2,-2,3,-8,2,-5,3,2,8,17,-1,2,-2,-1,-5,-5,-6,-1,-5,-3,1,-1,1,10
7,-4,1,12,-3,-10,-4,2,6,6,-2,-4,-4,-1,-5,1,-1,-3,-2,-4,7,-2,2,3,5,0,-5,-19,9,3,13,3,1,1,-1
0,-4,1,4,-3,-3,-1,-4,1,1,0,-4,1,1,-2,0,-2,-1,0,-2,2,-1,3,-1,-1,-3,-4,-2,-1,-2,-3,0,0,2,1
0,-1,-2,1,0,0,-1,-2,0,0,0,0,1,-2,-2,1,-1,-1,2,-2,0,-1,1,-2,-2,-1,-1,-2,0,1,-1,-2,-3,1,-1
1,-1,2,2,-2,-2,-1,0,1,1,3,-1,-2,-2,-2,-2,-1,-3,1,-1,0,0,2,-3,-1,-1,0,3,-2,-3,0,1,0,0,-3
0,0,1,2,-5,-5,-3,0,3,3,11,-1,-2,0,1,1,3,-4,1,1,0,-2,8,-4,-4,-6,-2,15,-5,-2,-1,0,-2,-1,-6
43.125,29.875,26.5,46.063,21.875,17.313,17.063,11.563,0.5,0.5,8.8125,2.1875,3.0625,13.563,9.4375,11.125,11.188,16.625,21.875,23.125,19.875,26.625,23.313,22.813,30.938,30.75,27.063,25.188,21.063,19.188,16.563,8.1875,5.8125,-2.5625,-4.625
43.125,29.875,26.5,46.063,21.875,17.313,17.063,11.563,0.5,0.5,8.8125,2.1875,3.0625,13.563,9.4375,11.125,11.188,16.625,21.875,23.125,19.875,26.625,23.313,22.813,30.938,30.75,27.063,25.188,21.063,19.188,16.563,8.1875,5.8125,-2.5625,-4.625
43.125,29.875,26.5,46.063,21.875,17.313,17.063,11.563,0.5,0.5,8.8125,2.1875,3.0625,13.563,9.4375,11.125,11.188,16.625,21.875,23.125,19.875,26.625,23.313,22.813,30.938,30.75,27.063,25.188,21.063,19.188,16.563,8.1875,5.8125,-2.5625,-4.625
7.0578,7.1219,7.1895,7.2896,7.3785,7.4517,7.5199,7.5464,7.5911,7.5911,7.6327,7.6631,7.6793,7.7007,7.7084,7.7124,7.7208,7.7274,7.7412,7.7524,7.7545,7.7619,7.773,7.7909,7.8059,7.8397,7.8889,7.9234,7.9604,7.9968,8.0111,8.033,8.046,8.0467,8.0445
5.3405,5.5648,5.7489,5.897,6.0115,6.0921,6.149,6.1711,6.2139,6.2139,6.2504,6.2723,6.2891,6.3022,6.3042,6.305,6.3067,6.3087,6.3142,6.3221,6.3276,6.3418,6.3568,6.3724,6.3839,6.4065,6.4368,6.4554,6.4726,6.4888,6.4953,6.5036,6.5068,6.5058,6.5053
4.0486,4.1417,4.241,4.3461,4.4493,4.5428,4.6233,4.6574,4.7223,4.7223,4.7729,4.8068,4.8284,4.8356,4.8312,4.8284,4.8215,4.8067,4.7929,4.7733,4.7617,4.7369,4.7147,4.7049,4.7013,4.6971,4.7019,4.7098,4.7259,4.7443,4.7507,4.7648,4.7712,4.7743,4.7766
-0.38867,-0.44287,-0.4541,-0.51758,-0.5,-0.60889,-0.62354,-0.65918,-0.67432,-0.68994,-0.71289,-0.70996,-0.70557,-0.73682,-0.71582,-0.72705,-0.74707,-0.78906,-0.81738,-0.83301,-0.81641,-0.82227,-0.81055,-0.81299,-0.80908,-0.80518,-0.80566,-0.80908,-0.81982,-0.81299,-0.81299,-0.80762,-0.79297,-0.79297,-0.77832
0.84424,0.83252,0.71387,0.73486,0.58057,0.6543,0.65967,0.58496,0.66406,0.62061,0.625,0.68066,0.65088,0.67627,0.6792,0.67432,0.65479,0.62451,0.62256,0.59473,0.59277,0.54541,0.51904,0.50732,0.48047,0.49658,0.47656,0.479,0.49365,0.50342,0.5083,0.50391,0.50586,0.50586,0.50684
0.10449,0.061523,0.076172,0.070313,0.0043945,-0.0083008,-0.031738,-0.092285,-0.096191,-0.13232,-0.16162,-0.17725,-0.17334,-0.18408,-0.17383,-0.18652,-0.16553,-0.12939,-0.13965,-0.16309,-0.17578,-0.20313,-0.2207,-0.20361,-0.22217,-0.20752,-0.20117,-0.21826,-0.21924,-0.24268,-0.24316,-0.24658,-0.24658,-0.24658,-0.22461
16,31,1,48,5,-21,11,30,-21,9,11,-10,11,26,9,-15,20,16,-33,53,10,6,-11,-20,0,-2,22,-3,5,-3,-5,-9,35,35,-34
15,4,7,2,-9,-3,2,6,-3,4,25,3,-8,15,11,4,-13,24,4,6,9,-2,-3,-20,-4,18,4,-6,5,7,-11,0,-1,-1,15
2,-3,-4,0,-2,-1,-1,12,0,-1,7,2,-4,5,3,2,-6,15,0,8,12,2,-2,-5,-2,10,1,-4,1,3,-6,2,-1,-1,4
0,-2,-6,6,5,12,-3,1,-4,-12,2,-2,0,3,1,1,-3,3,-1,2,12,3,-2,-1,0,3,7,-3,2,-1,-3,6,1,1,0
0,0,-2,2,1,-1,0,2,-3,-4,1,-1,-2,1,-1,-1,-2,2,-2,3,2,1,-3,0,-1,0,2,-4,0,-3,-2,2,1,1,1
-1,-1,-2,1,2,-1,-1,1,0,-2,2,0,-2,-1,0,0,-2,0,-1,2,1,0,-1,0,-3,-2,2,-1,-1,-1,-2,-4,-1,-1,-1
-2,1,0,0,-1,-2,-2,1,0,0,-1,-1,-2,0,-1,0,-3,0,-4,4,1,0,-2,2,1,0,2,-1,-1,-4,-1,-1,0,0,-2
2,6,-1,7,0,-7,0,5,-5,2,1,-2,0,7,-1,-2,-1,2,-6,10,3,1,-4,1,0,1,4,-2,1,-2,-2,1,4,4,-5
39.875,36.75,41.188,31.5,20.813,27.063,13.063,15.875,4.625,-1.4375,11.313,5.75,12.438,14.625,14.438,16.125,29.25,27.188,23.875,24.375,23.688,23.438,22.063,18.188,15,12,1.5,0.6875,-1.875,-1.9375,-4.4375,-2.5625,-3.1875,-3.1875,-2.0625
39.875,36.75,41.188,31.5,20.813,27.063,13.063,15.875,4.625,-1.4375,11.313,5.75,12.438,14.625,14.438,16.125,29.25,27.188,23.875,24.375,23.688,23.438,22.063,18.188,15,12,1.5,0.6875,-1.875,-1.9375,-4.4375,-2.5625,-3.1875,-3.1875,-2.0625
39.875,36.75,41.188,31.5,20.813,27.063,13.063,15.875,4.625,-1.4375,11.313,5.75,12.438,14.625,14.438,16.125,29.25,27.188,23.875,24.375,23.688,23.438,22.063,18.188,15,12,1.5,0.6875,-1.875,-1.9375,-4.4375,-2.5625,-3.1875,-3.1875,-2.0625
7.2596,7.314,7.4309,7.5428,7.6304,7.7156,7.745,7.805,7.8296,7.8356,7.8518,7.8557,7.8604,7.865,7.8676,7.8645,7.8743,7.8805,7.8911,7.9137,7.9481,8.0117,8.0803,8.0999,8.135,8.1629,8.1749,8.1832,8.1858,8.1893,8.1889,8.1871,8.1812,8.1812,8.1686
5.8471,5.9258,6.0521,6.1421,6.2083,6.2565,6.2729,6.3112,6.3238,6.3285,6.3363,6.3355,6.3336,6.333,6.3289,6.3278,6.3372,6.3543,6.3776,6.407,6.4364,6.472,6.502,6.51,6.5222,6.5309,6.5364,6.5411,6.5426,6.5451,6.5469,6.5483,6.5482,6.5482,6.5458
4.1731,4.2369,4.3634,4.4853,4.5862,4.6713,4.705,4.7702,4.7934,4.8023,4.8114,4.8115,4.7987,4.793,4.7729,4.746,4.7168,4.6857,4.6639,4.6598,4.668,4.6996,4.7364,4.748,4.7692,4.7848,4.7953,4.8045,4.8087,4.8157,4.8194,4.821,4.8171,4.8171,4.8045
-0.44922,-0.5249,-0.52637,-0.5752,-0.59326,-0.62988,-0.6333,-0.63672,-0.66797,-0.70703,-0.69043,-0.70264,-0.72705,-0.67627,-0.69336,-0.74023,-0.76953,-0.79248,-0.80859,-0.80713,-0.80566,-0.79443,-0.80273,-0.80273,-0.8042,-0.79102,-0.80469,-0.80273,-0.80811,-0.80615,-0.80664,-0.80566,-0.79932,-0.80273,-0.77148
0.72998,0.80908,0.72363,0.67334,0.63428,0.61279,0.66992,0.68555,0.68408,0.67969,0.7085,0.68506,0.64209,0.74121,0.72363,0.70605,0.69141,0.61426,0.58789,0.54443,0.57129,0.53223,0.51807,0.49609,0.49365,0.48633,0.50732,0.50684,0.52344,0.51953,0.53857,0.54688,0.53906,0.53271,0.51807
0.11914,0.043457,0.04248,-0.020996,-0.054199,-0.075684,-0.10889,-0.088379,-0.10791,-0.15479,-0.13232,-0.15723,-0.20801,-0.16455,-0.16357,-0.16992,-0.15381,-0.19287,-0.16309,-0.17676,-0.17725,-0.19482,-0.19824,-0.20605,-0.20508,-0.2124,-0.24365,-0.2373,-0.2627,-0.25439,-0.25635,-0.25,-0.26025,-0.25488,-0.23145
14,-22,-12,-21,3,-6,7,-10,-12,16,8,-8,6,23,-16,15,0,28,-4,-3,32,-4,-6,-3,-6,7,14,0,22,-10,4,17,-7,17,-17
1,-4,-6,0,-1,-1,-9,5,-4,1,11,-8,-8,-5,0,0,-9,1,-4,1,10,1,-2,-6,-7,-1,1,-4,-6,5,-2,-2,-1,-9,2
-3,4,2,-3,-1,-3,-2,3,0,-4,4,-7,-7,-1,1,0,-8,-1,-5,-4,2,-1,-2,-6,-3,-5,-4,-2,-5,-1,0,-2,-1,-3,1
-7,5,-2,-2,-2,-2,-6,4,1,-3,3,-5,-2,0,1,-1,-5,-2,-1,-3,5,-4,-3,-2,-7,-2,-12,5,-9,1,1,7,-1,1,7
2,-1,-5,-3,0,0,-2,1,0,-3,0,-2,-2,0,-1,0,-3,-2,-1,0,0,-2,-3,-2,-3,0,-1,-1,0,-1,0,-3,-1,-1,-1
14,-5,-3,-4,-1,-1,-1,-2,0,1,-1,-1,-1,-1,-2,-1,0,-1,0,0,1,-2,-2,-1,-2,-2,-2,-2,2,-1,-2,-3,-1,0,0
-1,-3,-1,-2,-1,-2,-2,-1,1,0,-1,-2,0,0,-2,-1,-1,1,1,-3,0,-2,-3,-2,-1,0,0,0,0,0,-1,-1,0,0,-1
3,-4,-3,-3,0,-2,0,-1,-1,0,2,-2,2,3,-4,0,-1,4,-1,0,5,1,-4,-5,-3,-2,2,-1,3,-2,0,0,-2,7,-4
51.625,31.375,20.375,20.063,11.875,13.875,11.063,5.6875,0.5625,5.375,6.3125,1.5625,14.813,19.688,18.125,29.125,31.375,32.938,29.188,32.625,31.813,24.125,18.375,14.313,11.875,7.1875,1,-0.75,-3.375,-1.125,-1,0.4375,0.125,2.6875,3.75
51.625,31.375,20.375,20.063,11.875,13.875,11.063,5.6875,0.5625,5.375,6.3125,1.5625,14.813,19.688,18.125,29.125,31.375,32.938,29.188,32.625,31.813,24.125,18.375,14.313,11.875,7.1875,1,-0.75,-3.375,-1.125,-1,0.4375,0.125,2.6875,3.75
51.625,31.375,20.375,20.063,11.875,13.875,11.063,5.6875,0.5625,5.375,6.3125,1.5625,14.813,19.688,18.125,29.125,31.375,32.938,29.188,32.625,31.813,24.125,18.375,14.313,11.875,7.1875,1,-0.75,-3.375,-1.125,-1,0.4375,0.125,2.6875,3.75
7.3898,7.4913,7.5299,7.6097,7.6796,7.7321,7.7698,7.779,7.7901,7.7984,7.8071,7.8079,7.8175,7.8267,7.8292,7.8446,7.8637,7.8895,7.9603,7.9812,8.0235,8.0609,8.0958,8.1276,8.14,8.1598,8.1689,8.1742,8.1746,8.1758,8.1725,8.171,8.1715,8.1708,8.164
5.9569,6.0561,6.0949,6.1634,6.2136,6.2502,6.2673,6.2714,6.2775,6.2841,6.2873,6.2882,6.2911,6.2848,6.2788,6.2866,6.3039,6.3294,6.3905,6.4075,6.4369,6.4607,6.4794,6.4929,6.4976,6.5033,6.5019,6.5024,6.5017,6.5023,6.5018,6.5013,6.5018,6.503,6.5056
4.3414,4.4437,4.49,4.5825,4.6632,4.7181,4.7504,4.7601,4.7753,4.7814,4.7802,4.7792,4.7723,4.7501,4.7273,4.7066,4.6831,4.6695,4.6571,4.6603,4.6685,4.6806,4.6976,4.7161,4.7236,4.7367,4.7447,4.7505,4.7548,4.7573,4.7545,4.7526,4.7514,4.7472,4.7334
-0.49365,-0.56104,-0.5708,-0.58496,-0.60547,-0.64258,-0.67773,-0.70264,-0.7124,-0.71729,-0.73193,-0.73779,-0.75244,-0.72559,-0.74951,-0.76953,-0.80029,-0.80029,-0.80957,-0.81152,-0.84033,-0.84766,-0.83643,-0.83057,-0.82324,-0.82422,-0.82422,-0.81738,-0.80713,-0.8208,-0.81152,-0.81396,-0.81836,-0.81982,-0.81787
0.74023,0.69678,0.67725,0.66406,0.6377,0.61572,0.63428,0.63574,0.62256,0.63086,0.66064,0.65869,0.63721,0.67188,0.67969,0.67432,0.64746,0.64746,0.63477,0.60986,0.57471,0.56201,0.54004,0.51514,0.50879,0.49854,0.49854,0.49121,0.4917,0.49316,0.49658,0.49316,0.50098,0.50391,0.51367
0.14063,0.088867,0.073242,0.040527,0.0087891,-0.022949,-0.047363,-0.074707,-0.090332,-0.099609,-0.11279,-0.11426,-0.14795,-0.13623,-0.15088,-0.13232,-0.13135,-0.13135,-0.14111,-0.13281,-0.15186,-0.15039,-0.15137,-0.15479,-0.18457,-0.17822,-0.17822,-0.18066,-0.18799,-0.20557,-0.20215,-0.22168,-0.22607,-0.22021,-0.2168
-1,0,-2,-5,-2,1,-2,-2,0,2,-1,1,-2,-1,4,2,-3,-3,-3,4,-2,4,-5,1,0,-7,-7,6,-4,1,-1,-2,1,-1,0
-5,-6,1,-9,-6,2,-8,-1,4,2,-6,-7,-8,4,23,6,-8,-8,-7,20,-4,-3,-12,3,-14,-8,-8,22,-11,-2,-7,-8,5,6,-4
-1,2,-1,-7,-3,5,-10,-3,-1,6,-4,-5,-7,3,19,5,-7,-7,0,15,-3,-7,-5,3,-9,-9,-9,14,-5,-2,-5,-1,6,4,-2
-1,2,-3,-1,-2,-1,-4,-1,1,-1,-2,-2,-3,1,6,1,-2,-2,-2,6,-4,-7,-1,2,-1,-9,-9,3,-1,-5,-4,-1,3,1,1
-2,0,-1,0,-1,0,-2,-3,1,-1,-1,-2,-1,-1,1,0,-2,-2,-2,2,1,-1,-1,1,-3,-6,-6,2,-2,0,-1,-1,0,0,-1
-1,1,-1,-1,-2,1,-1,-4,0,0,0,0,0,-1,1,-1,-3,-3,-1,0,-1,0,-3,1,-2,-1,-1,-4,-2,0,0,-1,-2,-1,0
0,-2,-2,1,-2,-1,0,-1,3,0,0,0,0,-2,1,0,-1,-1,-1,-2,-2,-2,-1,0,-4,1,1,-3,-3,0,-2,0,-1,-1,0
-2,-2,0,3,-2,-3,-1,-1,1,1,-2,2,-2,-1,1,-3,0,0,-1,2,-2,-2,-3,-2,-4,0,0,0,1,-1,-2,-3,-2,1,-1
31.563,26.813,22.438,15.688,8.9375,0.5625,1,-2.625,-1.5625,1.875,-0.0625,-1.375,6.125,11.5,12.5,21.875,26.438,26.438,27.063,29.438,31,32.75,30.75,26.125,22.5,14.938,14.938,12.5,7.8125,2.4375,-1.1875,-3.5,-4.25,-2.625,-2.625
31.563,26.813,22.438,15.688,8.9375,0.5625,1,-2.625,-1.5625,1.875,-0.0625,-1.375,6.125,11.5,12.5,21.875,26.438,26.438,27.063,29.438,31,32.75,30.75,26.125,22.5,14.938,14.938,12.5,7.8125,2.4375,-1.1875,-3.5,-4.25,-2.625,-2.625
31.563,26.813,22.438,15.688,8.9375,0.5625,1,-2.625,-1.5625,1.875,-0.0625,-1.375,6.125,11.5,12.5,21.875,26.438,26.438,27.063,29.438,31,32.75,30.75,26.125,22.5,14.938,14.938,12.5,7.8125,2.4375,-1.1875,-3.5,-4.25,-2.625,-2.625
7.3192,7.4147,7.5015,7.54,7.6061,7.6578,7.6922,7.7175,7.7357,7.7438,7.7591,7.7607,7.7669,7.7736,7.7762,7.7865,7.8006,7.8006,7.8083,7.8303,7.8672,7.9125,7.9353,7.9789,8.0205,8.0696,8.0696,8.0839,8.1071,8.1219,8.13,8.1319,8.1302,8.1283,8.1216
6.0054,6.1132,6.1932,6.2254,6.2758,6.3116,6.3353,6.3514,6.3635,6.3673,6.3704,6.3707,6.3726,6.3715,6.3706,6.3743,6.3941,6.3941,6.4032,6.424,6.4467,6.4702,6.4818,6.5015,6.5164,6.5345,6.5345,6.5395,6.548,6.5544,6.5602,6.5624,6.5627,6.563,6.564
4.1497,4.2545,4.3527,4.398,4.4778,4.5477,4.5949,4.6314,4.6594,4.6688,4.685,4.6881,4.6891,4.6798,4.6733,4.6253,4.5872,4.5872,4.5773,4.564,4.566,4.578,4.5847,4.601,4.62,4.6445,4.6445,4.6536,4.6695,4.6841,4.694,4.7005,4.7031,4.7023,4.697
